local_path,split,label_hint,eval_label,eval_label_strength,dominant_category,all_categories,pred_class,confidence,accept_prob,reject_prob,gate_action,weak_label_match
images/reject_weak/taco_00000_Glass_bottle_5e600256.jpg,,reject_weak,reject,weak_reject_category,Glass bottle,Glass bottle,reject,0.827683,0.172317,0.827683,reject,True
images/reject_weak/taco_00001_Meal_carton_607d7928.jpg,,reject_weak,reject,weak_reject_category,Meal carton,Meal carton|Other carton,reject,0.839627,0.160373,0.839627,reject,True
images/reject_weak/taco_00002_Clear_plastic_bottle_b4e51370.jpg,,reject_weak,reject,weak_reject_category,Clear plastic bottle,Clear plastic bottle|Plastic bottle cap,reject,0.732537,0.267463,0.732537,reject,True
images/reject_weak/taco_00003_Clear_plastic_bottle_2d11562c.jpg,,reject_weak,reject,weak_reject_category,Clear plastic bottle,Clear plastic bottle|Plastic bottle cap|Drink can,accept,0.719071,0.719071,0.280929,reject,False
images/reject_weak/taco_00004_Drink_can_0acc8519.jpg,,reject_weak,reject,weak_reject_category,Drink can,Drink can,reject,0.912238,0.087762,0.912238,reject,True
images/reject_weak/taco_00005_Food_Can_21593e35.jpg,,reject_weak,reject,weak_reject_category,Food Can,Food Can|Other plastic bottle|Plastic bottle cap|Pop tab,accept,0.583811,0.583811,0.416189,reject,False
images/reject_weak/taco_00006_Aerosol_d5272d73.jpg,,reject_weak,reject,weak_reject_category,Aerosol,Aerosol,reject,0.597582,0.402418,0.597582,reject,True
images/reject_weak/taco_00007_Clear_plastic_bottle_13c98895.jpg,,reject_weak,reject,weak_reject_category,Clear plastic bottle,Clear plastic bottle|Plastic bottle cap,accept,0.745939,0.745939,0.254061,reject,False
images/reject_weak/taco_00008_Clear_plastic_bottle_2ec94819.jpg,,reject_weak,reject,weak_reject_category,Clear plastic bottle,Clear plastic bottle,accept,0.548131,0.548131,0.451869,reject,False
images/reject_weak/taco_00009_Food_Can_72309f9a.jpg,,reject_weak,reject,weak_reject_category,Food Can,Food Can|Glass cup|Pop tab,reject,0.675022,0.324978,0.675022,reject,True
images/accept_weak/taco_00010_Other_plastic_wrapper_f25aac4c.jpg,,accept_weak,accept,weak_accept_category,Other plastic wrapper,Glass bottle|Other plastic wrapper,accept,0.653367,0.653367,0.346633,reject,True
images/accept_weak/taco_00011_Styrofoam_piece_64f00c2c.jpg,,accept_weak,accept,weak_accept_category,Styrofoam piece,Styrofoam piece|Drink can|Plastic film|Other carton|Other plastic,accept,0.608191,0.608191,0.391809,reject,True
images/reject_weak/taco_00012_Other_plastic_bottle_acae0878.jpg,,reject_weak,reject,weak_reject_category,Other plastic bottle,Other plastic bottle|Clear plastic bottle|Glass bottle|Drink carton|Plastic bottle cap|Metal bottle cap,reject,0.665434,0.334566,0.665434,reject,True
images/accept_weak/taco_00013_Plastic_film_b37220fc.jpg,,accept_weak,accept,weak_accept_category,Plastic film,Clear plastic bottle|Plastic bottle cap|Plastic film|Disposable food container,accept,0.778132,0.778132,0.221868,accept,True
images/reject_weak/taco_00014_Other_plastic_bottle_8f340bb6.jpg,,reject_weak,reject,weak_reject_category,Other plastic bottle,Other plastic bottle,accept,0.577995,0.577995,0.422005,reject,False
images/reject_weak/taco_00015_Other_plastic_bottle_b95ce2fe.jpg,,reject_weak,reject,weak_reject_category,Other plastic bottle,Other plastic bottle|Plastic bottle cap,reject,0.589133,0.410867,0.589133,reject,True
images/reject_weak/taco_00016_Aerosol_ad15261b.jpg,,reject_weak,reject,weak_reject_category,Aerosol,Aerosol|Normal paper,reject,0.505391,0.494609,0.505391,reject,True
images/reject_weak/taco_00017_Paper_cup_8c1bde81.jpg,,reject_weak,reject,weak_reject_category,Paper cup,Paper cup,accept,0.916527,0.916527,0.083473,accept,False
images/reject_weak/taco_00018_Drink_can_2ee92ad2.jpg,,reject_weak,reject,weak_reject_category,Drink can,Drink can,accept,0.561336,0.561336,0.438664,reject,False
images/reject_weak/taco_00019_Drink_can_86a1bab2.jpg,,reject_weak,reject,weak_reject_category,Drink can,Drink can|Pop tab,accept,0.567053,0.567053,0.432948,reject,False
images/reject_weak/taco_00020_Food_Can_24bc0222.jpg,,reject_weak,reject,weak_reject_category,Food Can,Food Can|Pop tab,reject,0.743515,0.256485,0.743515,reject,True
images/reject_weak/taco_00021_Food_Can_6a60e8ee.jpg,,reject_weak,reject,weak_reject_category,Food Can,Food Can|Pop tab,reject,0.933864,0.066136,0.933864,reject,True
images/reject_weak/taco_00022_Drink_can_bb8d4e60.jpg,,reject_weak,reject,weak_reject_category,Drink can,Drink can|Pop tab,reject,0.589516,0.410484,0.589516,reject,True
images/reject_weak/taco_00023_Aerosol_d8ceb03f.jpg,,reject_weak,reject,weak_reject_category,Aerosol,Aerosol|Other plastic bottle|Plastic bottle cap,reject,0.916660,0.083340,0.916660,reject,True
images/reject_weak/taco_00024_Aerosol_7deb7cd2.jpg,,reject_weak,reject,weak_reject_category,Aerosol,Aerosol,reject,0.679975,0.320025,0.679975,reject,True
images/accept_weak/taco_00025_Other_plastic_wrapper_0cbf168a.jpg,,accept_weak,accept,weak_accept_category,Other plastic wrapper,Glass bottle|Other plastic wrapper,accept,0.704905,0.704905,0.295095,reject,True
images/accept_weak/taco_00026_Other_plastic_wrapper_42f17c1f.jpg,,accept_weak,accept,weak_accept_category,Other plastic wrapper,Glass bottle|Other plastic wrapper,accept,0.633827,0.633827,0.366173,reject,True
images/reject_weak/taco_00027_Clear_plastic_bottle_ac5a2bf9.jpg,,reject_weak,reject,weak_reject_category,Clear plastic bottle,Clear plastic bottle|Drink can|Pop tab|Plastic bottle cap,accept,0.661249,0.661249,0.338751,reject,False
images/reject_weak/taco_00028_Drink_can_9fdba6dc.jpg,,reject_weak,reject,weak_reject_category,Drink can,Drink can|Clear plastic bottle,accept,0.519243,0.519243,0.480757,reject,False
images/reject_weak/taco_00029_Drink_can_a9207c56.jpg,,reject_weak,reject,weak_reject_category,Drink can,Drink can,reject,0.687798,0.312202,0.687798,reject,True
images/accept_weak/taco_00030_Disposable_food_container_f2a1c540.jpg,,accept_weak,accept,weak_accept_category,Disposable food container,Disposable food container|Cigarette,reject,0.606500,0.393500,0.606500,reject,False
images/reject_weak/taco_00031_Drink_can_80d91479.jpg,,reject_weak,reject,weak_reject_category,Drink can,Drink can,accept,0.563914,0.563914,0.436086,reject,False
images/reject_weak/taco_00032_Drink_can_cdbec646.jpg,,reject_weak,reject,weak_reject_category,Drink can,Drink can,reject,0.732747,0.267253,0.732747,reject,True
images/reject_weak/taco_00033_Food_Can_194a86a7.jpg,,reject_weak,reject,weak_reject_category,Food Can,Food Can|Pop tab,reject,0.852378,0.147622,0.852378,reject,True
images/accept_weak/taco_00034_Single-use_carrier_bag_2c538ead.jpg,,accept_weak,accept,weak_accept_category,Single-use carrier bag,Drink can|Single-use carrier bag,accept,0.637788,0.637788,0.362212,reject,True
images/accept_weak/taco_00035_Tissues_362ce883.jpg,,accept_weak,accept,weak_accept_category,Tissues,Aerosol|Normal paper|Tissues|Toilet tube,reject,0.597660,0.402340,0.597660,reject,False
images/reject_weak/taco_00036_Clear_plastic_bottle_c4df50d9.jpg,,reject_weak,reject,weak_reject_category,Clear plastic bottle,Clear plastic bottle,accept,0.583168,0.583168,0.416832,reject,False
images/reject_weak/taco_00037_Glass_bottle_aeb3bdb7.jpg,,reject_weak,reject,weak_reject_category,Glass bottle,Glass bottle,accept,0.573094,0.573094,0.426906,reject,False
images/accept_weak/taco_00038_Plastic_film_2a3bbdcd.jpg,,accept_weak,accept,weak_accept_category,Plastic film,Plastic film|Crisp packet,accept,0.627387,0.627387,0.372613,reject,True
images/reject_weak/taco_00039_Glass_bottle_e8e50576.jpg,,reject_weak,reject,weak_reject_category,Glass bottle,Glass bottle,reject,0.678737,0.321263,0.678737,reject,True
images/reject_weak/taco_00040_Glass_bottle_9f235a83.jpg,,reject_weak,reject,weak_reject_category,Glass bottle,Glass bottle,reject,0.909100,0.090900,0.909100,reject,True
images/reject_weak/taco_00041_Drink_can_0d800339.jpg,,reject_weak,reject,weak_reject_category,Drink can,Drink can|Pop tab|Normal paper,accept,0.594949,0.594949,0.405051,reject,False
images/reject_weak/taco_00042_Drink_can_a2887150.jpg,,reject_weak,reject,weak_reject_category,Drink can,Drink can,accept,0.692644,0.692644,0.307356,reject,False
images/reject_weak/taco_00043_Other_plastic_bottle_c1d03c6c.jpg,,reject_weak,reject,weak_reject_category,Other plastic bottle,Other plastic bottle|Glass cup,accept,0.503691,0.503691,0.496309,reject,False
images/reject_weak/taco_00044_Food_Can_128aae8f.jpg,,reject_weak,reject,weak_reject_category,Food Can,Food Can|Pop tab,reject,0.949857,0.050143,0.949857,reject,True
images/reject_weak/taco_00045_Food_Can_4b84c54b.jpg,,reject_weak,reject,weak_reject_category,Food Can,Food Can,reject,0.517826,0.482174,0.517826,reject,True
images/reject_weak/taco_00046_Food_Can_767ef223.jpg,,reject_weak,reject,weak_reject_category,Food Can,Food Can|Pop tab,reject,0.883991,0.116009,0.883991,reject,True
images/reject_weak/taco_00047_Plastic_lid_8647eb70.jpg,,reject_weak,reject,weak_reject_category,Plastic lid,Plastic lid|Metal lid|Egg carton,reject,0.525558,0.474442,0.525558,reject,True
images/reject_weak/taco_00048_Egg_carton_455f715b.jpg,,reject_weak,reject,weak_reject_category,Egg carton,Egg carton,accept,0.581364,0.581364,0.418636,reject,False
images/reject_weak/taco_00049_Egg_carton_63e49dbc.jpg,,reject_weak,reject,weak_reject_category,Egg carton,Egg carton,accept,0.523000,0.523000,0.477000,reject,False
images/accept_weak/taco_00050_Cigarette_827ad755.jpg,,accept_weak,accept,weak_accept_category,Cigarette,Plastic straw|Cigarette,accept,0.817724,0.817724,0.182276,accept,True
images/reject_weak/taco_00051_Drink_can_fa3606f3.jpg,,reject_weak,reject,weak_reject_category,Drink can,Drink can,accept,0.716671,0.716671,0.283329,reject,False
images/reject_weak/taco_00052_Drink_can_e9327a60.jpg,,reject_weak,reject,weak_reject_category,Drink can,Drink can,accept,0.641343,0.641343,0.358657,reject,False
images/reject_weak/taco_00053_Other_carton_48d7c97e.jpg,,reject_weak,reject,weak_reject_category,Other carton,Other carton,accept,0.618130,0.618130,0.381870,reject,False
images/accept_weak/taco_00054_Crisp_packet_ca8da98c.jpg,,accept_weak,accept,weak_accept_category,Crisp packet,Crisp packet|Normal paper|Cigarette,accept,0.643587,0.643587,0.356413,reject,True
images/reject_weak/taco_00055_Drink_can_cbed140f.jpg,,reject_weak,reject,weak_reject_category,Drink can,Drink can,accept,0.606463,0.606463,0.393536,reject,False
images/accept_weak/taco_00056_Cigarette_6e4b6816.jpg,,accept_weak,accept,weak_accept_category,Cigarette,Paper cup|Cigarette,accept,0.769380,0.769380,0.230620,accept,True
images/accept_weak/taco_00057_Cigarette_cba6c284.jpg,,accept_weak,accept,weak_accept_category,Cigarette,Plastic straw|Cigarette,accept,0.973776,0.973776,0.026224,accept,True
images/reject_weak/taco_00058_Paper_bag_e2b1c057.jpg,,reject_weak,reject,weak_reject_category,Paper bag,Paper bag,accept,0.800237,0.800237,0.199763,accept,False
images/reject_weak/taco_00059_Paper_bag_9f37daa0.jpg,,reject_weak,reject,weak_reject_category,Paper bag,Paper bag,accept,0.981337,0.981337,0.018663,accept,False
images/accept_weak/taco_00060_Cigarette_808f9f41.jpg,,accept_weak,accept,weak_accept_category,Cigarette,Clear plastic bottle|Plastic bottle cap|Cigarette,accept,0.815205,0.815205,0.184795,accept,True
images/accept_weak/taco_00061_Crisp_packet_8654a8db.jpg,,accept_weak,accept,weak_accept_category,Crisp packet,Crisp packet,reject,0.768936,0.231064,0.768936,reject,False
images/reject_weak/taco_00062_Paper_cup_b70ff0a3.jpg,,reject_weak,reject,weak_reject_category,Paper cup,Paper cup|Plastic lid,reject,0.749101,0.250899,0.749101,reject,True
images/reject_weak/taco_00063_Disposable_plastic_cup_5fbcee6a.jpg,,reject_weak,reject,weak_reject_category,Disposable plastic cup,Disposable plastic cup|Plastic lid|Drink can,reject,0.730127,0.269873,0.730127,reject,True
images/accept_weak/taco_00064_Cigarette_5d338456.jpg,,accept_weak,accept,weak_accept_category,Cigarette,Plastic straw|Broken glass|Cigarette,accept,0.594794,0.594794,0.405206,reject,True
images/accept_weak/taco_00065_Plastic_utensils_9d6bc2b1.jpg,,accept_weak,accept,weak_accept_category,Plastic utensils,Plastic utensils|Cigarette,accept,0.619683,0.619683,0.380317,reject,True
images/accept_weak/taco_00066_Cigarette_8b2f61d8.jpg,,accept_weak,accept,weak_accept_category,Cigarette,Paper bag|Cigarette,accept,0.642711,0.642711,0.357289,reject,True
images/accept_weak/taco_00067_Tissues_989d3a10.jpg,,accept_weak,accept,weak_accept_category,Tissues,Food Can|Glass jar|Metal lid|Tissues,reject,0.641510,0.358490,0.641510,reject,False
images/reject_weak/taco_00068_Food_Can_5e06f5de.jpg,,reject_weak,reject,weak_reject_category,Food Can,Food Can|Food waste,reject,0.618115,0.381885,0.618115,reject,True
images/reject_weak/taco_00069_Metal_bottle_cap_63a61735.jpg,,reject_weak,reject,weak_reject_category,Metal bottle cap,Squeezable tube|Metal bottle cap,reject,0.639059,0.360941,0.639059,reject,True
images/accept_weak/taco_00070_Other_plastic_wrapper_f1c60c66.jpg,,accept_weak,accept,weak_accept_category,Other plastic wrapper,Other carton|Spread tub|Other plastic wrapper,accept,0.592883,0.592883,0.407117,reject,True
images/reject_weak/taco_00071_Spread_tub_70d283da.jpg,,reject_weak,reject,weak_reject_category,Spread tub,Spread tub,reject,0.632345,0.367655,0.632345,reject,True
images/accept_weak/taco_00072_Plastic_film_7db8dcc3.jpg,,accept_weak,accept,weak_accept_category,Plastic film,Plastic film|Food waste,reject,0.578331,0.421669,0.578331,reject,False
images/accept_weak/taco_00073_Single-use_carrier_bag_d3cc4a34.jpg,,accept_weak,accept,weak_accept_category,Single-use carrier bag,Single-use carrier bag|Shoe,accept,0.674517,0.674517,0.325483,reject,True
images/accept_weak/taco_00074_Garbage_bag_cc5dec47.jpg,,accept_weak,accept,weak_accept_category,Garbage bag,Garbage bag,accept,0.617033,0.617033,0.382967,reject,True
images/accept_weak/taco_00075_Other_plastic_wrapper_bb64b0b7.jpg,,accept_weak,accept,weak_accept_category,Other plastic wrapper,Drink can|Clear plastic bottle|Pop tab|Other plastic wrapper|Plastic film|Aluminium foil|Normal paper|Plastic bottle cap,accept,0.616714,0.616714,0.383286,reject,True
images/accept_weak/taco_00076_Other_plastic_wrapper_9e2bddf6.jpg,,accept_weak,accept,weak_accept_category,Other plastic wrapper,Clear plastic bottle|Other plastic wrapper|Metal bottle cap|Plastic bottle cap|Pop tab,accept,0.622925,0.622925,0.377075,reject,True
images/reject_weak/taco_00077_Plastic_lid_c9c2a8cc.jpg,,reject_weak,reject,weak_reject_category,Plastic lid,Six pack rings|Plastic lid,accept,0.592513,0.592513,0.407488,reject,False
images/reject_weak/taco_00080_Paper_straw_1384911c.jpg,,reject_weak,reject,weak_reject_category,Paper straw,Paper straw|Glass cup,reject,0.790278,0.209722,0.790278,reject,True
images/reject_weak/taco_00081_Corrugated_carton_cdff2416.jpg,,reject_weak,reject,weak_reject_category,Corrugated carton,Corrugated carton|Food waste|Unlabeled litter,reject,0.702245,0.297755,0.702245,reject,True
images/reject_weak/taco_00082_Battery_f0fee36f.jpg,,reject_weak,reject,weak_reject_category,Battery,Aluminium blister pack|Battery|Aerosol|Plastic bottle cap|Squeezable tube,accept,0.529907,0.529907,0.470093,reject,False
images/accept_weak/taco_00083_Plastic_film_71e6f5bf.jpg,,accept_weak,accept,weak_accept_category,Plastic film,Plastic film,accept,0.713903,0.713903,0.286097,reject,True
images/reject_weak/taco_00084_Other_plastic_bottle_29d6819f.jpg,,reject_weak,reject,weak_reject_category,Other plastic bottle,Toilet tube|Other plastic bottle|Plastic bottle cap,reject,0.661594,0.338406,0.661594,reject,True
images/accept_weak/taco_00085_Garbage_bag_c9e1348c.jpg,,accept_weak,accept,weak_accept_category,Garbage bag,Drink can|Garbage bag|Pop tab,accept,0.724303,0.724303,0.275697,reject,True
images/accept_weak/taco_00086_Cigarette_f8b561a2.jpg,,accept_weak,accept,weak_accept_category,Cigarette,Rope & strings|Cigarette,accept,0.518131,0.518131,0.481869,reject,True
images/accept_weak/taco_00087_Other_plastic_wrapper_d115c481.jpg,,accept_weak,accept,weak_accept_category,Other plastic wrapper,Other plastic wrapper|Drink can,accept,0.607904,0.607904,0.392096,reject,True
images/accept_weak/taco_00088_Disposable_food_container_d321cd85.jpg,,accept_weak,accept,weak_accept_category,Disposable food container,Drink can|Disposable food container,accept,0.776673,0.776673,0.223327,accept,True
images/accept_weak/taco_00089_Disposable_food_container_84dd2e5e.jpg,,accept_weak,accept,weak_accept_category,Disposable food container,Meal carton|Clear plastic bottle|Plastic bottle cap|Drink can|Disposable food container|Normal paper|Unlabeled litter|Cigarette,accept,0.731021,0.731021,0.268979,reject,True
images/reject_weak/taco_00090_Paper_cup_baf705f6.jpg,,reject_weak,reject,weak_reject_category,Paper cup,Paper cup|Plastic lid|Unlabeled litter|Normal paper,reject,0.800047,0.199953,0.800047,reject,True
images/accept_weak/taco_00091_Crisp_packet_d7325183.jpg,,accept_weak,accept,weak_accept_category,Crisp packet,Crisp packet,accept,0.780505,0.780505,0.219495,accept,True
images/reject_weak/taco_00092_Food_waste_ad38ae83.jpg,,reject_weak,reject,weak_reject_category,Food waste,Food waste,accept,0.844073,0.844073,0.155927,accept,False
images/accept_weak/taco_00093_Plastic_film_bfca95b3.jpg,,accept_weak,accept,weak_accept_category,Plastic film,Plastic film|Cigarette,accept,0.950330,0.950330,0.049670,accept,True
images/reject_weak/taco_00094_Plastic_bottle_cap_9f441503.jpg,,reject_weak,reject,weak_reject_category,Plastic bottle cap,Plastic bottle cap|Metal bottle cap,reject,0.723093,0.276907,0.723093,reject,True
images/reject_weak/taco_00095_Metal_bottle_cap_832de290.jpg,,reject_weak,reject,weak_reject_category,Metal bottle cap,Metal bottle cap,accept,0.528885,0.528885,0.471115,reject,False
images/reject_weak/taco_00096_Drink_can_83ec39dc.jpg,,reject_weak,reject,weak_reject_category,Drink can,Drink can,accept,0.586799,0.586799,0.413201,reject,False
images/accept_weak/taco_00097_Styrofoam_piece_a67345e5.jpg,,accept_weak,accept,weak_accept_category,Styrofoam piece,Styrofoam piece|Aluminium foil,reject,0.625426,0.374574,0.625426,reject,False
images/accept_weak/taco_00098_Plastic_film_b0b773ca.jpg,,accept_weak,accept,weak_accept_category,Plastic film,Food Can|Plastic film|Garbage bag|Other carton|Disposable food container|Spread tub|Tissues,accept,0.705026,0.705026,0.294974,reject,True
images/accept_weak/taco_00099_Plastic_film_58ff63f7.jpg,,accept_weak,accept,weak_accept_category,Plastic film,Other carton|Drink carton|Drink can|Food Can|Toilet tube|Pop tab|Other plastic bottle|Plastic bottle cap|Plastic film|Aluminium foil,accept,0.578000,0.578000,0.422000,reject,True
images/reject_weak/taco_00100_Corrugated_carton_0c15c118.jpg,,reject_weak,reject,weak_reject_category,Corrugated carton,Corrugated carton|Food Can|Drink carton|Other carton|Egg carton,accept,0.625963,0.625963,0.374037,reject,False
images/reject_weak/taco_00101_Clear_plastic_bottle_ab5ac83a.jpg,,reject_weak,reject,weak_reject_category,Clear plastic bottle,Clear plastic bottle,accept,0.655191,0.655191,0.344809,reject,False
images/reject_weak/taco_00102_Other_plastic_bottle_57825ca5.jpg,,reject_weak,reject,weak_reject_category,Other plastic bottle,Other plastic bottle|Plastic bottle cap|Unlabeled litter|Squeezable tube|Clear plastic bottle,reject,0.573155,0.426845,0.573155,reject,True
images/accept_weak/taco_00103_Plastic_film_d7b411aa.jpg,,accept_weak,accept,weak_accept_category,Plastic film,Unlabeled litter|Other plastic|Clear plastic bottle|Plastic bottle cap|Plastic film,accept,0.510439,0.510439,0.489561,reject,True
images/accept_weak/taco_00104_Plastic_film_76a2f4d7.jpg,,accept_weak,accept,weak_accept_category,Plastic film,Plastic film|Clear plastic bottle|Other plastic wrapper|Disposable plastic cup|Unlabeled litter|Single-use carrier bag,reject,0.646889,0.353111,0.646889,reject,False
images/accept_weak/taco_00105_Single-use_carrier_bag_a2dcc089.jpg,,accept_weak,accept,weak_accept_category,Single-use carrier bag,Single-use carrier bag|Plastic film|Unlabeled litter,reject,0.515011,0.484989,0.515011,reject,False
images/accept_weak/taco_00106_Disposable_food_container_d418d7ec.jpg,,accept_weak,accept,weak_accept_category,Disposable food container,Other plastic container|Disposable food container|Plastic film|Clear plastic bottle|Other plastic wrapper|Other plastic|Unlabeled litter,reject,0.916414,0.083586,0.916414,reject,False
images/accept_weak/taco_00107_Single-use_carrier_bag_37cb96e9.jpg,,accept_weak,accept,weak_accept_category,Single-use carrier bag,Single-use carrier bag|Other plastic|Unlabeled litter,accept,0.688274,0.688274,0.311726,reject,True
images/reject_weak/taco_00108_Other_plastic_container_c973320a.jpg,,reject_weak,reject,weak_reject_category,Other plastic container,Other plastic container|Unlabeled litter,accept,0.630420,0.630420,0.369580,reject,False
images/accept_weak/taco_00109_Plastic_film_ef080cf9.jpg,,accept_weak,accept,weak_accept_category,Plastic film,Plastic film,reject,0.727210,0.272790,0.727210,reject,False
images/accept_weak/taco_00110_Single-use_carrier_bag_7c96d60b.jpg,,accept_weak,accept,weak_accept_category,Single-use carrier bag,Single-use carrier bag|Unlabeled litter,accept,0.510699,0.510699,0.489301,reject,True
images/reject_weak/taco_00111_Clear_plastic_bottle_f25693eb.jpg,,reject_weak,reject,weak_reject_category,Clear plastic bottle,Unlabeled litter|Clear plastic bottle,reject,0.573401,0.426599,0.573401,reject,True
images/accept_weak/taco_00112_Crisp_packet_1f0079a2.jpg,,accept_weak,accept,weak_accept_category,Crisp packet,Glass bottle|Crisp packet|Metal bottle cap|Glass cup|Tissues|Plastic film,accept,0.807324,0.807324,0.192676,accept,True
images/reject_weak/taco_00113_Clear_plastic_bottle_a8f21f35.jpg,,reject_weak,reject,weak_reject_category,Clear plastic bottle,Clear plastic bottle,accept,0.721259,0.721259,0.278741,reject,False
images/reject_weak/taco_00114_Glass_bottle_6f524061.jpg,,reject_weak,reject,weak_reject_category,Glass bottle,Glass bottle,reject,0.851663,0.148337,0.851663,reject,True
images/accept_weak/taco_00115_Tissues_3da7d936.jpg,,accept_weak,accept,weak_accept_category,Tissues,Glass bottle|Tissues,accept,0.646658,0.646658,0.353342,reject,True
images/reject_weak/taco_00116_Drink_can_b025ca09.jpg,,reject_weak,reject,weak_reject_category,Drink can,Drink can|Glass bottle|Clear plastic bottle|Unlabeled litter,accept,0.761254,0.761254,0.238746,accept,False
images/accept_weak/taco_00117_Plastic_film_682fa3de.jpg,,accept_weak,accept,weak_accept_category,Plastic film,Plastic film,reject,0.562779,0.437221,0.562779,reject,False
images/reject_weak/taco_00119_Aluminium_foil_1a6ff48e.jpg,,reject_weak,reject,weak_reject_category,Aluminium foil,Aluminium foil,accept,0.670366,0.670366,0.329635,reject,False
images/reject_weak/taco_00120_Normal_paper_c85a0acf.jpg,,reject_weak,reject,weak_reject_category,Normal paper,Normal paper,reject,0.563973,0.436027,0.563973,reject,True
images/accept_weak/taco_00121_Plastic_film_45983dbb.jpg,,accept_weak,accept,weak_accept_category,Plastic film,Plastic film|Cigarette,accept,0.843512,0.843512,0.156488,accept,True
images/accept_weak/taco_00122_Cigarette_2b36f456.jpg,,accept_weak,accept,weak_accept_category,Cigarette,Glass bottle|Cigarette,accept,0.725220,0.725220,0.274780,reject,True
images/accept_weak/taco_00123_Plastic_film_58f9ca97.jpg,,accept_weak,accept,weak_accept_category,Plastic film,Plastic film|Cigarette|Other plastic wrapper,accept,0.835307,0.835307,0.164693,accept,True
images/reject_weak/taco_00124_Clear_plastic_bottle_c60d33a6.jpg,,reject_weak,reject,weak_reject_category,Clear plastic bottle,Clear plastic bottle,reject,0.589571,0.410429,0.589571,reject,True
images/reject_weak/taco_00126_Drink_can_f2c08397.jpg,,reject_weak,reject,weak_reject_category,Drink can,Drink can,accept,0.561291,0.561291,0.438709,reject,False
images/reject_weak/taco_00127_Egg_carton_f8fb4e27.jpg,,reject_weak,reject,weak_reject_category,Egg carton,Egg carton|Polypropylene bag,accept,0.506617,0.506617,0.493382,reject,False
images/accept_weak/taco_00128_Cigarette_095e854a.jpg,,accept_weak,accept,weak_accept_category,Cigarette,Drink carton|Plastic straw|Cigarette|Other plastic,accept,0.735407,0.735407,0.264593,reject,True
images/reject_weak/taco_00129_Other_plastic_e4dfffcb.jpg,,reject_weak,reject,weak_reject_category,Other plastic,Other plastic,accept,0.697561,0.697561,0.302439,reject,False
images/reject_weak/taco_00130_Clear_plastic_bottle_bb90c754.jpg,,reject_weak,reject,weak_reject_category,Clear plastic bottle,Clear plastic bottle|Scrap metal,accept,0.542547,0.542547,0.457453,reject,False
images/reject_weak/taco_00131_Corrugated_carton_8a9e0077.jpg,,reject_weak,reject,weak_reject_category,Corrugated carton,Corrugated carton,accept,0.776733,0.776733,0.223267,accept,False
images/accept_weak/taco_00132_Cigarette_71b98f73.jpg,,accept_weak,accept,weak_accept_category,Cigarette,Corrugated carton|Cigarette,accept,0.547642,0.547642,0.452358,reject,True
images/accept_weak/taco_00133_Other_plastic_wrapper_ee43a88c.jpg,,accept_weak,accept,weak_accept_category,Other plastic wrapper,Other plastic wrapper,reject,0.776688,0.223312,0.776688,reject,False
images/reject_weak/taco_00134_Plastic_straw_919845e6.jpg,,reject_weak,reject,weak_reject_category,Plastic straw,Plastic straw|Unlabeled litter,accept,0.607409,0.607409,0.392592,reject,False
images/accept_weak/taco_00135_Cigarette_cf339392.jpg,,accept_weak,accept,weak_accept_category,Cigarette,Normal paper|Drink can|Cigarette|Unlabeled litter|Other plastic wrapper,accept,0.595700,0.595700,0.404300,reject,True
images/accept_weak/taco_00136_Tissues_9622027d.jpg,,accept_weak,accept,weak_accept_category,Tissues,Drink can|Pop tab|Tissues|Cigarette|Normal paper|Plastic film,accept,0.967086,0.967086,0.032914,accept,True
images/accept_weak/taco_00137_Cigarette_a9ea7463.jpg,,accept_weak,accept,weak_accept_category,Cigarette,Other carton|Cigarette|Unlabeled litter,accept,0.896940,0.896940,0.103060,accept,True
images/accept_weak/taco_00138_Cigarette_bcdcd744.jpg,,accept_weak,accept,weak_accept_category,Cigarette,Other carton|Cigarette,accept,0.895196,0.895196,0.104804,accept,True
images/reject_weak/taco_00139_Normal_paper_b4ead943.jpg,,reject_weak,reject,weak_reject_category,Normal paper,Normal paper|Magazine paper|Drink carton|Unlabeled litter,accept,0.505194,0.505194,0.494806,reject,False
images/reject_weak/taco_00140_Plastic_bottle_cap_11a437ab.jpg,,reject_weak,reject,weak_reject_category,Plastic bottle cap,Plastic bottle cap,accept,0.956237,0.956237,0.043762,accept,False
images/accept_weak/taco_00141_Plastic_film_003024d8.jpg,,accept_weak,accept,weak_accept_category,Plastic film,Unlabeled litter|Plastic film,reject,0.554969,0.445031,0.554969,reject,False
images/accept_weak/taco_00142_Cigarette_3de390a5.jpg,,accept_weak,accept,weak_accept_category,Cigarette,Cigarette|Plastic film,accept,0.653258,0.653258,0.346742,reject,True
images/accept_weak/taco_00143_Plastic_film_52cf78bd.jpg,,accept_weak,accept,weak_accept_category,Plastic film,Plastic film|Other plastic wrapper,accept,0.661786,0.661786,0.338214,reject,True
images/accept_weak/taco_00144_Cigarette_80358e2a.jpg,,accept_weak,accept,weak_accept_category,Cigarette,Cigarette|Plastic film,accept,0.519890,0.519890,0.480110,reject,True
images/reject_weak/taco_00145_Plastic_straw_b1a4df37.jpg,,reject_weak,reject,weak_reject_category,Plastic straw,Plastic straw,accept,0.647047,0.647047,0.352953,reject,False
images/reject_weak/taco_00146_Plastic_bottle_cap_5007fd73.jpg,,reject_weak,reject,weak_reject_category,Plastic bottle cap,Plastic bottle cap,reject,0.545152,0.454848,0.545152,reject,True
images/reject_weak/taco_00147_Other_carton_6ca2834b.jpg,,reject_weak,reject,weak_reject_category,Other carton,Other carton,accept,0.700139,0.700139,0.299861,reject,False
images/reject_weak/taco_00148_Clear_plastic_bottle_8d1c1332.jpg,,reject_weak,reject,weak_reject_category,Clear plastic bottle,Clear plastic bottle|Unlabeled litter,accept,0.875312,0.875312,0.124688,accept,False
images/accept_weak/taco_00149_Plastic_film_cbe9264d.jpg,,accept_weak,accept,weak_accept_category,Plastic film,Unlabeled litter|Broken glass|Plastic film,reject,0.572236,0.427764,0.572236,reject,False
images/accept_weak/taco_00150_Other_plastic_wrapper_8fb6391b.jpg,,accept_weak,accept,weak_accept_category,Other plastic wrapper,Other plastic wrapper|Unlabeled litter,accept,0.739252,0.739252,0.260748,reject,True
images/accept_weak/taco_00151_Plastic_film_b1b0386e.jpg,,accept_weak,accept,weak_accept_category,Plastic film,Plastic film|Unlabeled litter,reject,0.567777,0.432223,0.567777,reject,False
images/accept_weak/taco_00152_Styrofoam_piece_67d9c2be.jpg,,accept_weak,accept,weak_accept_category,Styrofoam piece,Styrofoam piece,accept,0.689031,0.689031,0.310969,reject,True
images/accept_weak/taco_00154_Plastic_film_50f4e661.jpg,,accept_weak,accept,weak_accept_category,Plastic film,Plastic film,accept,0.631078,0.631078,0.368922,reject,True
images/accept_weak/taco_00155_Plastic_film_1cc1ec79.jpg,,accept_weak,accept,weak_accept_category,Plastic film,Plastic film|Cigarette,accept,0.731559,0.731559,0.268441,reject,True
images/accept_weak/taco_00156_Plastic_film_d5baf3ea.jpg,,accept_weak,accept,weak_accept_category,Plastic film,Plastic film,accept,0.827747,0.827747,0.172253,accept,True
images/accept_weak/taco_00157_Plastic_film_d2c8c9d9.jpg,,accept_weak,accept,weak_accept_category,Plastic film,Plastic film,accept,0.850774,0.850774,0.149227,accept,True
images/accept_weak/taco_00158_Plastic_film_01d4bf80.jpg,,accept_weak,accept,weak_accept_category,Plastic film,Plastic film|Other plastic,accept,0.697059,0.697059,0.302941,reject,True
images/accept_weak/taco_00159_Plastic_film_ac549bf4.jpg,,accept_weak,accept,weak_accept_category,Plastic film,Plastic film,accept,0.800826,0.800826,0.199173,accept,True
images/accept_weak/taco_00160_Plastic_film_fce89847.jpg,,accept_weak,accept,weak_accept_category,Plastic film,Plastic film|Other plastic,accept,0.714941,0.714941,0.285059,reject,True
images/accept_weak/taco_00161_Plastic_film_26051e6e.jpg,,accept_weak,accept,weak_accept_category,Plastic film,Plastic film,accept,0.814736,0.814736,0.185264,accept,True
images/reject_weak/taco_00162_Aluminium_foil_8f0c7455.jpg,,reject_weak,reject,weak_reject_category,Aluminium foil,Aluminium foil,accept,0.619669,0.619669,0.380331,reject,False
images/accept_weak/taco_00163_Plastic_film_edd3ae87.jpg,,accept_weak,accept,weak_accept_category,Plastic film,Plastic film|Unlabeled litter,accept,0.812424,0.812424,0.187576,accept,True
images/accept_weak/taco_00164_Plastic_film_ee27aabb.jpg,,accept_weak,accept,weak_accept_category,Plastic film,Plastic film,accept,0.615739,0.615739,0.384261,reject,True
images/accept_weak/taco_00165_Cigarette_1135793a.jpg,,accept_weak,accept,weak_accept_category,Cigarette,Cigarette,accept,0.804114,0.804114,0.195886,accept,True
images/accept_weak/taco_00166_Plastic_film_ecd1e166.jpg,,accept_weak,accept,weak_accept_category,Plastic film,Plastic film,accept,0.814204,0.814204,0.185796,accept,True
images/accept_weak/taco_00167_Plastic_film_96871e12.jpg,,accept_weak,accept,weak_accept_category,Plastic film,Plastic film,accept,0.730294,0.730294,0.269706,reject,True
images/accept_weak/taco_00168_Plastic_film_1009d9a0.jpg,,accept_weak,accept,weak_accept_category,Plastic film,Plastic film,accept,0.792812,0.792812,0.207188,accept,True
images/accept_weak/taco_00169_Plastic_film_9b77c2f5.jpg,,accept_weak,accept,weak_accept_category,Plastic film,Plastic film,accept,0.583094,0.583094,0.416906,reject,True
images/reject_weak/taco_00172_Other_plastic_b86a4440.jpg,,reject_weak,reject,weak_reject_category,Other plastic,Other plastic|Unlabeled litter,accept,0.866849,0.866849,0.133151,accept,False
images/reject_weak/taco_00173_Other_plastic_e7897872.jpg,,reject_weak,reject,weak_reject_category,Other plastic,Other plastic|Rope & strings,accept,0.659815,0.659815,0.340185,reject,False
images/accept_weak/taco_00174_Plastic_film_5a83799f.jpg,,accept_weak,accept,weak_accept_category,Plastic film,Plastic film,accept,0.695520,0.695520,0.304480,reject,True
images/reject_weak/taco_00175_Other_plastic_291a884a.jpg,,reject_weak,reject,weak_reject_category,Other plastic,Other plastic,accept,0.770482,0.770482,0.229517,accept,False
images/accept_weak/taco_00176_Cigarette_542bc027.jpg,,accept_weak,accept,weak_accept_category,Cigarette,Clear plastic bottle|Cigarette,accept,0.652302,0.652302,0.347698,reject,True
images/accept_weak/taco_00177_Plastic_film_9f54e25e.jpg,,accept_weak,accept,weak_accept_category,Plastic film,Plastic film|Cigarette|Unlabeled litter,reject,0.527726,0.472274,0.527726,reject,False
images/accept_weak/taco_00178_Cigarette_e5df4844.jpg,,accept_weak,accept,weak_accept_category,Cigarette,Cigarette|Plastic film,accept,0.939688,0.939688,0.060312,accept,True
images/reject_weak/taco_00179_Other_plastic_6780e6ff.jpg,,reject_weak,reject,weak_reject_category,Other plastic,Other plastic,accept,0.777978,0.777978,0.222022,accept,False
images/reject_weak/taco_00181_Plastic_straw_3084473c.jpg,,reject_weak,reject,weak_reject_category,Plastic straw,Plastic straw,accept,0.520113,0.520113,0.479887,reject,False
images/accept_weak/taco_00182_Cigarette_e6e45a5c.jpg,,accept_weak,accept,weak_accept_category,Cigarette,Clear plastic bottle|Unlabeled litter|Cigarette,accept,0.525904,0.525904,0.474096,reject,True
images/reject_weak/taco_00183_Other_plastic_77009493.jpg,,reject_weak,reject,weak_reject_category,Other plastic,Other plastic,accept,0.511076,0.511076,0.488924,reject,False
images/accept_weak/taco_00184_Cigarette_91899103.jpg,,accept_weak,accept,weak_accept_category,Cigarette,Meal carton|Cigarette,accept,0.718244,0.718244,0.281756,reject,True
images/accept_weak/taco_00185_Garbage_bag_72c809e0.jpg,,accept_weak,accept,weak_accept_category,Garbage bag,Garbage bag|Other plastic|Unlabeled litter,accept,0.728718,0.728718,0.271282,reject,True
images/accept_weak/taco_00186_Plastic_film_55fdb5c1.jpg,,accept_weak,accept,weak_accept_category,Plastic film,Metal lid|Plastic film|Other plastic wrapper|Unlabeled litter|Broken glass|Metal bottle cap|Corrugated carton,accept,0.922342,0.922342,0.077658,accept,True
images/accept_weak/taco_00187_Other_plastic_wrapper_55f9b384.jpg,,accept_weak,accept,weak_accept_category,Other plastic wrapper,Plastic lid|Other plastic wrapper|Glass bottle|Cigarette|Unlabeled litter,reject,0.612390,0.387610,0.612390,reject,False
images/accept_weak/taco_00188_Cigarette_ec6926c9.jpg,,accept_weak,accept,weak_accept_category,Cigarette,Clear plastic bottle|Cigarette,accept,0.541156,0.541156,0.458844,reject,True
images/accept_weak/taco_00189_Tissues_b499ab3d.jpg,,accept_weak,accept,weak_accept_category,Tissues,Tissues|Other carton,accept,0.914958,0.914958,0.085042,accept,True
images/reject_weak/taco_00190_Disposable_plastic_cup_2d28b548.jpg,,reject_weak,reject,weak_reject_category,Disposable plastic cup,Disposable plastic cup|Unlabeled litter|Rope & strings,accept,0.682643,0.682643,0.317357,reject,False
images/accept_weak/taco_00191_Plastic_film_e1adfc48.jpg,,accept_weak,accept,weak_accept_category,Plastic film,Plastic film|Unlabeled litter,reject,0.590079,0.409921,0.590079,reject,False
images/accept_weak/taco_00192_Tissues_98bda311.jpg,,accept_weak,accept,weak_accept_category,Tissues,Glass bottle|Tissues|Unlabeled litter|Plastic film,reject,0.573537,0.426463,0.573537,reject,False
images/accept_weak/taco_00193_Plastic_film_3052923e.jpg,,accept_weak,accept,weak_accept_category,Plastic film,Plastic film|Unlabeled litter,reject,0.666458,0.333542,0.666458,reject,False
images/accept_weak/taco_00194_Other_plastic_wrapper_3c2e6921.jpg,,accept_weak,accept,weak_accept_category,Other plastic wrapper,Glass bottle|Other plastic wrapper|Unlabeled litter|Cigarette|Plastic film,reject,0.577886,0.422114,0.577886,reject,False
images/reject_weak/taco_00195_Disposable_plastic_cup_57fbcac7.jpg,,reject_weak,reject,weak_reject_category,Disposable plastic cup,Disposable plastic cup|Metal bottle cap|Aluminium blister pack|Unlabeled litter,accept,0.644078,0.644078,0.355922,reject,False
images/accept_weak/taco_00196_Cigarette_4fb8e190.jpg,,accept_weak,accept,weak_accept_category,Cigarette,Cigarette|Aluminium foil,accept,0.826311,0.826311,0.173689,accept,True
images/accept_weak/taco_00197_Cigarette_1c87d62c.jpg,,accept_weak,accept,weak_accept_category,Cigarette,Disposable plastic cup|Cigarette|Broken glass|Unlabeled litter,accept,0.915296,0.915296,0.084704,accept,True
images/reject_weak/taco_00198_Clear_plastic_bottle_d5ca3408.jpg,,reject_weak,reject,weak_reject_category,Clear plastic bottle,Clear plastic bottle|Plastic bottle cap,accept,0.548500,0.548500,0.451500,reject,False
images/accept_weak/taco_00199_Styrofoam_piece_a22ccebc.jpg,,accept_weak,accept,weak_accept_category,Styrofoam piece,Styrofoam piece|Corrugated carton,reject,0.688477,0.311523,0.688477,reject,False
images/accept_weak/taco_00200_Other_plastic_wrapper_7a2388e7.jpg,,accept_weak,accept,weak_accept_category,Other plastic wrapper,Other plastic wrapper,accept,0.932249,0.932249,0.067751,accept,True
images/accept_weak/taco_00201_Styrofoam_piece_d311e175.jpg,,accept_weak,accept,weak_accept_category,Styrofoam piece,Styrofoam piece|Corrugated carton,accept,0.761541,0.761541,0.238459,accept,True
images/accept_weak/taco_00202_Styrofoam_piece_40ada3f4.jpg,,accept_weak,accept,weak_accept_category,Styrofoam piece,Styrofoam piece|Corrugated carton,accept,0.832668,0.832668,0.167332,accept,True
images/accept_weak/taco_00203_Styrofoam_piece_6fc117e8.jpg,,accept_weak,accept,weak_accept_category,Styrofoam piece,Styrofoam piece,accept,0.931321,0.931321,0.068679,accept,True
images/accept_weak/taco_00204_Styrofoam_piece_c7eaa84b.jpg,,accept_weak,accept,weak_accept_category,Styrofoam piece,Corrugated carton|Styrofoam piece,reject,0.560052,0.439948,0.560052,reject,False
images/accept_weak/taco_00205_Styrofoam_piece_dba6bcb9.jpg,,accept_weak,accept,weak_accept_category,Styrofoam piece,Styrofoam piece|Corrugated carton,accept,0.526664,0.526664,0.473336,reject,True
images/accept_weak/taco_00206_Styrofoam_piece_4aac14fe.jpg,,accept_weak,accept,weak_accept_category,Styrofoam piece,Corrugated carton|Styrofoam piece,accept,0.551168,0.551168,0.448832,reject,True
images/reject_weak/taco_00207_Corrugated_carton_06ff35b2.jpg,,reject_weak,reject,weak_reject_category,Corrugated carton,Corrugated carton,accept,0.864675,0.864675,0.135325,accept,False
images/accept_weak/taco_00208_Styrofoam_piece_b696c936.jpg,,accept_weak,accept,weak_accept_category,Styrofoam piece,Styrofoam piece,accept,0.634316,0.634316,0.365684,reject,True
images/accept_weak/taco_00209_Styrofoam_piece_26d91ce4.jpg,,accept_weak,accept,weak_accept_category,Styrofoam piece,Styrofoam piece|Corrugated carton,accept,0.565243,0.565243,0.434757,reject,True
images/accept_weak/taco_00210_Garbage_bag_9146ef69.jpg,,accept_weak,accept,weak_accept_category,Garbage bag,Garbage bag|Corrugated carton,accept,0.744366,0.744366,0.255634,reject,True
images/reject_weak/taco_00211_Corrugated_carton_c956eb44.jpg,,reject_weak,reject,weak_reject_category,Corrugated carton,Corrugated carton,reject,0.611006,0.388993,0.611006,reject,True
images/reject_weak/taco_00212_Pizza_box_29bbfbe4.jpg,,reject_weak,reject,weak_reject_category,Pizza box,Pizza box|Corrugated carton,accept,0.535354,0.535354,0.464646,reject,False
images/reject_weak/taco_00213_Corrugated_carton_9f656148.jpg,,reject_weak,reject,weak_reject_category,Corrugated carton,Corrugated carton,accept,0.646347,0.646347,0.353653,reject,False
images/reject_weak/taco_00214_Corrugated_carton_ae59f747.jpg,,reject_weak,reject,weak_reject_category,Corrugated carton,Corrugated carton,accept,0.845724,0.845724,0.154276,accept,False
images/accept_weak/taco_00215_Styrofoam_piece_fb72b6bf.jpg,,accept_weak,accept,weak_accept_category,Styrofoam piece,Corrugated carton|Styrofoam piece,accept,0.954918,0.954918,0.045082,accept,True
images/accept_weak/taco_00216_Styrofoam_piece_48e1f0f8.jpg,,accept_weak,accept,weak_accept_category,Styrofoam piece,Styrofoam piece|Cigarette,accept,0.802424,0.802424,0.197576,accept,True
images/accept_weak/taco_00217_Styrofoam_piece_f46688d4.jpg,,accept_weak,accept,weak_accept_category,Styrofoam piece,Corrugated carton|Styrofoam piece,accept,0.908462,0.908462,0.091538,accept,True
images/accept_weak/taco_00218_Styrofoam_piece_734fcacb.jpg,,accept_weak,accept,weak_accept_category,Styrofoam piece,Styrofoam piece,accept,0.535471,0.535471,0.464529,reject,True
images/accept_weak/taco_00219_Plastic_film_dd572b42.jpg,,accept_weak,accept,weak_accept_category,Plastic film,Plastic film|Scrap metal,accept,0.681857,0.681857,0.318143,reject,True
images/accept_weak/taco_00220_Styrofoam_piece_f2bdf3cf.jpg,,accept_weak,accept,weak_accept_category,Styrofoam piece,Other plastic bottle|Plastic bottle cap|Styrofoam piece,reject,0.500954,0.499046,0.500954,reject,False
images/reject_weak/taco_00222_Other_plastic_bottle_28a948e1.jpg,,reject_weak,reject,weak_reject_category,Other plastic bottle,Other plastic bottle,reject,0.784391,0.215609,0.784391,reject,True
images/reject_weak/taco_00223_Spread_tub_6478a0ad.jpg,,reject_weak,reject,weak_reject_category,Spread tub,Spread tub,reject,0.572398,0.427602,0.572398,reject,True
images/reject_weak/taco_00224_Plastic_bottle_cap_9c35007b.jpg,,reject_weak,reject,weak_reject_category,Plastic bottle cap,Plastic bottle cap,accept,0.711691,0.711691,0.288309,reject,False
images/reject_weak/taco_00225_Plastic_bottle_cap_faafcc81.jpg,,reject_weak,reject,weak_reject_category,Plastic bottle cap,Plastic bottle cap,reject,0.589360,0.410640,0.589360,reject,True
images/reject_weak/taco_00227_Clear_plastic_bottle_ed98ae58.jpg,,reject_weak,reject,weak_reject_category,Clear plastic bottle,Clear plastic bottle|Plastic bottle cap|Plastic straw,reject,0.591773,0.408227,0.591773,reject,True
images/accept_weak/taco_00229_Styrofoam_piece_1268b8e6.jpg,,accept_weak,accept,weak_accept_category,Styrofoam piece,Styrofoam piece|Other plastic|Single-use carrier bag|Other plastic bottle,accept,0.640450,0.640450,0.359550,reject,True
images/reject_weak/taco_00230_Other_plastic_1d991550.jpg,,reject_weak,reject,weak_reject_category,Other plastic,Other plastic,reject,0.563787,0.436213,0.563787,reject,True
images/accept_weak/taco_00231_Plastic_film_391d3fb6.jpg,,accept_weak,accept,weak_accept_category,Plastic film,Plastic film,accept,0.762298,0.762298,0.237702,accept,True
images/reject_weak/taco_00232_Other_carton_52949235.jpg,,reject_weak,reject,weak_reject_category,Other carton,Other carton,accept,0.806873,0.806873,0.193127,accept,False
images/accept_weak/taco_00233_Plastic_film_2995d5ab.jpg,,accept_weak,accept,weak_accept_category,Plastic film,Plastic film,reject,0.511844,0.488156,0.511844,reject,False
images/accept_weak/taco_00234_Tissues_4893dfde.jpg,,accept_weak,accept,weak_accept_category,Tissues,Tissues,accept,0.761970,0.761970,0.238030,accept,True
images/reject_weak/taco_00235_Other_plastic_bottle_ca973a82.jpg,,reject_weak,reject,weak_reject_category,Other plastic bottle,Other plastic bottle,accept,0.708995,0.708995,0.291005,reject,False
images/accept_weak/taco_00236_Styrofoam_piece_9dbce359.jpg,,accept_weak,accept,weak_accept_category,Styrofoam piece,Styrofoam piece,reject,0.614776,0.385224,0.614776,reject,False
images/reject_weak/taco_00237_Other_plastic_bottle_98f8dabf.jpg,,reject_weak,reject,weak_reject_category,Other plastic bottle,Other plastic bottle,accept,0.569193,0.569193,0.430807,reject,False
images/reject_weak/taco_00238_Magazine_paper_eda80113.jpg,,reject_weak,reject,weak_reject_category,Magazine paper,Magazine paper,accept,0.626152,0.626152,0.373848,reject,False
images/reject_weak/taco_00239_Paper_cup_9446bbb2.jpg,,reject_weak,reject,weak_reject_category,Paper cup,Paper cup,reject,0.667678,0.332322,0.667678,reject,True
images/reject_weak/taco_00240_Meal_carton_1ab430a1.jpg,,reject_weak,reject,weak_reject_category,Meal carton,Meal carton|Unlabeled litter,accept,0.566718,0.566718,0.433282,reject,False
images/accept_weak/taco_00241_Other_plastic_wrapper_fd0d5579.jpg,,accept_weak,accept,weak_accept_category,Other plastic wrapper,Meal carton|Other plastic wrapper|Normal paper,accept,0.657501,0.657501,0.342499,reject,True
images/reject_weak/taco_00242_Drink_can_de24c7a1.jpg,,reject_weak,reject,weak_reject_category,Drink can,Drink can,reject,0.514364,0.485636,0.514364,reject,True
images/reject_weak/taco_00243_Paper_cup_bff6619c.jpg,,reject_weak,reject,weak_reject_category,Paper cup,Paper cup,accept,0.669266,0.669266,0.330734,reject,False
images/accept_weak/taco_00244_Other_plastic_wrapper_c3bbb670.jpg,,accept_weak,accept,weak_accept_category,Other plastic wrapper,Other plastic wrapper,accept,0.791496,0.791496,0.208504,accept,True
images/accept_weak/taco_00245_Garbage_bag_dd92fea9.jpg,,accept_weak,accept,weak_accept_category,Garbage bag,Garbage bag|Plastic film,reject,0.827342,0.172658,0.827342,reject,False
images/accept_weak/taco_00246_Other_plastic_wrapper_fe34cbb3.jpg,,accept_weak,accept,weak_accept_category,Other plastic wrapper,Other plastic wrapper,accept,0.539231,0.539231,0.460769,reject,True
images/accept_weak/taco_00247_Other_plastic_wrapper_97b00f77.jpg,,accept_weak,accept,weak_accept_category,Other plastic wrapper,Paper cup|Other plastic wrapper,reject,0.516045,0.483955,0.516045,reject,False
images/accept_weak/taco_00248_Other_plastic_wrapper_ccabb029.jpg,,accept_weak,accept,weak_accept_category,Other plastic wrapper,Other plastic wrapper,reject,0.590258,0.409742,0.590258,reject,False
images/reject_weak/taco_00249_Drink_can_663f2177.jpg,,reject_weak,reject,weak_reject_category,Drink can,Drink can|Pop tab,reject,0.949561,0.050439,0.949561,reject,True
images/accept_weak/taco_00251_Plastic_film_563d7741.jpg,,accept_weak,accept,weak_accept_category,Plastic film,Plastic film,reject,0.868569,0.131431,0.868569,reject,False
images/accept_weak/taco_00252_Other_plastic_wrapper_032e5b1c.jpg,,accept_weak,accept,weak_accept_category,Other plastic wrapper,Other plastic wrapper,reject,0.603948,0.396052,0.603948,reject,False
images/reject_weak/taco_00253_Plastic_lid_bb3ad123.jpg,,reject_weak,reject,weak_reject_category,Plastic lid,Plastic lid|Paper cup,accept,0.754163,0.754163,0.245837,reject,False
images/accept_weak/taco_00254_Plastic_film_785c4562.jpg,,accept_weak,accept,weak_accept_category,Plastic film,Other carton|Plastic film,reject,0.917233,0.082767,0.917233,reject,False
images/reject_weak/taco_00255_Corrugated_carton_eb511a78.jpg,,reject_weak,reject,weak_reject_category,Corrugated carton,Corrugated carton|Rope & strings,reject,0.545472,0.454528,0.545472,reject,True
images/accept_weak/taco_00256_Styrofoam_piece_f8ed64e7.jpg,,accept_weak,accept,weak_accept_category,Styrofoam piece,Styrofoam piece,reject,0.571587,0.428413,0.571587,reject,False
images/reject_weak/taco_00258_Plastic_bottle_cap_b5848a8b.jpg,,reject_weak,reject,weak_reject_category,Plastic bottle cap,Plastic bottle cap,reject,0.580430,0.419570,0.580430,reject,True
images/accept_weak/taco_00260_Plastic_film_0c0ba320.jpg,,accept_weak,accept,weak_accept_category,Plastic film,Aluminium foil|Unlabeled litter|Plastic film,reject,0.566507,0.433493,0.566507,reject,False
images/reject_weak/taco_00261_Other_plastic_2a5625a5.jpg,,reject_weak,reject,weak_reject_category,Other plastic,Polypropylene bag|Other plastic,accept,0.579977,0.579977,0.420023,reject,False
images/accept_weak/taco_00262_Plastic_film_c9d09fb0.jpg,,accept_weak,accept,weak_accept_category,Plastic film,Plastic film|Unlabeled litter,accept,0.525908,0.525908,0.474092,reject,True
images/accept_weak/taco_00263_Styrofoam_piece_929496d1.jpg,,accept_weak,accept,weak_accept_category,Styrofoam piece,Styrofoam piece,reject,0.839650,0.160350,0.839650,reject,False
images/accept_weak/taco_00264_Single-use_carrier_bag_f6537a3b.jpg,,accept_weak,accept,weak_accept_category,Single-use carrier bag,Single-use carrier bag|Plastic film|Unlabeled litter,accept,0.598741,0.598741,0.401259,reject,True
images/accept_weak/taco_00265_Plastic_film_59c81bc1.jpg,,accept_weak,accept,weak_accept_category,Plastic film,Plastic film,reject,0.757425,0.242575,0.757425,reject,False
images/accept_weak/taco_00266_Single-use_carrier_bag_3336fbae.jpg,,accept_weak,accept,weak_accept_category,Single-use carrier bag,Single-use carrier bag,reject,0.779588,0.220412,0.779588,reject,False
images/accept_weak/taco_00267_Plastic_film_c9a9510f.jpg,,accept_weak,accept,weak_accept_category,Plastic film,Plastic film,accept,0.659932,0.659932,0.340068,reject,True
images/reject_weak/taco_00268_Drink_carton_ac3baf1a.jpg,,reject_weak,reject,weak_reject_category,Drink carton,Drink carton|Plastic straw,accept,0.511153,0.511153,0.488847,reject,False
images/accept_weak/taco_00269_Styrofoam_piece_be37b3d6.jpg,,accept_weak,accept,weak_accept_category,Styrofoam piece,Styrofoam piece,accept,0.723030,0.723030,0.276970,reject,True
images/accept_weak/taco_00270_Plastic_film_807b33b3.jpg,,accept_weak,accept,weak_accept_category,Plastic film,Plastic film|Styrofoam piece,accept,0.533730,0.533730,0.466270,reject,True
images/reject_weak/taco_00271_Clear_plastic_bottle_efee19f9.jpg,,reject_weak,reject,weak_reject_category,Clear plastic bottle,Clear plastic bottle|Plastic bottle cap,accept,0.711004,0.711004,0.288996,reject,False
images/accept_weak/taco_00272_Plastic_film_ea2b1c24.jpg,,accept_weak,accept,weak_accept_category,Plastic film,Plastic film|Styrofoam piece,accept,0.679567,0.679567,0.320433,reject,True
images/accept_weak/taco_00273_Other_plastic_wrapper_18cc0d34.jpg,,accept_weak,accept,weak_accept_category,Other plastic wrapper,Other plastic wrapper,reject,0.603637,0.396363,0.603637,reject,False
images/accept_weak/taco_00274_Plastic_film_885b3a45.jpg,,accept_weak,accept,weak_accept_category,Plastic film,Plastic film|Unlabeled litter,accept,0.500312,0.500312,0.499688,reject,True
images/accept_weak/taco_00275_Styrofoam_piece_83c88073.jpg,,accept_weak,accept,weak_accept_category,Styrofoam piece,Styrofoam piece|Plastic film|Other plastic,accept,0.619619,0.619619,0.380381,reject,True
images/accept_weak/taco_00276_Styrofoam_piece_a4823858.jpg,,accept_weak,accept,weak_accept_category,Styrofoam piece,Styrofoam piece|Clear plastic bottle|Plastic bottle cap|Plastic film,accept,0.638337,0.638337,0.361663,reject,True
images/accept_weak/taco_00277_Styrofoam_piece_029cf87f.jpg,,accept_weak,accept,weak_accept_category,Styrofoam piece,Styrofoam piece|Plastic film,accept,0.566186,0.566186,0.433814,reject,True
images/accept_weak/taco_00278_Styrofoam_piece_2262a2b2.jpg,,accept_weak,accept,weak_accept_category,Styrofoam piece,Styrofoam piece|Unlabeled litter,accept,0.654417,0.654417,0.345583,reject,True
images/accept_weak/taco_00279_Styrofoam_piece_b9de3277.jpg,,accept_weak,accept,weak_accept_category,Styrofoam piece,Styrofoam piece,accept,0.560844,0.560844,0.439156,reject,True
images/accept_weak/taco_00280_Plastic_film_f9f7f237.jpg,,accept_weak,accept,weak_accept_category,Plastic film,Plastic film|Other plastic|Styrofoam piece,accept,0.652860,0.652860,0.347140,reject,True
images/accept_weak/taco_00281_Plastic_film_f9f991f0.jpg,,accept_weak,accept,weak_accept_category,Plastic film,Plastic film|Garbage bag,accept,0.669243,0.669243,0.330757,reject,True
images/accept_weak/taco_00282_Styrofoam_piece_6f6b125e.jpg,,accept_weak,accept,weak_accept_category,Styrofoam piece,Styrofoam piece,accept,0.689615,0.689615,0.310385,reject,True
images/accept_weak/taco_00283_Other_plastic_wrapper_1fa20183.jpg,,accept_weak,accept,weak_accept_category,Other plastic wrapper,Other plastic wrapper|Plastic film,accept,0.582462,0.582462,0.417538,reject,True
images/accept_weak/taco_00284_Plastic_film_2e1458fb.jpg,,accept_weak,accept,weak_accept_category,Plastic film,Plastic film,accept,0.857793,0.857793,0.142207,accept,True
images/accept_weak/taco_00285_Plastic_film_5326badd.jpg,,accept_weak,accept,weak_accept_category,Plastic film,Plastic film,accept,0.664826,0.664826,0.335174,reject,True
images/reject_weak/taco_00286_Plastic_bottle_cap_38b5fee9.jpg,,reject_weak,reject,weak_reject_category,Plastic bottle cap,Plastic bottle cap,reject,0.624725,0.375275,0.624725,reject,True
images/accept_weak/taco_00287_Other_plastic_wrapper_cf9700d3.jpg,,accept_weak,accept,weak_accept_category,Other plastic wrapper,Other plastic wrapper,accept,0.666832,0.666832,0.333168,reject,True
images/accept_weak/taco_00288_Plastic_film_5878fcf1.jpg,,accept_weak,accept,weak_accept_category,Plastic film,Plastic film,reject,0.551029,0.448971,0.551029,reject,False
images/reject_weak/taco_00289_Paper_cup_3aba1880.jpg,,reject_weak,reject,weak_reject_category,Paper cup,Paper cup|Unlabeled litter,reject,0.665313,0.334687,0.665313,reject,True
images/reject_weak/taco_00290_Other_carton_3d927d10.jpg,,reject_weak,reject,weak_reject_category,Other carton,Other carton,reject,0.842583,0.157417,0.842583,reject,True
images/accept_weak/taco_00291_Cigarette_75cca0e1.jpg,,accept_weak,accept,weak_accept_category,Cigarette,Clear plastic bottle|Cigarette,reject,0.539826,0.460174,0.539826,reject,False
images/accept_weak/taco_00292_Cigarette_36b869ce.jpg,,accept_weak,accept,weak_accept_category,Cigarette,Cigarette,accept,0.875706,0.875706,0.124294,accept,True
images/accept_weak/taco_00293_Other_plastic_wrapper_91c10944.jpg,,accept_weak,accept,weak_accept_category,Other plastic wrapper,Other plastic wrapper,reject,0.511409,0.488591,0.511409,reject,False
images/reject_weak/taco_00294_Plastic_bottle_cap_50cf39ef.jpg,,reject_weak,reject,weak_reject_category,Plastic bottle cap,Plastic bottle cap,accept,0.738483,0.738483,0.261517,reject,False
images/reject_weak/taco_00295_Clear_plastic_bottle_0e53660c.jpg,,reject_weak,reject,weak_reject_category,Clear plastic bottle,Clear plastic bottle|Wrapping paper,accept,0.639448,0.639448,0.360552,reject,False
images/accept_weak/taco_00296_Plastic_film_79e7a99b.jpg,,accept_weak,accept,weak_accept_category,Plastic film,Clear plastic bottle|Plastic bottle cap|Other plastic|Plastic film|Unlabeled litter,accept,0.544299,0.544299,0.455701,reject,True
images/accept_weak/taco_00297_Cigarette_be2c4f51.jpg,,accept_weak,accept,weak_accept_category,Cigarette,Drink carton|Plastic straw|Cigarette,accept,0.675556,0.675556,0.324444,reject,True
images/accept_weak/taco_00298_Cigarette_bb3597ce.jpg,,accept_weak,accept,weak_accept_category,Cigarette,Drink carton|Unlabeled litter|Plastic straw|Other plastic container|Cigarette,reject,0.536114,0.463886,0.536114,reject,False
images/accept_weak/taco_00299_Cigarette_7e18002e.jpg,,accept_weak,accept,weak_accept_category,Cigarette,Glass bottle|Cigarette,reject,0.869244,0.130756,0.869244,reject,False
images/reject_weak/taco_00300_Clear_plastic_bottle_8071481e.jpg,,reject_weak,reject,weak_reject_category,Clear plastic bottle,Clear plastic bottle|Plastic bottle cap,accept,0.757687,0.757687,0.242313,reject,False
images/accept_weak/taco_00301_Other_plastic_wrapper_9dce4831.jpg,,accept_weak,accept,weak_accept_category,Other plastic wrapper,Clear plastic bottle|Plastic bottle cap|Other plastic wrapper|Cigarette|Unlabeled litter|Other plastic,accept,0.811095,0.811095,0.188905,accept,True
images/reject_weak/taco_00302_Paper_cup_29d1e81c.jpg,,reject_weak,reject,weak_reject_category,Paper cup,Paper cup|Unlabeled litter,reject,0.504041,0.495959,0.504041,reject,True
images/reject_weak/taco_00303_Plastic_bottle_cap_7b8dc20a.jpg,,reject_weak,reject,weak_reject_category,Plastic bottle cap,Plastic bottle cap,reject,0.615796,0.384204,0.615796,reject,True
images/accept_weak/taco_00304_Cigarette_a3855f27.jpg,,accept_weak,accept,weak_accept_category,Cigarette,Cigarette,reject,0.679529,0.320471,0.679529,reject,False
images/accept_weak/taco_00305_Plastic_film_909a59b0.jpg,,accept_weak,accept,weak_accept_category,Plastic film,Other carton|Plastic film,accept,0.602088,0.602088,0.397912,reject,True
images/accept_weak/taco_00306_Plastic_film_3e86d0ef.jpg,,accept_weak,accept,weak_accept_category,Plastic film,Plastic film,accept,0.751606,0.751606,0.248394,reject,True
images/reject_weak/taco_00307_Plastic_bottle_cap_1f65eced.jpg,,reject_weak,reject,weak_reject_category,Plastic bottle cap,Plastic bottle cap,accept,0.714793,0.714793,0.285207,reject,False
images/accept_weak/taco_00308_Crisp_packet_efac9502.jpg,,accept_weak,accept,weak_accept_category,Crisp packet,Crisp packet|Other plastic wrapper,accept,0.671891,0.671891,0.328109,reject,True
images/reject_weak/taco_00309_Drink_can_7d0bd8d0.jpg,,reject_weak,reject,weak_reject_category,Drink can,Drink can,reject,0.790679,0.209321,0.790679,reject,True
images/accept_weak/taco_00310_Other_plastic_wrapper_65f4355d.jpg,,accept_weak,accept,weak_accept_category,Other plastic wrapper,Other plastic wrapper|Tissues|Plastic straw,accept,0.530106,0.530106,0.469894,reject,True
images/accept_weak/taco_00311_Plastic_film_718a1b63.jpg,,accept_weak,accept,weak_accept_category,Plastic film,Plastic film|Other plastic wrapper,accept,0.834715,0.834715,0.165285,accept,True
images/reject_weak/taco_00312_Wrapping_paper_d3b1fc8f.jpg,,reject_weak,reject,weak_reject_category,Wrapping paper,Wrapping paper,accept,0.667966,0.667966,0.332034,reject,False
images/reject_weak/taco_00313_Clear_plastic_bottle_a1f38df8.jpg,,reject_weak,reject,weak_reject_category,Clear plastic bottle,Clear plastic bottle,accept,0.764957,0.764957,0.235043,accept,False
images/reject_weak/taco_00314_Clear_plastic_bottle_f15cfb99.jpg,,reject_weak,reject,weak_reject_category,Clear plastic bottle,Clear plastic bottle|Plastic bottle cap,accept,0.508465,0.508465,0.491535,reject,False
images/reject_weak/taco_00315_Plastic_bottle_cap_cc1eda30.jpg,,reject_weak,reject,weak_reject_category,Plastic bottle cap,Plastic bottle cap,reject,0.965469,0.034531,0.965469,reject,True
images/accept_weak/taco_00316_Cigarette_8569fb71.jpg,,accept_weak,accept,weak_accept_category,Cigarette,Cigarette|Plastic bottle cap|Scrap metal,accept,0.771439,0.771439,0.228561,accept,True
images/accept_weak/taco_00317_Disposable_food_container_1bd7d4ba.jpg,,accept_weak,accept,weak_accept_category,Disposable food container,Disposable food container,accept,0.627540,0.627540,0.372460,reject,True
images/accept_weak/taco_00318_Crisp_packet_718e7e10.jpg,,accept_weak,accept,weak_accept_category,Crisp packet,Paper cup|Crisp packet|Disposable plastic cup,accept,0.589849,0.589849,0.410151,reject,True
images/reject_weak/taco_00319_Drink_can_0fe41f45.jpg,,reject_weak,reject,weak_reject_category,Drink can,Drink can,accept,0.700455,0.700455,0.299545,reject,False
images/accept_weak/taco_00320_Plastic_film_6705bad4.jpg,,accept_weak,accept,weak_accept_category,Plastic film,Plastic film|Foam cup|Plastic utensils|Clear plastic bottle|Plastic bottle cap|Disposable food container,accept,0.645317,0.645317,0.354683,reject,True
images/accept_weak/taco_00321_Cigarette_4dbf3812.jpg,,accept_weak,accept,weak_accept_category,Cigarette,Cigarette|Paper cup,accept,0.547828,0.547828,0.452172,reject,True
images/reject_weak/taco_00322_Clear_plastic_bottle_7fb3d83a.jpg,,reject_weak,reject,weak_reject_category,Clear plastic bottle,Clear plastic bottle|Other plastic,accept,0.502118,0.502118,0.497882,reject,False
images/reject_weak/taco_00323_Disposable_plastic_cup_f7a4f15f.jpg,,reject_weak,reject,weak_reject_category,Disposable plastic cup,Disposable plastic cup,accept,0.697052,0.697052,0.302948,reject,False
images/reject_weak/taco_00324_Drink_can_c6336f81.jpg,,reject_weak,reject,weak_reject_category,Drink can,Drink can|Unlabeled litter|Other plastic,accept,0.676629,0.676629,0.323371,reject,False
images/accept_weak/taco_00325_Cigarette_d5302a6b.jpg,,accept_weak,accept,weak_accept_category,Cigarette,Clear plastic bottle|Cigarette|Unlabeled litter,accept,0.597291,0.597291,0.402709,reject,True
images/accept_weak/taco_00326_Cigarette_299e730b.jpg,,accept_weak,accept,weak_accept_category,Cigarette,Cigarette|Metal bottle cap|Unlabeled litter|Other plastic,accept,0.596500,0.596500,0.403500,reject,True
images/accept_weak/taco_00327_Cigarette_89f2a85c.jpg,,accept_weak,accept,weak_accept_category,Cigarette,Cigarette|Paper cup|Unlabeled litter|Wrapping paper,accept,0.734980,0.734980,0.265020,reject,True
images/accept_weak/taco_00328_Cigarette_e690f40d.jpg,,accept_weak,accept,weak_accept_category,Cigarette,Paper cup|Cigarette|Other plastic,accept,0.513155,0.513155,0.486845,reject,True
images/accept_weak/taco_00329_Other_plastic_wrapper_06dc00a6.jpg,,accept_weak,accept,weak_accept_category,Other plastic wrapper,Unlabeled litter|Aluminium blister pack|Other plastic wrapper|Plastic straw|Tissues,accept,0.766232,0.766232,0.233768,accept,True
images/reject_weak/taco_00330_Plastic_straw_8ee5daac.jpg,,reject_weak,reject,weak_reject_category,Plastic straw,Plastic straw|Clear plastic bottle|Plastic bottle cap|Normal paper|Unlabeled litter,accept,0.727164,0.727164,0.272836,reject,False
images/accept_weak/taco_00331_Other_plastic_wrapper_e8e2d7ae.jpg,,accept_weak,accept,weak_accept_category,Other plastic wrapper,Unlabeled litter|Other plastic wrapper,accept,0.644919,0.644919,0.355081,reject,True
images/accept_weak/taco_00332_Other_plastic_wrapper_b2bd1e09.jpg,,accept_weak,accept,weak_accept_category,Other plastic wrapper,Other plastic wrapper|Garbage bag|Cigarette|Paper bag|Unlabeled litter,accept,0.572477,0.572477,0.427523,reject,True
images/accept_weak/taco_00333_Cigarette_d25fd8b2.jpg,,accept_weak,accept,weak_accept_category,Cigarette,Cigarette|Other plastic wrapper,accept,0.877820,0.877820,0.122180,accept,True
images/accept_weak/taco_00334_Other_plastic_wrapper_0f2b42f2.jpg,,accept_weak,accept,weak_accept_category,Other plastic wrapper,Other plastic wrapper|Drink carton|Plastic straw|Plastic film|Other plastic bottle|Plastic bottle cap|Other plastic,reject,0.665866,0.334134,0.665866,reject,False
images/accept_weak/taco_00335_Other_plastic_wrapper_6fc86dcd.jpg,,accept_weak,accept,weak_accept_category,Other plastic wrapper,Other plastic wrapper|Other plastic|Drink can|Clear plastic bottle|Plastic bottle cap,reject,0.522187,0.477813,0.522187,reject,False
images/accept_weak/taco_00336_Plastic_film_d3619b9c.jpg,,accept_weak,accept,weak_accept_category,Plastic film,Other carton|Paper cup|Plastic film|Aluminium foil,accept,0.639634,0.639634,0.360366,reject,True
images/accept_weak/taco_00339_Plastic_film_2cc8ff45.jpg,,accept_weak,accept,weak_accept_category,Plastic film,Plastic film|Clear plastic bottle|Unlabeled litter,accept,0.759768,0.759768,0.240232,reject,True
images/accept_weak/taco_00340_Other_plastic_wrapper_94dead4f.jpg,,accept_weak,accept,weak_accept_category,Other plastic wrapper,Normal paper|Other plastic wrapper|Single-use carrier bag,accept,0.731253,0.731253,0.268747,reject,True
images/accept_weak/taco_00341_Plastic_film_91a5e1e6.jpg,,accept_weak,accept,weak_accept_category,Plastic film,Plastic film,accept,0.616199,0.616199,0.383801,reject,True
images/reject_weak/taco_00342_Plastic_bottle_cap_bbea66fa.jpg,,reject_weak,reject,weak_reject_category,Plastic bottle cap,Plastic bottle cap|Unlabeled litter,reject,0.736557,0.263443,0.736557,reject,True
images/reject_weak/taco_00343_Plastic_bottle_cap_9052d177.jpg,,reject_weak,reject,weak_reject_category,Plastic bottle cap,Plastic bottle cap,reject,0.550668,0.449332,0.550668,reject,True
images/accept_weak/taco_00344_Single-use_carrier_bag_06c93fab.jpg,,accept_weak,accept,weak_accept_category,Single-use carrier bag,Drink can|Single-use carrier bag|Plastic film|Other carton|Clear plastic bottle|Plastic bottle cap,accept,0.657924,0.657924,0.342076,reject,True
images/reject_weak/taco_00345_Drink_can_8b1025d9.jpg,,reject_weak,reject,weak_reject_category,Drink can,Drink can,accept,0.647522,0.647522,0.352478,reject,False
images/reject_weak/taco_00346_Clear_plastic_bottle_e0b95c78.jpg,,reject_weak,reject,weak_reject_category,Clear plastic bottle,Clear plastic bottle,reject,0.506994,0.493006,0.506994,reject,True
images/accept_weak/taco_00347_Cigarette_c652d1e8.jpg,,accept_weak,accept,weak_accept_category,Cigarette,Disposable plastic cup|Plastic straw|Plastic lid|Cigarette,accept,0.724485,0.724485,0.275515,reject,True
images/accept_weak/taco_00348_Other_plastic_wrapper_33f99651.jpg,,accept_weak,accept,weak_accept_category,Other plastic wrapper,Corrugated carton|Clear plastic bottle|Plastic bottle cap|Disposable plastic cup|Other plastic wrapper|Plastic film|Cigarette,accept,0.825507,0.825507,0.174493,accept,True
images/reject_weak/taco_00349_Other_plastic_05a2582e.jpg,,reject_weak,reject,weak_reject_category,Other plastic,Other plastic|Rope & strings,accept,0.816601,0.816601,0.183399,accept,False
images/reject_weak/taco_00350_Disposable_plastic_cup_150a85bc.jpg,,reject_weak,reject,weak_reject_category,Disposable plastic cup,Disposable plastic cup|Unlabeled litter,accept,0.532508,0.532508,0.467492,reject,False
images/accept_weak/taco_00351_Cigarette_4f8f519e.jpg,,accept_weak,accept,weak_accept_category,Cigarette,Cigarette|Rope & strings|Plastic bottle cap|Other plastic|Unlabeled litter,accept,0.829597,0.829597,0.170403,accept,True
images/accept_weak/taco_00352_Cigarette_ece55891.jpg,,accept_weak,accept,weak_accept_category,Cigarette,Other plastic|Cigarette|Unlabeled litter,accept,0.922202,0.922202,0.077798,accept,True
images/reject_weak/taco_00353_Disposable_plastic_cup_5064c7c0.jpg,,reject_weak,reject,weak_reject_category,Disposable plastic cup,Disposable plastic cup,accept,0.858358,0.858358,0.141642,accept,False
images/reject_weak/taco_00354_Drink_can_d7574117.jpg,,reject_weak,reject,weak_reject_category,Drink can,Drink can,accept,0.531688,0.531688,0.468312,reject,False
images/reject_weak/taco_00355_Disposable_plastic_cup_f6ffccc9.jpg,,reject_weak,reject,weak_reject_category,Disposable plastic cup,Disposable plastic cup,accept,0.759782,0.759782,0.240218,reject,False
images/accept_weak/taco_00356_Other_plastic_wrapper_68785c5d.jpg,,accept_weak,accept,weak_accept_category,Other plastic wrapper,Other plastic wrapper|Crisp packet,reject,0.864949,0.135051,0.864949,reject,False
images/accept_weak/taco_00357_Other_plastic_wrapper_cdbd2a3c.jpg,,accept_weak,accept,weak_accept_category,Other plastic wrapper,Other plastic wrapper,reject,0.505693,0.494308,0.505693,reject,False
images/accept_weak/taco_00358_Crisp_packet_5905ba82.jpg,,accept_weak,accept,weak_accept_category,Crisp packet,Crisp packet|Plastic film|Unlabeled litter|Glass bottle|Cigarette,reject,0.795077,0.204923,0.795077,reject,False
images/accept_weak/taco_00359_Single-use_carrier_bag_497990d6.jpg,,accept_weak,accept,weak_accept_category,Single-use carrier bag,Single-use carrier bag|Normal paper|Other plastic wrapper|Other carton|Unlabeled litter,accept,0.993580,0.993580,0.006420,accept,True
images/accept_weak/taco_00360_Other_plastic_wrapper_7f2c5ac2.jpg,,accept_weak,accept,weak_accept_category,Other plastic wrapper,Clear plastic bottle|Other plastic wrapper|Plastic bottle cap,reject,0.911137,0.088864,0.911137,reject,False
images/accept_weak/taco_00361_Other_plastic_wrapper_3e19ee1f.jpg,,accept_weak,accept,weak_accept_category,Other plastic wrapper,Other plastic wrapper,accept,0.590397,0.590397,0.409603,reject,True
images/accept_weak/taco_00362_Other_plastic_wrapper_47973753.jpg,,accept_weak,accept,weak_accept_category,Other plastic wrapper,Other plastic wrapper|Plastic film|Unlabeled litter|Crisp packet|Other plastic bottle,accept,0.715163,0.715163,0.284837,reject,True
images/accept_weak/taco_00363_Plastic_film_7b704d5d.jpg,,accept_weak,accept,weak_accept_category,Plastic film,Plastic film|Normal paper|Other plastic wrapper|Unlabeled litter|Plastic straw|Plastic lid|Styrofoam piece|Other plastic container,reject,0.508465,0.491535,0.508465,reject,False
images/accept_weak/taco_00364_Plastic_film_f05a5f1d.jpg,,accept_weak,accept,weak_accept_category,Plastic film,Drink carton|Plastic film,reject,0.598561,0.401439,0.598561,reject,False
images/accept_weak/taco_00365_Plastic_film_8636ac5f.jpg,,accept_weak,accept,weak_accept_category,Plastic film,Plastic film,reject,0.633647,0.366353,0.633647,reject,False
images/accept_weak/taco_00366_Plastic_film_23444775.jpg,,accept_weak,accept,weak_accept_category,Plastic film,Plastic film,reject,0.698885,0.301115,0.698885,reject,False
images/accept_weak/taco_00367_Other_plastic_wrapper_d3233967.jpg,,accept_weak,accept,weak_accept_category,Other plastic wrapper,Carded blister pack|Other plastic wrapper|Unlabeled litter,accept,0.523359,0.523359,0.476642,reject,True
images/reject_weak/taco_00368_Plastic_straw_fc9cded0.jpg,,reject_weak,reject,weak_reject_category,Plastic straw,Plastic straw|Disposable plastic cup,accept,0.590666,0.590666,0.409334,reject,False
images/reject_weak/taco_00369_Glass_bottle_80cbd87a.jpg,,reject_weak,reject,weak_reject_category,Glass bottle,Glass bottle,accept,0.673557,0.673557,0.326443,reject,False
images/accept_weak/taco_00370_Single-use_carrier_bag_da95dea3.jpg,,accept_weak,accept,weak_accept_category,Single-use carrier bag,Single-use carrier bag,accept,0.612426,0.612426,0.387574,reject,True
images/accept_weak/taco_00371_Plastic_film_103c4ad7.jpg,,accept_weak,accept,weak_accept_category,Plastic film,Plastic film,accept,0.684546,0.684546,0.315454,reject,True
images/accept_weak/taco_00372_Single-use_carrier_bag_56ccde92.jpg,,accept_weak,accept,weak_accept_category,Single-use carrier bag,Single-use carrier bag,accept,0.876879,0.876879,0.123121,accept,True
images/reject_weak/taco_00373_Disposable_plastic_cup_ef9e3b08.jpg,,reject_weak,reject,weak_reject_category,Disposable plastic cup,Disposable plastic cup,accept,0.671698,0.671698,0.328302,reject,False
images/accept_weak/taco_00374_Plastic_film_d10cd287.jpg,,accept_weak,accept,weak_accept_category,Plastic film,Plastic film,accept,0.634062,0.634062,0.365938,reject,True
images/accept_weak/taco_00375_Other_plastic_wrapper_31d6f204.jpg,,accept_weak,accept,weak_accept_category,Other plastic wrapper,Disposable plastic cup|Plastic straw|Unlabeled litter|Other plastic wrapper,accept,0.660680,0.660680,0.339319,reject,True
images/reject_weak/taco_00376_Plastic_straw_3412a3e8.jpg,,reject_weak,reject,weak_reject_category,Plastic straw,Plastic straw,accept,0.551608,0.551608,0.448392,reject,False
images/reject_weak/taco_00377_Drink_can_ada8d4a0.jpg,,reject_weak,reject,weak_reject_category,Drink can,Drink can,reject,0.570214,0.429786,0.570214,reject,True
images/reject_weak/taco_00378_Drink_can_583a5507.jpg,,reject_weak,reject,weak_reject_category,Drink can,Drink can,accept,0.565385,0.565385,0.434615,reject,False
images/accept_weak/taco_00379_Other_plastic_wrapper_54611cd6.jpg,,accept_weak,accept,weak_accept_category,Other plastic wrapper,Other plastic wrapper,accept,0.651321,0.651321,0.348679,reject,True
images/reject_weak/taco_00380_Clear_plastic_bottle_2c4e8da1.jpg,,reject_weak,reject,weak_reject_category,Clear plastic bottle,Clear plastic bottle|Plastic bottle cap,reject,0.664404,0.335596,0.664404,reject,True
images/reject_weak/taco_00381_Normal_paper_ab2dd5bd.jpg,,reject_weak,reject,weak_reject_category,Normal paper,Normal paper,accept,0.515987,0.515987,0.484013,reject,False
images/accept_weak/taco_00382_Other_plastic_wrapper_b3fe418d.jpg,,accept_weak,accept,weak_accept_category,Other plastic wrapper,Other plastic wrapper,accept,0.678359,0.678359,0.321641,reject,True
images/accept_weak/taco_00383_Other_plastic_wrapper_2caabe57.jpg,,accept_weak,accept,weak_accept_category,Other plastic wrapper,Other plastic wrapper,reject,0.507279,0.492721,0.507279,reject,False
images/accept_weak/taco_00384_Plastic_film_ec6c85c7.jpg,,accept_weak,accept,weak_accept_category,Plastic film,Plastic film,accept,0.651988,0.651988,0.348012,reject,True
images/accept_weak/taco_00385_Single-use_carrier_bag_1f9b261f.jpg,,accept_weak,accept,weak_accept_category,Single-use carrier bag,Plastic lid|Paper bag|Single-use carrier bag|Clear plastic bottle|Plastic film|Drink can,accept,0.758634,0.758634,0.241366,reject,True
images/accept_weak/taco_00386_Plastic_film_cc6fe241.jpg,,accept_weak,accept,weak_accept_category,Plastic film,Plastic film|Plastic lid|Other plastic,reject,0.507958,0.492042,0.507958,reject,False
images/accept_weak/taco_00387_Plastic_film_a5f33718.jpg,,accept_weak,accept,weak_accept_category,Plastic film,Meal carton|Plastic film|Single-use carrier bag,reject,0.687302,0.312698,0.687302,reject,False
images/accept_weak/taco_00388_Plastic_film_cf98d328.jpg,,accept_weak,accept,weak_accept_category,Plastic film,Disposable plastic cup|Plastic film|Meal carton|Single-use carrier bag,reject,0.540284,0.459716,0.540284,reject,False
images/accept_weak/taco_00389_Plastic_film_dff8a0ff.jpg,,accept_weak,accept,weak_accept_category,Plastic film,Clear plastic bottle|Plastic bottle cap|Plastic lid|Plastic film|Plastic straw|Unlabeled litter|Other plastic wrapper|Foam food container,reject,0.827939,0.172061,0.827939,reject,False
images/accept_weak/taco_00390_Plastic_film_e882573a.jpg,,accept_weak,accept,weak_accept_category,Plastic film,Plastic straw|Plastic film|Disposable plastic cup,accept,0.678259,0.678259,0.321741,reject,True
images/accept_weak/taco_00391_Other_plastic_wrapper_4dd4c4dd.jpg,,accept_weak,accept,weak_accept_category,Other plastic wrapper,Other plastic wrapper|Plastic bottle cap|Clear plastic bottle|Unlabeled litter,accept,0.522244,0.522244,0.477756,reject,True
images/accept_weak/taco_00392_Plastic_film_647e5b8a.jpg,,accept_weak,accept,weak_accept_category,Plastic film,Plastic straw|Plastic lid|Disposable plastic cup|Plastic film|Other plastic wrapper,accept,0.674465,0.674465,0.325535,reject,True
images/accept_weak/taco_00393_Other_plastic_wrapper_fd9637b2.jpg,,accept_weak,accept,weak_accept_category,Other plastic wrapper,Disposable plastic cup|Other plastic wrapper|Plastic lid,accept,0.607399,0.607399,0.392601,reject,True
images/accept_weak/taco_00394_Plastic_film_1836db1a.jpg,,accept_weak,accept,weak_accept_category,Plastic film,Clear plastic bottle|Other plastic|Plastic film|Unlabeled litter,reject,0.605197,0.394803,0.605197,reject,False
images/reject_weak/taco_00395_Plastic_bottle_cap_938efe3d.jpg,,reject_weak,reject,weak_reject_category,Plastic bottle cap,Plastic bottle cap|Clear plastic bottle|Unlabeled litter,accept,0.594710,0.594710,0.405290,reject,False
images/accept_weak/taco_00396_Foam_food_container_5a35177d.jpg,,accept_weak,accept,weak_accept_category,Foam food container,Unlabeled litter|Foam food container,reject,0.668713,0.331287,0.668713,reject,False
images/accept_weak/taco_00397_Single-use_carrier_bag_fb40d155.jpg,,accept_weak,accept,weak_accept_category,Single-use carrier bag,Single-use carrier bag,accept,0.678095,0.678095,0.321905,reject,True
images/accept_weak/taco_00398_Plastic_film_9fc3b538.jpg,,accept_weak,accept,weak_accept_category,Plastic film,Plastic film|Plastic straw|Cigarette,reject,0.500624,0.499376,0.500624,reject,False
images/reject_weak/taco_00399_Normal_paper_1157f879.jpg,,reject_weak,reject,weak_reject_category,Normal paper,Normal paper,accept,0.760768,0.760768,0.239232,accept,False
images/accept_weak/taco_00400_Plastic_film_10a2fa45.jpg,,accept_weak,accept,weak_accept_category,Plastic film,Plastic film,accept,0.719311,0.719311,0.280689,reject,True
images/accept_weak/taco_00402_Plastic_utensils_0f8175c3.jpg,,accept_weak,accept,weak_accept_category,Plastic utensils,Plastic utensils,reject,0.506312,0.493688,0.506312,reject,False
images/reject_weak/taco_00403_Wrapping_paper_30ce96e9.jpg,,reject_weak,reject,weak_reject_category,Wrapping paper,Wrapping paper,accept,0.596286,0.596286,0.403714,reject,False
images/accept_weak/taco_00404_Single-use_carrier_bag_233986b6.jpg,,accept_weak,accept,weak_accept_category,Single-use carrier bag,Single-use carrier bag|Unlabeled litter|Meal carton,reject,0.754653,0.245347,0.754653,reject,False
images/accept_weak/taco_00405_Other_plastic_wrapper_fe7499d5.jpg,,accept_weak,accept,weak_accept_category,Other plastic wrapper,Disposable plastic cup|Plastic straw|Other plastic wrapper,accept,0.695872,0.695872,0.304128,reject,True
images/accept_weak/taco_00406_Other_plastic_wrapper_1724da0d.jpg,,accept_weak,accept,weak_accept_category,Other plastic wrapper,Other plastic wrapper|Plastic film|Other carton,accept,0.554507,0.554507,0.445493,reject,True
images/accept_weak/taco_00407_Other_plastic_wrapper_076fbfa1.jpg,,accept_weak,accept,weak_accept_category,Other plastic wrapper,Other plastic wrapper,accept,0.557162,0.557162,0.442838,reject,True
images/accept_weak/taco_00408_Cigarette_2795b785.jpg,,accept_weak,accept,weak_accept_category,Cigarette,Plastic straw|Cigarette,accept,0.712150,0.712150,0.287850,reject,True
images/accept_weak/taco_00409_Plastic_film_7111218a.jpg,,accept_weak,accept,weak_accept_category,Plastic film,Disposable plastic cup|Plastic lid|Plastic straw|Plastic film,accept,0.618380,0.618380,0.381620,reject,True
images/accept_weak/taco_00410_Other_plastic_wrapper_dd575b80.jpg,,accept_weak,accept,weak_accept_category,Other plastic wrapper,Other plastic wrapper|Plastic film|Other carton|Clear plastic bottle|Plastic bottle cap,accept,0.602764,0.602764,0.397236,reject,True
images/accept_weak/taco_00411_Cigarette_72d693b6.jpg,,accept_weak,accept,weak_accept_category,Cigarette,Disposable plastic cup|Plastic lid|Plastic straw|Cigarette,reject,0.548274,0.451726,0.548274,reject,False
images/accept_weak/taco_00412_Single-use_carrier_bag_4537be68.jpg,,accept_weak,accept,weak_accept_category,Single-use carrier bag,Single-use carrier bag,accept,0.769771,0.769771,0.230229,accept,True
images/reject_weak/taco_00413_Plastic_bottle_cap_a1f648c3.jpg,,reject_weak,reject,weak_reject_category,Plastic bottle cap,Plastic bottle cap,accept,0.625970,0.625970,0.374030,reject,False
images/accept_weak/taco_00414_Other_plastic_wrapper_951f0514.jpg,,accept_weak,accept,weak_accept_category,Other plastic wrapper,Other plastic wrapper|Other plastic bottle|Plastic straw|Drink carton|Unlabeled litter,reject,0.536004,0.463996,0.536004,reject,False
images/accept_weak/taco_00415_Other_plastic_wrapper_dbd374a9.jpg,,accept_weak,accept,weak_accept_category,Other plastic wrapper,Disposable plastic cup|Unlabeled litter|Other plastic wrapper|Other plastic,accept,0.605790,0.605790,0.394210,reject,True
images/accept_weak/taco_00416_Plastic_utensils_a2e13620.jpg,,accept_weak,accept,weak_accept_category,Plastic utensils,Plastic straw|Plastic utensils|Disposable plastic cup|Other plastic wrapper|Other carton,accept,0.702202,0.702202,0.297798,reject,True
images/reject_weak/taco_00417_Drink_carton_8e6fc27a.jpg,,reject_weak,reject,weak_reject_category,Drink carton,Drink carton|Plastic straw,reject,0.949568,0.050432,0.949568,reject,True
images/reject_weak/taco_00418_Disposable_plastic_cup_d39f510b.jpg,,reject_weak,reject,weak_reject_category,Disposable plastic cup,Disposable plastic cup,accept,0.645173,0.645173,0.354827,reject,False
images/accept_weak/taco_00419_Other_plastic_wrapper_3ddf1179.jpg,,accept_weak,accept,weak_accept_category,Other plastic wrapper,Other plastic wrapper,reject,0.842556,0.157443,0.842556,reject,False
images/accept_weak/taco_00420_Plastic_film_48e32848.jpg,,accept_weak,accept,weak_accept_category,Plastic film,Plastic straw|Other plastic|Drink carton|Plastic film,reject,0.912040,0.087960,0.912040,reject,False
images/accept_weak/taco_00421_Plastic_film_ddeab03a.jpg,,accept_weak,accept,weak_accept_category,Plastic film,Plastic straw|Plastic film,reject,0.664615,0.335385,0.664615,reject,False
images/reject_weak/taco_00422_Plastic_straw_aa1d10d3.jpg,,reject_weak,reject,weak_reject_category,Plastic straw,Plastic straw,reject,0.883793,0.116207,0.883793,reject,True
images/accept_weak/taco_00423_Plastic_film_d9e7f9de.jpg,,accept_weak,accept,weak_accept_category,Plastic film,Plastic straw|Disposable plastic cup|Plastic film|Plastic lid|Other plastic,accept,0.672025,0.672025,0.327975,reject,True
images/accept_weak/taco_00424_Other_plastic_wrapper_5323124c.jpg,,accept_weak,accept,weak_accept_category,Other plastic wrapper,Other plastic wrapper,reject,0.627598,0.372402,0.627598,reject,False
images/accept_weak/taco_00425_Plastic_film_577cd57a.jpg,,accept_weak,accept,weak_accept_category,Plastic film,Plastic film,accept,0.717376,0.717376,0.282624,reject,True
images/accept_weak/taco_00426_Plastic_film_e7fea7e8.jpg,,accept_weak,accept,weak_accept_category,Plastic film,Plastic straw|Plastic film|Drink carton|Other plastic wrapper|Unlabeled litter|Cigarette|Other plastic,accept,0.729887,0.729887,0.270113,reject,True
images/reject_weak/taco_00427_Drink_can_8b6873cd.jpg,,reject_weak,reject,weak_reject_category,Drink can,Drink can|Plastic bottle cap|Other plastic bottle,accept,0.685383,0.685383,0.314617,reject,False
images/reject_weak/taco_00428_Drink_can_c72483a8.jpg,,reject_weak,reject,weak_reject_category,Drink can,Drink can|Pop tab,accept,0.590658,0.590658,0.409342,reject,False
images/reject_weak/taco_00429_Plastic_bottle_cap_84bde073.jpg,,reject_weak,reject,weak_reject_category,Plastic bottle cap,Plastic bottle cap|Clear plastic bottle,reject,0.960536,0.039464,0.960536,reject,True
images/accept_weak/taco_00430_Styrofoam_piece_d8593837.jpg,,accept_weak,accept,weak_accept_category,Styrofoam piece,Styrofoam piece,reject,0.561613,0.438387,0.561613,reject,False
images/accept_weak/taco_00432_Plastic_film_97a9ef9d.jpg,,accept_weak,accept,weak_accept_category,Plastic film,Plastic film|Other plastic,accept,0.647774,0.647774,0.352226,reject,True
images/reject_weak/taco_00433_Plastic_lid_7b3846db.jpg,,reject_weak,reject,weak_reject_category,Plastic lid,Plastic lid,accept,0.704081,0.704081,0.295919,reject,False
images/reject_weak/taco_00434_Aluminium_foil_098a91cb.jpg,,reject_weak,reject,weak_reject_category,Aluminium foil,Aluminium foil,accept,0.671791,0.671791,0.328210,reject,False
images/reject_weak/taco_00435_Other_plastic_bottle_dad9c752.jpg,,reject_weak,reject,weak_reject_category,Other plastic bottle,Other plastic bottle,reject,0.727938,0.272062,0.727938,reject,True
images/accept_weak/taco_00436_Other_plastic_wrapper_9aa2de79.jpg,,accept_weak,accept,weak_accept_category,Other plastic wrapper,Other plastic wrapper|Other plastic,accept,0.772718,0.772718,0.227282,accept,True
images/reject_weak/taco_00437_Plastic_bottle_cap_1ee5c34d.jpg,,reject_weak,reject,weak_reject_category,Plastic bottle cap,Plastic bottle cap|Clear plastic bottle,reject,0.781080,0.218920,0.781080,reject,True
images/reject_weak/taco_00438_Drink_can_4159205e.jpg,,reject_weak,reject,weak_reject_category,Drink can,Drink can,reject,0.901300,0.098700,0.901300,reject,True
images/accept_weak/taco_00439_Plastic_film_a12da192.jpg,,accept_weak,accept,weak_accept_category,Plastic film,Plastic film,accept,0.765855,0.765855,0.234145,accept,True
images/reject_weak/taco_00440_Clear_plastic_bottle_2056839b.jpg,,reject_weak,reject,weak_reject_category,Clear plastic bottle,Clear plastic bottle|Plastic bottle cap,reject,0.961352,0.038648,0.961352,reject,True
images/accept_weak/taco_00441_Other_plastic_wrapper_1ae1f4a9.jpg,,accept_weak,accept,weak_accept_category,Other plastic wrapper,Other plastic wrapper,reject,0.612372,0.387628,0.612372,reject,False
images/accept_weak/taco_00442_Plastic_film_36955af1.jpg,,accept_weak,accept,weak_accept_category,Plastic film,Plastic straw|Plastic film,reject,0.816588,0.183412,0.816588,reject,False
images/reject_weak/taco_00443_Clear_plastic_bottle_73b32455.jpg,,reject_weak,reject,weak_reject_category,Clear plastic bottle,Clear plastic bottle,reject,0.695879,0.304121,0.695879,reject,True
images/reject_weak/taco_00444_Clear_plastic_bottle_ed728c9b.jpg,,reject_weak,reject,weak_reject_category,Clear plastic bottle,Clear plastic bottle|Plastic bottle cap,reject,0.510803,0.489197,0.510803,reject,True
images/accept_weak/taco_00445_Plastic_utensils_d81fd89b.jpg,,accept_weak,accept,weak_accept_category,Plastic utensils,Plastic utensils|Other plastic wrapper|Unlabeled litter,reject,0.586131,0.413869,0.586131,reject,False
images/reject_weak/taco_00446_Drink_can_13965f95.jpg,,reject_weak,reject,weak_reject_category,Drink can,Drink can|Pop tab,reject,0.685121,0.314879,0.685121,reject,True
images/accept_weak/taco_00447_Plastic_film_06544904.jpg,,accept_weak,accept,weak_accept_category,Plastic film,Plastic film,accept,0.791864,0.791864,0.208136,accept,True
images/accept_weak/taco_00448_Plastic_utensils_0d4fe2a5.jpg,,accept_weak,accept,weak_accept_category,Plastic utensils,Plastic utensils|Plastic straw,reject,0.556703,0.443297,0.556703,reject,False
images/reject_weak/taco_00449_Drink_carton_a9dfea93.jpg,,reject_weak,reject,weak_reject_category,Drink carton,Drink carton,reject,0.763747,0.236253,0.763747,reject,True
images/accept_weak/taco_00450_Styrofoam_piece_c9207f96.jpg,,accept_weak,accept,weak_accept_category,Styrofoam piece,Styrofoam piece|Rope & strings,accept,0.738378,0.738378,0.261622,reject,True
images/accept_weak/taco_00451_Cigarette_63f498f2.jpg,,accept_weak,accept,weak_accept_category,Cigarette,Unlabeled litter|Cigarette,accept,0.696871,0.696871,0.303129,reject,True
images/accept_weak/taco_00452_Other_plastic_wrapper_db63ffc8.jpg,,accept_weak,accept,weak_accept_category,Other plastic wrapper,Other plastic wrapper,accept,0.766328,0.766328,0.233672,accept,True
images/reject_weak/taco_00453_Other_carton_409884eb.jpg,,reject_weak,reject,weak_reject_category,Other carton,Other carton|Other plastic,accept,0.552321,0.552321,0.447679,reject,False
images/accept_weak/taco_00454_Styrofoam_piece_7bc55532.jpg,,accept_weak,accept,weak_accept_category,Styrofoam piece,Styrofoam piece|Other carton,reject,0.531771,0.468229,0.531771,reject,False
images/reject_weak/taco_00455_Corrugated_carton_01f2bf64.jpg,,reject_weak,reject,weak_reject_category,Corrugated carton,Corrugated carton|Drink can|Pop tab,accept,0.741720,0.741720,0.258280,reject,False
images/reject_weak/taco_00456_Battery_6384ce82.jpg,,reject_weak,reject,weak_reject_category,Battery,Battery,accept,0.621579,0.621579,0.378421,reject,False
images/accept_weak/taco_00457_Tissues_8376cc14.jpg,,accept_weak,accept,weak_accept_category,Tissues,Tissues|Disposable plastic cup|Plastic straw|Plastic lid|Normal paper|Cigarette|Other carton|Paper bag,accept,0.712319,0.712319,0.287681,reject,True
images/accept_weak/taco_00458_Other_plastic_wrapper_c1f0ade5.jpg,,accept_weak,accept,weak_accept_category,Other plastic wrapper,Other plastic wrapper,accept,0.774632,0.774632,0.225368,accept,True
images/accept_weak/taco_00459_Plastic_film_c3c50f1d.jpg,,accept_weak,accept,weak_accept_category,Plastic film,Plastic film,accept,0.726236,0.726236,0.273764,reject,True
images/accept_weak/taco_00460_Disposable_food_container_e45a0207.jpg,,accept_weak,accept,weak_accept_category,Disposable food container,Foam cup|Glass bottle|Plastic lid|Disposable plastic cup|Paper cup|Drink can|Disposable food container|Unlabeled litter|Paper straw,accept,0.648797,0.648797,0.351203,reject,True
images/accept_weak/taco_00461_Plastic_utensils_302d026e.jpg,,accept_weak,accept,weak_accept_category,Plastic utensils,Plastic utensils,accept,0.544966,0.544966,0.455034,reject,True
images/accept_weak/taco_00462_Other_plastic_wrapper_0f72027f.jpg,,accept_weak,accept,weak_accept_category,Other plastic wrapper,Other plastic wrapper,accept,0.693909,0.693909,0.306091,reject,True
images/reject_weak/taco_00463_Scrap_metal_61b2c3b2.jpg,,reject_weak,reject,weak_reject_category,Scrap metal,Scrap metal,accept,0.932961,0.932961,0.067039,accept,False
images/accept_weak/taco_00464_Styrofoam_piece_8641bf20.jpg,,accept_weak,accept,weak_accept_category,Styrofoam piece,Styrofoam piece,accept,0.914147,0.914147,0.085853,accept,True
images/reject_weak/taco_00465_Tupperware_802a7678.jpg,,reject_weak,reject,weak_reject_category,Tupperware,Tupperware,reject,0.991581,0.008419,0.991581,reject,True
images/accept_weak/taco_00466_Plastic_film_09b73746.jpg,,accept_weak,accept,weak_accept_category,Plastic film,Plastic film,accept,0.645378,0.645378,0.354622,reject,True
images/reject_weak/taco_00467_Metal_bottle_cap_9ab84b7f.jpg,,reject_weak,reject,weak_reject_category,Metal bottle cap,Metal bottle cap,reject,0.686193,0.313807,0.686193,reject,True
images/reject_weak/taco_00468_Glass_bottle_df08548d.jpg,,reject_weak,reject,weak_reject_category,Glass bottle,Glass bottle,reject,0.718013,0.281987,0.718013,reject,True
images/reject_weak/taco_00469_Other_plastic_e380a0a4.jpg,,reject_weak,reject,weak_reject_category,Other plastic,Other plastic,reject,0.790349,0.209651,0.790349,reject,True
images/reject_weak/taco_00471_Pop_tab_3f4a5030.jpg,,reject_weak,reject,weak_reject_category,Pop tab,Pop tab,reject,0.665757,0.334243,0.665757,reject,True
images/reject_weak/taco_00472_Other_carton_2d04f385.jpg,,reject_weak,reject,weak_reject_category,Other carton,Other carton,reject,0.549154,0.450846,0.549154,reject,True
images/reject_weak/taco_00473_Other_plastic_162e30af.jpg,,reject_weak,reject,weak_reject_category,Other plastic,Other plastic,reject,0.928496,0.071504,0.928496,reject,True
images/reject_weak/taco_00474_Plastic_bottle_cap_ca84baf9.jpg,,reject_weak,reject,weak_reject_category,Plastic bottle cap,Plastic bottle cap,reject,0.990230,0.009770,0.990230,reject,True
images/accept_weak/taco_00475_Plastic_film_c81b677d.jpg,,accept_weak,accept,weak_accept_category,Plastic film,Plastic film,accept,0.708850,0.708850,0.291150,reject,True
images/reject_weak/taco_00476_Other_plastic_2a9ae1fc.jpg,,reject_weak,reject,weak_reject_category,Other plastic,Other plastic,reject,0.565689,0.434311,0.565689,reject,True
images/accept_weak/taco_00477_Plastic_film_937f0228.jpg,,accept_weak,accept,weak_accept_category,Plastic film,Plastic film,accept,0.738015,0.738015,0.261985,reject,True
images/reject_weak/taco_00478_Metal_bottle_cap_9e1ceb0e.jpg,,reject_weak,reject,weak_reject_category,Metal bottle cap,Metal bottle cap,reject,0.896733,0.103267,0.896733,reject,True
images/accept_weak/taco_00479_Plastic_film_72a18ac2.jpg,,accept_weak,accept,weak_accept_category,Plastic film,Other carton|Plastic film,reject,0.680846,0.319154,0.680846,reject,False
images/reject_weak/taco_00480_Metal_bottle_cap_6519c2b9.jpg,,reject_weak,reject,weak_reject_category,Metal bottle cap,Metal bottle cap,reject,0.618455,0.381545,0.618455,reject,True
images/accept_weak/taco_00481_Single-use_carrier_bag_6d1bcf12.jpg,,accept_weak,accept,weak_accept_category,Single-use carrier bag,Single-use carrier bag|Normal paper,accept,0.974176,0.974176,0.025824,accept,True
images/reject_weak/taco_00482_Metal_bottle_cap_bb934b55.jpg,,reject_weak,reject,weak_reject_category,Metal bottle cap,Metal bottle cap,reject,0.872978,0.127022,0.872978,reject,True
images/reject_weak/taco_00483_Drink_can_9e353d79.jpg,,reject_weak,reject,weak_reject_category,Drink can,Drink can,reject,0.805968,0.194032,0.805968,reject,True
images/accept_weak/taco_00484_Other_plastic_wrapper_aace0446.jpg,,accept_weak,accept,weak_accept_category,Other plastic wrapper,Other plastic wrapper|Plastic film|Unlabeled litter|Cigarette,accept,0.544157,0.544157,0.455843,reject,True
images/reject_weak/taco_00485_Metal_bottle_cap_dde915f0.jpg,,reject_weak,reject,weak_reject_category,Metal bottle cap,Metal bottle cap,reject,0.602922,0.397078,0.602922,reject,True
images/accept_weak/taco_00486_Plastic_film_50ed1068.jpg,,accept_weak,accept,weak_accept_category,Plastic film,Plastic film,accept,0.636539,0.636539,0.363461,reject,True
images/reject_weak/taco_00487_Clear_plastic_bottle_faf9b546.jpg,,reject_weak,reject,weak_reject_category,Clear plastic bottle,Clear plastic bottle,reject,0.843903,0.156097,0.843903,reject,True
images/accept_weak/taco_00488_Cigarette_14bc1e9c.jpg,,accept_weak,accept,weak_accept_category,Cigarette,Cigarette|Other plastic,reject,0.777161,0.222839,0.777161,reject,False
images/reject_weak/taco_00489_Drink_can_0d519e40.jpg,,reject_weak,reject,weak_reject_category,Drink can,Drink can,accept,0.739675,0.739675,0.260325,reject,False
images/accept_weak/taco_00490_Cigarette_fde3ea9c.jpg,,accept_weak,accept,weak_accept_category,Cigarette,Cigarette,reject,0.524052,0.475948,0.524052,reject,False
images/reject_weak/taco_00491_Metal_bottle_cap_ed3686f3.jpg,,reject_weak,reject,weak_reject_category,Metal bottle cap,Metal bottle cap,reject,0.571044,0.428956,0.571044,reject,True
images/reject_weak/taco_00492_Plastic_lid_1b774e6e.jpg,,reject_weak,reject,weak_reject_category,Plastic lid,Plastic lid,accept,0.693621,0.693621,0.306379,reject,False
images/reject_weak/taco_00493_Clear_plastic_bottle_316f93de.jpg,,reject_weak,reject,weak_reject_category,Clear plastic bottle,Clear plastic bottle|Plastic bottle cap,reject,0.531493,0.468507,0.531493,reject,True
images/reject_weak/taco_00494_Clear_plastic_bottle_211715f2.jpg,,reject_weak,reject,weak_reject_category,Clear plastic bottle,Clear plastic bottle,reject,0.569836,0.430164,0.569836,reject,True
images/reject_weak/taco_00495_Drink_can_ca54e4fe.jpg,,reject_weak,reject,weak_reject_category,Drink can,Drink can|Pop tab,reject,0.848544,0.151456,0.848544,reject,True
images/reject_weak/taco_00496_Clear_plastic_bottle_43127155.jpg,,reject_weak,reject,weak_reject_category,Clear plastic bottle,Clear plastic bottle|Plastic bottle cap,accept,0.613335,0.613335,0.386665,reject,False
images/reject_weak/taco_00497_Other_plastic_c3a3bd86.jpg,,reject_weak,reject,weak_reject_category,Other plastic,Other plastic,accept,0.834996,0.834996,0.165004,accept,False
images/reject_weak/taco_00498_Other_plastic_b2f70716.jpg,,reject_weak,reject,weak_reject_category,Other plastic,Other plastic,accept,0.727448,0.727448,0.272552,reject,False
images/accept_weak/taco_00499_Disposable_food_container_005018eb.jpg,,accept_weak,accept,weak_accept_category,Disposable food container,Disposable food container,reject,0.641193,0.358807,0.641193,reject,False
images/accept_weak/taco_00500_Plastic_film_45dd6359.jpg,,accept_weak,accept,weak_accept_category,Plastic film,Plastic film,accept,0.607964,0.607964,0.392036,reject,True
images/accept_weak/taco_00501_Other_plastic_wrapper_a4bce369.jpg,,accept_weak,accept,weak_accept_category,Other plastic wrapper,Other plastic wrapper,accept,0.909395,0.909395,0.090605,accept,True
images/reject_weak/taco_00502_Disposable_plastic_cup_48f0ca87.jpg,,reject_weak,reject,weak_reject_category,Disposable plastic cup,Disposable plastic cup,accept,0.730018,0.730018,0.269982,reject,False
images/reject_weak/taco_00503_Paper_cup_0993a286.jpg,,reject_weak,reject,weak_reject_category,Paper cup,Paper cup|Rope & strings,accept,0.722690,0.722690,0.277310,reject,False
images/accept_weak/taco_00504_Plastic_film_f58a28fc.jpg,,accept_weak,accept,weak_accept_category,Plastic film,Plastic film|Cigarette,accept,0.888752,0.888752,0.111248,accept,True
images/accept_weak/taco_00505_Other_plastic_wrapper_72cd3716.jpg,,accept_weak,accept,weak_accept_category,Other plastic wrapper,Other plastic wrapper,accept,0.639352,0.639352,0.360648,reject,True
images/reject_weak/taco_00506_Plastic_straw_cacfd94d.jpg,,reject_weak,reject,weak_reject_category,Plastic straw,Plastic straw,reject,0.702989,0.297011,0.702989,reject,True
images/reject_weak/taco_00507_Other_plastic_bottle_a5669156.jpg,,reject_weak,reject,weak_reject_category,Other plastic bottle,Other plastic bottle|Plastic bottle cap,reject,0.945970,0.054030,0.945970,reject,True
images/reject_weak/taco_00508_Other_plastic_bottle_9f922e04.jpg,,reject_weak,reject,weak_reject_category,Other plastic bottle,Other plastic bottle|Plastic bottle cap,accept,0.554144,0.554144,0.445856,reject,False
images/reject_weak/taco_00509_Metal_bottle_cap_4f57f2f6.jpg,,reject_weak,reject,weak_reject_category,Metal bottle cap,Metal bottle cap,reject,0.933435,0.066565,0.933435,reject,True
images/reject_weak/taco_00510_Other_plastic_4316e966.jpg,,reject_weak,reject,weak_reject_category,Other plastic,Other plastic|Unlabeled litter,accept,0.826690,0.826690,0.173310,accept,False
images/accept_weak/taco_00511_Plastic_film_005fec89.jpg,,accept_weak,accept,weak_accept_category,Plastic film,Plastic film,accept,0.562484,0.562484,0.437516,reject,True
images/accept_weak/taco_00512_Cigarette_4617d2e8.jpg,,accept_weak,accept,weak_accept_category,Cigarette,Cigarette,accept,0.577950,0.577950,0.422050,reject,True
images/accept_weak/taco_00513_Plastic_film_0791bc0a.jpg,,accept_weak,accept,weak_accept_category,Plastic film,Plastic film,accept,0.692112,0.692112,0.307888,reject,True
images/reject_weak/taco_00514_Clear_plastic_bottle_38bcf645.jpg,,reject_weak,reject,weak_reject_category,Clear plastic bottle,Clear plastic bottle|Plastic bottle cap,reject,0.787033,0.212967,0.787033,reject,True
images/reject_weak/taco_00515_Pop_tab_3cd15b36.jpg,,reject_weak,reject,weak_reject_category,Pop tab,Pop tab,reject,0.545778,0.454222,0.545778,reject,True
images/accept_weak/taco_00516_Plastic_utensils_0fc58770.jpg,,accept_weak,accept,weak_accept_category,Plastic utensils,Plastic utensils|Clear plastic bottle|Unlabeled litter,reject,0.823700,0.176300,0.823700,reject,False
images/accept_weak/taco_00517_Tissues_52632e83.jpg,,accept_weak,accept,weak_accept_category,Tissues,Tissues,accept,0.713144,0.713144,0.286856,reject,True
images/reject_weak/taco_00518_Other_carton_69f98d38.jpg,,reject_weak,reject,weak_reject_category,Other carton,Other carton,reject,0.543768,0.456232,0.543768,reject,True
images/accept_weak/taco_00519_Plastic_film_faf13bb3.jpg,,accept_weak,accept,weak_accept_category,Plastic film,Plastic film,accept,0.768835,0.768835,0.231165,accept,True
images/reject_weak/taco_00520_Clear_plastic_bottle_6f840c8b.jpg,,reject_weak,reject,weak_reject_category,Clear plastic bottle,Clear plastic bottle|Plastic bottle cap,accept,0.593834,0.593834,0.406166,reject,False
images/reject_weak/taco_00521_Other_carton_f423cf28.jpg,,reject_weak,reject,weak_reject_category,Other carton,Other carton,accept,0.789448,0.789448,0.210552,accept,False
images/reject_weak/taco_00522_Drink_can_8c8e9d2f.jpg,,reject_weak,reject,weak_reject_category,Drink can,Drink can|Other plastic bottle|Other carton|Pop tab,accept,0.801570,0.801570,0.198430,accept,False
images/reject_weak/taco_00523_Paper_bag_57f7dceb.jpg,,reject_weak,reject,weak_reject_category,Paper bag,Paper bag|Plastic lid|Paper cup|Wrapping paper,accept,0.614358,0.614358,0.385642,reject,False
images/reject_weak/taco_00524_Clear_plastic_bottle_ee0f8107.jpg,,reject_weak,reject,weak_reject_category,Clear plastic bottle,Clear plastic bottle|Plastic bottle cap,accept,0.679354,0.679354,0.320646,reject,False
images/reject_weak/taco_00525_Drink_can_45fb0a5d.jpg,,reject_weak,reject,weak_reject_category,Drink can,Drink can,reject,0.581225,0.418775,0.581225,reject,True
images/reject_weak/taco_00526_Clear_plastic_bottle_6b12602b.jpg,,reject_weak,reject,weak_reject_category,Clear plastic bottle,Clear plastic bottle|Plastic bottle cap,accept,0.612541,0.612541,0.387459,reject,False
images/accept_weak/taco_00527_Plastic_film_c371db04.jpg,,accept_weak,accept,weak_accept_category,Plastic film,Plastic film,accept,0.555838,0.555838,0.444162,reject,True
images/accept_weak/taco_00528_Plastic_film_ccde25ec.jpg,,accept_weak,accept,weak_accept_category,Plastic film,Plastic film,accept,0.626000,0.626000,0.374000,reject,True
images/accept_weak/taco_00529_Plastic_film_6db65bb2.jpg,,accept_weak,accept,weak_accept_category,Plastic film,Plastic film,reject,0.791648,0.208352,0.791648,reject,False
images/reject_weak/taco_00530_Plastic_bottle_cap_ac4009a1.jpg,,reject_weak,reject,weak_reject_category,Plastic bottle cap,Plastic bottle cap,reject,0.957728,0.042272,0.957728,reject,True
images/reject_weak/taco_00531_Plastic_bottle_cap_4ba0ab8a.jpg,,reject_weak,reject,weak_reject_category,Plastic bottle cap,Plastic bottle cap,reject,0.918171,0.081829,0.918171,reject,True
images/reject_weak/taco_00532_Disposable_plastic_cup_00245c44.jpg,,reject_weak,reject,weak_reject_category,Disposable plastic cup,Disposable plastic cup,reject,0.669582,0.330418,0.669582,reject,True
images/accept_weak/taco_00533_Cigarette_aa01cd6e.jpg,,accept_weak,accept,weak_accept_category,Cigarette,Cigarette|Paper bag,reject,0.738284,0.261716,0.738284,reject,False
images/reject_weak/taco_00534_Disposable_plastic_cup_25f92989.jpg,,reject_weak,reject,weak_reject_category,Disposable plastic cup,Disposable plastic cup,accept,0.709091,0.709091,0.290909,reject,False
images/accept_weak/taco_00535_Plastic_film_c98ffa9f.jpg,,accept_weak,accept,weak_accept_category,Plastic film,Plastic film,reject,0.754665,0.245335,0.754665,reject,False
images/accept_weak/taco_00536_Other_plastic_wrapper_e2aba4f4.jpg,,accept_weak,accept,weak_accept_category,Other plastic wrapper,Other plastic wrapper,accept,0.631972,0.631972,0.368028,reject,True
images/reject_weak/taco_00537_Drink_can_3900d992.jpg,,reject_weak,reject,weak_reject_category,Drink can,Drink can|Pop tab,reject,0.886968,0.113032,0.886968,reject,True
images/reject_weak/taco_00538_Clear_plastic_bottle_1e43b025.jpg,,reject_weak,reject,weak_reject_category,Clear plastic bottle,Clear plastic bottle|Plastic bottle cap|Aluminium foil,reject,0.923746,0.076254,0.923746,reject,True
images/reject_weak/taco_00539_Glass_bottle_15b9eebf.jpg,,reject_weak,reject,weak_reject_category,Glass bottle,Glass bottle,reject,0.981597,0.018403,0.981597,reject,True
images/reject_weak/taco_00540_Glass_bottle_da178cea.jpg,,reject_weak,reject,weak_reject_category,Glass bottle,Glass bottle,reject,0.968646,0.031354,0.968646,reject,True
images/reject_weak/taco_00541_Metal_bottle_cap_8a6d7638.jpg,,reject_weak,reject,weak_reject_category,Metal bottle cap,Metal bottle cap,accept,0.501381,0.501381,0.498619,reject,False
images/reject_weak/taco_00542_Plastic_straw_754cede4.jpg,,reject_weak,reject,weak_reject_category,Plastic straw,Plastic straw,accept,0.516214,0.516214,0.483786,reject,False
images/reject_weak/taco_00543_Other_plastic_bottle_268362d7.jpg,,reject_weak,reject,weak_reject_category,Other plastic bottle,Other plastic bottle|Plastic bottle cap,reject,0.535473,0.464527,0.535473,reject,True
images/reject_weak/taco_00544_Metal_bottle_cap_aa499c35.jpg,,reject_weak,reject,weak_reject_category,Metal bottle cap,Metal bottle cap|Unlabeled litter,accept,0.702300,0.702300,0.297700,reject,False
images/reject_weak/taco_00545_Metal_bottle_cap_12dcdc6c.jpg,,reject_weak,reject,weak_reject_category,Metal bottle cap,Metal bottle cap,reject,0.956275,0.043725,0.956275,reject,True
images/accept_weak/taco_00546_Cigarette_670b8a5d.jpg,,accept_weak,accept,weak_accept_category,Cigarette,Cigarette,accept,0.518634,0.518634,0.481366,reject,True
images/accept_weak/taco_00548_Cigarette_df5b4df5.jpg,,accept_weak,accept,weak_accept_category,Cigarette,Drink can|Pop tab|Cigarette,accept,0.502811,0.502811,0.497189,reject,True
images/accept_weak/taco_00549_Plastic_film_158d51ed.jpg,,accept_weak,accept,weak_accept_category,Plastic film,Clear plastic bottle|Plastic film,reject,0.533864,0.466136,0.533864,reject,False
images/reject_weak/taco_00550_Broken_glass_19d6cb10.jpg,,reject_weak,reject,weak_reject_category,Broken glass,Broken glass,accept,0.755527,0.755527,0.244473,reject,False
images/reject_weak/taco_00552_Plastic_bottle_cap_bfb4c42f.jpg,,reject_weak,reject,weak_reject_category,Plastic bottle cap,Plastic bottle cap,accept,0.520391,0.520391,0.479609,reject,False
images/accept_weak/taco_00553_Styrofoam_piece_fa615138.jpg,,accept_weak,accept,weak_accept_category,Styrofoam piece,Styrofoam piece,reject,0.551989,0.448011,0.551989,reject,False
images/reject_weak/taco_00554_Other_plastic_0c7f387d.jpg,,reject_weak,reject,weak_reject_category,Other plastic,Other plastic,accept,0.629815,0.629815,0.370185,reject,False
images/reject_weak/taco_00555_Other_plastic_208cfd33.jpg,,reject_weak,reject,weak_reject_category,Other plastic,Other plastic,accept,0.519355,0.519355,0.480645,reject,False
images/reject_weak/taco_00557_Plastic_bottle_cap_389c470b.jpg,,reject_weak,reject,weak_reject_category,Plastic bottle cap,Plastic bottle cap,reject,0.717235,0.282765,0.717235,reject,True
images/accept_weak/taco_00558_Plastic_film_832d1631.jpg,,accept_weak,accept,weak_accept_category,Plastic film,Plastic film,accept,0.680063,0.680063,0.319937,reject,True
images/accept_weak/taco_00559_Styrofoam_piece_33acb63f.jpg,,accept_weak,accept,weak_accept_category,Styrofoam piece,Styrofoam piece,accept,0.710460,0.710460,0.289540,reject,True
images/reject_weak/taco_00560_Other_carton_f15915f4.jpg,,reject_weak,reject,weak_reject_category,Other carton,Other carton,reject,0.981491,0.018509,0.981491,reject,True
images/reject_weak/taco_00561_Other_plastic_e8f9bc06.jpg,,reject_weak,reject,weak_reject_category,Other plastic,Other plastic,reject,0.522502,0.477498,0.522502,reject,True
images/reject_weak/taco_00562_Normal_paper_a7817620.jpg,,reject_weak,reject,weak_reject_category,Normal paper,Normal paper,reject,0.982847,0.017153,0.982847,reject,True
images/accept_weak/taco_00563_Plastic_film_10155ba6.jpg,,accept_weak,accept,weak_accept_category,Plastic film,Plastic film|Other carton,reject,0.751243,0.248757,0.751243,reject,False
images/accept_weak/taco_00565_Plastic_film_e57e6464.jpg,,accept_weak,accept,weak_accept_category,Plastic film,Plastic film,reject,0.831597,0.168403,0.831597,reject,False
images/accept_weak/taco_00566_Other_plastic_wrapper_b14ef60e.jpg,,accept_weak,accept,weak_accept_category,Other plastic wrapper,Other plastic wrapper,accept,0.627431,0.627431,0.372569,reject,True
images/reject_weak/taco_00567_Disposable_plastic_cup_edc86e82.jpg,,reject_weak,reject,weak_reject_category,Disposable plastic cup,Disposable plastic cup,reject,0.879526,0.120474,0.879526,reject,True
images/accept_weak/taco_00568_Other_plastic_wrapper_4ec7e1de.jpg,,accept_weak,accept,weak_accept_category,Other plastic wrapper,Other plastic wrapper|Plastic film,reject,0.992177,0.007823,0.992177,reject,False
images/accept_weak/taco_00569_Other_plastic_wrapper_c2007816.jpg,,accept_weak,accept,weak_accept_category,Other plastic wrapper,Other plastic wrapper,accept,0.823261,0.823261,0.176739,accept,True
images/reject_weak/taco_00570_Drink_can_d6eeca2e.jpg,,reject_weak,reject,weak_reject_category,Drink can,Drink can|Pop tab,reject,0.928452,0.071548,0.928452,reject,True
images/reject_weak/taco_00571_Other_plastic_947bf565.jpg,,reject_weak,reject,weak_reject_category,Other plastic,Other plastic,reject,0.975303,0.024697,0.975303,reject,True
images/reject_weak/taco_00572_Other_carton_b60b025b.jpg,,reject_weak,reject,weak_reject_category,Other carton,Other carton,reject,0.978375,0.021625,0.978375,reject,True
images/reject_weak/taco_00573_Normal_paper_a89200fc.jpg,,reject_weak,reject,weak_reject_category,Normal paper,Normal paper,reject,0.991028,0.008972,0.991028,reject,True
images/reject_weak/taco_00574_Other_plastic_d935cbe2.jpg,,reject_weak,reject,weak_reject_category,Other plastic,Other plastic,reject,0.833296,0.166704,0.833296,reject,True
images/accept_weak/taco_00575_Styrofoam_piece_75dfbefb.jpg,,accept_weak,accept,weak_accept_category,Styrofoam piece,Styrofoam piece,reject,0.756909,0.243091,0.756909,reject,False
images/reject_weak/taco_00576_Metal_bottle_cap_1ce71ef7.jpg,,reject_weak,reject,weak_reject_category,Metal bottle cap,Metal bottle cap,reject,0.631864,0.368136,0.631864,reject,True
images/reject_weak/taco_00578_Other_plastic_bottle_a067e361.jpg,,reject_weak,reject,weak_reject_category,Other plastic bottle,Other plastic bottle|Plastic bottle cap,reject,0.830475,0.169525,0.830475,reject,True
images/reject_weak/taco_00579_Plastic_bottle_cap_2c3b89dd.jpg,,reject_weak,reject,weak_reject_category,Plastic bottle cap,Plastic bottle cap,reject,0.526090,0.473910,0.526090,reject,True
images/reject_weak/taco_00580_Clear_plastic_bottle_fee79482.jpg,,reject_weak,reject,weak_reject_category,Clear plastic bottle,Clear plastic bottle|Drink can|Other plastic,accept,0.578877,0.578877,0.421123,reject,False
images/reject_weak/taco_00581_Other_plastic_43100b91.jpg,,reject_weak,reject,weak_reject_category,Other plastic,Other plastic,reject,0.545195,0.454805,0.545195,reject,True
images/reject_weak/taco_00582_Glass_bottle_7edddce4.jpg,,reject_weak,reject,weak_reject_category,Glass bottle,Glass bottle|Drink can|Scrap metal|Unlabeled litter,accept,0.615225,0.615225,0.384775,reject,False
images/accept_weak/taco_00584_Other_plastic_wrapper_7eab1451.jpg,,accept_weak,accept,weak_accept_category,Other plastic wrapper,Other plastic wrapper|Unlabeled litter,reject,0.610419,0.389581,0.610419,reject,False
images/accept_weak/taco_00585_Other_plastic_wrapper_bf1aba81.jpg,,accept_weak,accept,weak_accept_category,Other plastic wrapper,Other plastic wrapper,reject,0.778883,0.221117,0.778883,reject,False
images/accept_weak/taco_00586_Other_plastic_wrapper_94642d58.jpg,,accept_weak,accept,weak_accept_category,Other plastic wrapper,Other plastic wrapper,reject,0.970022,0.029978,0.970022,reject,False
images/accept_weak/taco_00587_Plastic_film_93fa8e33.jpg,,accept_weak,accept,weak_accept_category,Plastic film,Plastic film,reject,0.983550,0.016450,0.983550,reject,False
images/accept_weak/taco_00588_Other_plastic_wrapper_54985de5.jpg,,accept_weak,accept,weak_accept_category,Other plastic wrapper,Other plastic wrapper|Plastic straw,reject,0.987105,0.012895,0.987105,reject,False
images/accept_weak/taco_00589_Styrofoam_piece_171d59d9.jpg,,accept_weak,accept,weak_accept_category,Styrofoam piece,Other plastic|Styrofoam piece,reject,0.961228,0.038772,0.961228,reject,False
images/accept_weak/taco_00590_Other_plastic_wrapper_522a1d6a.jpg,,accept_weak,accept,weak_accept_category,Other plastic wrapper,Other plastic wrapper,reject,0.933581,0.066419,0.933581,reject,False
images/accept_weak/taco_00591_Other_plastic_wrapper_863e33d5.jpg,,accept_weak,accept,weak_accept_category,Other plastic wrapper,Other plastic wrapper,reject,0.998696,0.001304,0.998696,reject,False
images/reject_weak/taco_00592_Plastic_bottle_cap_eac601f0.jpg,,reject_weak,reject,weak_reject_category,Plastic bottle cap,Plastic bottle cap,reject,0.720341,0.279659,0.720341,reject,True
images/reject_weak/taco_00593_Meal_carton_9e29a93b.jpg,,reject_weak,reject,weak_reject_category,Meal carton,Meal carton,reject,0.820019,0.179981,0.820019,reject,True
images/accept_weak/taco_00594_Other_plastic_wrapper_819c339d.jpg,,accept_weak,accept,weak_accept_category,Other plastic wrapper,Other plastic|Other plastic wrapper|Unlabeled litter,reject,0.542791,0.457209,0.542791,reject,False
images/reject_weak/taco_00595_Other_plastic_bottle_7adcd82c.jpg,,reject_weak,reject,weak_reject_category,Other plastic bottle,Other plastic bottle|Plastic bottle cap|Food Can|Pop tab,accept,0.775377,0.775377,0.224623,accept,False
images/reject_weak/taco_00596_Normal_paper_326a1d50.jpg,,reject_weak,reject,weak_reject_category,Normal paper,Normal paper,reject,0.756092,0.243908,0.756092,reject,True
images/reject_weak/taco_00597_Glass_bottle_890c6c0e.jpg,,reject_weak,reject,weak_reject_category,Glass bottle,Glass bottle,accept,0.643220,0.643220,0.356780,reject,False
images/reject_weak/taco_00598_Broken_glass_a02c0314.jpg,,reject_weak,reject,weak_reject_category,Broken glass,Broken glass,accept,0.591460,0.591460,0.408540,reject,False
images/reject_weak/taco_00600_Plastic_lid_9b3c973f.jpg,,reject_weak,reject,weak_reject_category,Plastic lid,Plastic lid|Unlabeled litter,reject,0.715572,0.284428,0.715572,reject,True
images/reject_weak/taco_00601_Drink_can_dccf28fe.jpg,,reject_weak,reject,weak_reject_category,Drink can,Foam cup|Drink can|Pop tab|Unlabeled litter,accept,0.809082,0.809082,0.190918,accept,False
images/reject_weak/taco_00602_Plastic_bottle_cap_daf22d67.jpg,,reject_weak,reject,weak_reject_category,Plastic bottle cap,Plastic bottle cap,reject,0.542167,0.457833,0.542167,reject,True
images/reject_weak/taco_00603_Paper_cup_a23a0b26.jpg,,reject_weak,reject,weak_reject_category,Paper cup,Paper cup|Plastic straw,accept,0.577521,0.577521,0.422479,reject,False
images/reject_weak/taco_00604_Other_plastic_bottle_2b910c83.jpg,,reject_weak,reject,weak_reject_category,Other plastic bottle,Unlabeled litter|Other plastic bottle,reject,0.933735,0.066265,0.933735,reject,True
images/reject_weak/taco_00605_Glass_bottle_a6d0d0e1.jpg,,reject_weak,reject,weak_reject_category,Glass bottle,Glass bottle|Other plastic,reject,0.904368,0.095632,0.904368,reject,True
images/accept_weak/taco_00606_Single-use_carrier_bag_fb41a41b.jpg,,accept_weak,accept,weak_accept_category,Single-use carrier bag,Single-use carrier bag|Unlabeled litter,reject,0.746446,0.253554,0.746446,reject,False
images/reject_weak/taco_00607_Disposable_plastic_cup_3276a7d8.jpg,,reject_weak,reject,weak_reject_category,Disposable plastic cup,Disposable plastic cup|Plastic lid,reject,0.577577,0.422423,0.577577,reject,True
images/accept_weak/taco_00608_Plastic_film_51c791ab.jpg,,accept_weak,accept,weak_accept_category,Plastic film,Normal paper|Meal carton|Plastic film|Tissues|Other plastic|Unlabeled litter,accept,0.564333,0.564333,0.435667,reject,True
images/reject_weak/taco_00609_Wrapping_paper_6366093b.jpg,,reject_weak,reject,weak_reject_category,Wrapping paper,Wrapping paper,reject,0.567468,0.432532,0.567468,reject,True
images/reject_weak/taco_00610_Other_carton_ef4ef937.jpg,,reject_weak,reject,weak_reject_category,Other carton,Other carton|Unlabeled litter|Other plastic,accept,0.630713,0.630713,0.369287,reject,False
images/reject_weak/taco_00611_Other_plastic_dfe61552.jpg,,reject_weak,reject,weak_reject_category,Other plastic,Other plastic|Paper bag|Unlabeled litter,reject,0.506722,0.493278,0.506722,reject,True
images/accept_weak/taco_00612_Plastic_film_f0c00314.jpg,,accept_weak,accept,weak_accept_category,Plastic film,Plastic film|Cigarette,reject,0.800211,0.199789,0.800211,reject,False
images/accept_weak/taco_00613_Other_plastic_wrapper_9bab0bf8.jpg,,accept_weak,accept,weak_accept_category,Other plastic wrapper,Plastic lid|Other plastic wrapper,reject,0.537500,0.462500,0.537500,reject,False
images/accept_weak/taco_00614_Disposable_food_container_96aa7d40.jpg,,accept_weak,accept,weak_accept_category,Disposable food container,Drink can|Pop tab|Plastic bottle cap|Unlabeled litter|Disposable food container,accept,0.658158,0.658158,0.341842,reject,True
images/accept_weak/taco_00615_Plastic_utensils_ce9d640e.jpg,,accept_weak,accept,weak_accept_category,Plastic utensils,Plastic utensils,accept,0.690624,0.690624,0.309375,reject,True
images/accept_weak/taco_00616_Plastic_film_764753ca.jpg,,accept_weak,accept,weak_accept_category,Plastic film,Glass bottle|Unlabeled litter|Clear plastic bottle|Disposable plastic cup|Plastic bottle cap|Plastic film,accept,0.645151,0.645151,0.354849,reject,True
images/accept_weak/taco_00617_Cigarette_1aec8bfb.jpg,,accept_weak,accept,weak_accept_category,Cigarette,Broken glass|Cigarette,accept,0.542599,0.542599,0.457401,reject,True
images/accept_weak/taco_00618_Cigarette_c1265015.jpg,,accept_weak,accept,weak_accept_category,Cigarette,Clear plastic bottle|Plastic bottle cap|Plastic straw|Cigarette,accept,0.699562,0.699562,0.300438,reject,True
images/reject_weak/taco_00619_Glass_bottle_8424c6d1.jpg,,reject_weak,reject,weak_reject_category,Glass bottle,Glass bottle|Unlabeled litter,reject,0.565656,0.434344,0.565656,reject,True
images/accept_weak/taco_00620_Plastic_utensils_c6207215.jpg,,accept_weak,accept,weak_accept_category,Plastic utensils,Unlabeled litter|Disposable plastic cup|Clear plastic bottle|Plastic utensils,accept,0.642605,0.642605,0.357395,reject,True
images/reject_weak/taco_00621_Drink_can_7ae9c3fa.jpg,,reject_weak,reject,weak_reject_category,Drink can,Drink can|Pop tab|Unlabeled litter,reject,0.544010,0.455990,0.544010,reject,True
images/accept_weak/taco_00622_Styrofoam_piece_c9b464ba.jpg,,accept_weak,accept,weak_accept_category,Styrofoam piece,Styrofoam piece|Other plastic wrapper,accept,0.660373,0.660373,0.339627,reject,True
images/accept_weak/taco_00623_Plastic_film_3ebe8dcd.jpg,,accept_weak,accept,weak_accept_category,Plastic film,Plastic film|Styrofoam piece|Other plastic wrapper|Broken glass|Unlabeled litter,accept,0.647450,0.647450,0.352550,reject,True
images/reject_weak/taco_00624_Wrapping_paper_4ed08531.jpg,,reject_weak,reject,weak_reject_category,Wrapping paper,Wrapping paper|Plastic straw,accept,0.588842,0.588842,0.411158,reject,False
images/accept_weak/taco_00625_Cigarette_7be41cc3.jpg,,accept_weak,accept,weak_accept_category,Cigarette,Pop tab|Other plastic|Unlabeled litter|Cigarette,accept,0.603730,0.603730,0.396270,reject,True
images/accept_weak/taco_00626_Cigarette_edb08358.jpg,,accept_weak,accept,weak_accept_category,Cigarette,Pop tab|Cigarette,accept,0.581932,0.581932,0.418068,reject,True
images/accept_weak/taco_00627_Plastic_film_4f1a1001.jpg,,accept_weak,accept,weak_accept_category,Plastic film,Plastic film|Other plastic,reject,0.809384,0.190616,0.809384,reject,False
images/reject_weak/taco_00628_Plastic_lid_185465a5.jpg,,reject_weak,reject,weak_reject_category,Plastic lid,Plastic lid,reject,0.632601,0.367399,0.632601,reject,True
images/accept_weak/taco_00629_Cigarette_5c94231e.jpg,,accept_weak,accept,weak_accept_category,Cigarette,Plastic straw|Plastic bottle cap|Unlabeled litter|Cigarette|Other plastic|Other plastic wrapper|Wrapping paper,accept,0.578363,0.578363,0.421637,reject,True
images/accept_weak/taco_00630_Plastic_film_e347c3c2.jpg,,accept_weak,accept,weak_accept_category,Plastic film,Plastic film|Plastic bottle cap|Plastic straw|Unlabeled litter|Cigarette|Plastic utensils|Other plastic wrapper|Disposable food container|Tissues,reject,0.580454,0.419546,0.580454,reject,False
images/accept_weak/taco_00631_Cigarette_1a05adf9.jpg,,accept_weak,accept,weak_accept_category,Cigarette,Cigarette|Drink can,reject,0.576490,0.423510,0.576490,reject,False
images/accept_weak/taco_00632_Cigarette_2851659b.jpg,,accept_weak,accept,weak_accept_category,Cigarette,Cigarette|Plastic film|Unlabeled litter,reject,0.604111,0.395889,0.604111,reject,False
images/accept_weak/taco_00633_Plastic_film_14118dc3.jpg,,accept_weak,accept,weak_accept_category,Plastic film,Foam cup|Paper cup|Unlabeled litter|Plastic film,accept,0.760877,0.760877,0.239123,accept,True
images/reject_weak/taco_00634_Plastic_lid_2b5f2819.jpg,,reject_weak,reject,weak_reject_category,Plastic lid,Plastic lid,reject,0.909168,0.090832,0.909168,reject,True
images/reject_weak/taco_00635_Plastic_lid_8f04bcec.jpg,,reject_weak,reject,weak_reject_category,Plastic lid,Plastic lid,accept,0.640049,0.640049,0.359951,reject,False
images/reject_weak/taco_00636_Drink_can_36b8cd12.jpg,,reject_weak,reject,weak_reject_category,Drink can,Drink can|Unlabeled litter,accept,0.879940,0.879940,0.120060,accept,False
images/reject_weak/taco_00637_Paper_cup_bae1acbd.jpg,,reject_weak,reject,weak_reject_category,Paper cup,Paper cup|Plastic lid|Unlabeled litter|Broken glass,reject,0.795508,0.204492,0.795508,reject,True
images/reject_weak/taco_00638_Paper_cup_4a875ae9.jpg,,reject_weak,reject,weak_reject_category,Paper cup,Paper cup,reject,0.655000,0.345000,0.655000,reject,True
images/accept_weak/taco_00639_Plastic_utensils_f66da97a.jpg,,accept_weak,accept,weak_accept_category,Plastic utensils,Plastic utensils|Other plastic|Metal bottle cap,accept,0.706596,0.706596,0.293404,reject,True
images/accept_weak/taco_00640_Other_plastic_wrapper_a0d10422.jpg,,accept_weak,accept,weak_accept_category,Other plastic wrapper,Other plastic wrapper,reject,0.671436,0.328564,0.671436,reject,False
images/reject_weak/taco_00641_Disposable_plastic_cup_0d692e9b.jpg,,reject_weak,reject,weak_reject_category,Disposable plastic cup,Disposable plastic cup,reject,0.810582,0.189418,0.810582,reject,True
images/accept_weak/taco_00642_Tissues_8f7f4c21.jpg,,accept_weak,accept,weak_accept_category,Tissues,Tissues|Cigarette,reject,0.938092,0.061908,0.938092,reject,False
images/reject_weak/taco_00643_Disposable_plastic_cup_19b3aeb8.jpg,,reject_weak,reject,weak_reject_category,Disposable plastic cup,Disposable plastic cup,reject,0.576343,0.423657,0.576343,reject,True
images/reject_weak/taco_00644_Other_plastic_f11d3da7.jpg,,reject_weak,reject,weak_reject_category,Other plastic,Other plastic,reject,0.787746,0.212254,0.787746,reject,True
images/reject_weak/taco_00645_Metal_bottle_cap_f3e48373.jpg,,reject_weak,reject,weak_reject_category,Metal bottle cap,Metal bottle cap,reject,0.637928,0.362072,0.637928,reject,True
images/accept_weak/taco_00646_Styrofoam_piece_733e5f4a.jpg,,accept_weak,accept,weak_accept_category,Styrofoam piece,Styrofoam piece,reject,0.902755,0.097244,0.902755,reject,False
images/reject_weak/taco_00647_Other_plastic_4a6ebff3.jpg,,reject_weak,reject,weak_reject_category,Other plastic,Other plastic,reject,0.623222,0.376778,0.623222,reject,True
images/accept_weak/taco_00648_Other_plastic_wrapper_52f3cca5.jpg,,accept_weak,accept,weak_accept_category,Other plastic wrapper,Other plastic wrapper|Metal bottle cap|Unlabeled litter,accept,0.742290,0.742290,0.257710,reject,True
images/reject_weak/taco_00649_Disposable_plastic_cup_6db27324.jpg,,reject_weak,reject,weak_reject_category,Disposable plastic cup,Disposable plastic cup|Unlabeled litter,accept,0.530112,0.530112,0.469888,reject,False
images/reject_weak/taco_00650_Clear_plastic_bottle_7c34c170.jpg,,reject_weak,reject,weak_reject_category,Clear plastic bottle,Clear plastic bottle|Plastic bottle cap|Plastic straw,reject,0.922376,0.077624,0.922376,reject,True
images/reject_weak/taco_00651_Glass_bottle_7dc700f6.jpg,,reject_weak,reject,weak_reject_category,Glass bottle,Glass bottle,accept,0.535056,0.535056,0.464944,reject,False
images/accept_weak/taco_00652_Plastic_utensils_7386de6a.jpg,,accept_weak,accept,weak_accept_category,Plastic utensils,Plastic utensils|Tissues|Other plastic wrapper,accept,0.746323,0.746323,0.253677,reject,True
images/accept_weak/taco_00653_Other_plastic_wrapper_0600555e.jpg,,accept_weak,accept,weak_accept_category,Other plastic wrapper,Other plastic wrapper|Cigarette|Plastic film|Scrap metal,reject,0.979315,0.020685,0.979315,reject,False
images/reject_weak/taco_00654_Plastic_bottle_cap_8c8cd9f0.jpg,,reject_weak,reject,weak_reject_category,Plastic bottle cap,Plastic bottle cap|Clear plastic bottle,reject,0.942195,0.057805,0.942195,reject,True
images/reject_weak/taco_00655_Plastic_bottle_cap_5b109d2b.jpg,,reject_weak,reject,weak_reject_category,Plastic bottle cap,Plastic bottle cap,accept,0.694242,0.694242,0.305758,reject,False
images/accept_weak/taco_00656_Crisp_packet_4ab8fd1b.jpg,,accept_weak,accept,weak_accept_category,Crisp packet,Crisp packet|Styrofoam piece,accept,0.615141,0.615141,0.384859,reject,True
images/accept_weak/taco_00657_Plastic_film_3c5ab10a.jpg,,accept_weak,accept,weak_accept_category,Plastic film,Clear plastic bottle|Normal paper|Plastic film|Other plastic wrapper|Other plastic,accept,0.779591,0.779591,0.220409,accept,True
images/reject_weak/taco_00658_Clear_plastic_bottle_5008103d.jpg,,reject_weak,reject,weak_reject_category,Clear plastic bottle,Clear plastic bottle|Plastic bottle cap,reject,0.620874,0.379126,0.620874,reject,True
images/accept_weak/taco_00659_Plastic_film_03201b03.jpg,,accept_weak,accept,weak_accept_category,Plastic film,Other carton|Plastic film,accept,0.621252,0.621252,0.378748,reject,True
images/reject_weak/taco_00660_Plastic_straw_793cf4bb.jpg,,reject_weak,reject,weak_reject_category,Plastic straw,Plastic straw,accept,0.799384,0.799384,0.200616,accept,False
images/reject_weak/taco_00661_Plastic_straw_7578d9b1.jpg,,reject_weak,reject,weak_reject_category,Plastic straw,Plastic straw,accept,0.650782,0.650782,0.349218,reject,False
images/accept_weak/taco_00662_Plastic_utensils_a0f1de75.jpg,,accept_weak,accept,weak_accept_category,Plastic utensils,Plastic utensils,reject,0.566321,0.433679,0.566321,reject,False
images/accept_weak/taco_00663_Plastic_film_6f4b50bd.jpg,,accept_weak,accept,weak_accept_category,Plastic film,Clear plastic bottle|Plastic film|Unlabeled litter,reject,0.753524,0.246476,0.753524,reject,False
images/reject_weak/taco_00664_Metal_bottle_cap_7c25e634.jpg,,reject_weak,reject,weak_reject_category,Metal bottle cap,Metal bottle cap|Other plastic,accept,0.730815,0.730815,0.269185,reject,False
images/accept_weak/taco_00665_Foam_food_container_524a5413.jpg,,accept_weak,accept,weak_accept_category,Foam food container,Foam food container|Other plastic|Cigarette|Unlabeled litter,reject,0.533942,0.466058,0.533942,reject,False
images/reject_weak/taco_00666_Drink_can_96ebf173.jpg,,reject_weak,reject,weak_reject_category,Drink can,Drink can|Plastic straw|Pop tab|Other plastic,reject,0.773054,0.226946,0.773054,reject,True
images/accept_weak/taco_00667_Plastic_utensils_f38e875c.jpg,,accept_weak,accept,weak_accept_category,Plastic utensils,Plastic utensils|Other plastic|Broken glass,accept,0.620396,0.620396,0.379604,reject,True
images/reject_weak/taco_00668_Metal_bottle_cap_994a4c3c.jpg,,reject_weak,reject,weak_reject_category,Metal bottle cap,Metal bottle cap,reject,0.965746,0.034254,0.965746,reject,True
images/reject_weak/taco_00669_Metal_bottle_cap_51668eee.jpg,,reject_weak,reject,weak_reject_category,Metal bottle cap,Metal bottle cap,reject,0.878244,0.121756,0.878244,reject,True
images/reject_weak/taco_00670_Plastic_straw_38b2f434.jpg,,reject_weak,reject,weak_reject_category,Plastic straw,Plastic straw,reject,0.869814,0.130186,0.869814,reject,True
images/reject_weak/taco_00671_Plastic_straw_75bf0dcd.jpg,,reject_weak,reject,weak_reject_category,Plastic straw,Plastic straw,accept,0.592219,0.592219,0.407781,reject,False
images/reject_weak/taco_00672_Clear_plastic_bottle_1bfbd375.jpg,,reject_weak,reject,weak_reject_category,Clear plastic bottle,Clear plastic bottle|Plastic bottle cap|Unlabeled litter,reject,0.640931,0.359069,0.640931,reject,True
images/reject_weak/taco_00673_Clear_plastic_bottle_1576e9ae.jpg,,reject_weak,reject,weak_reject_category,Clear plastic bottle,Clear plastic bottle,accept,0.676123,0.676123,0.323877,reject,False
images/accept_weak/taco_00674_Garbage_bag_840d2134.jpg,,accept_weak,accept,weak_accept_category,Garbage bag,Foam cup|Garbage bag,accept,0.541736,0.541736,0.458264,reject,True
images/accept_weak/taco_00675_Other_plastic_wrapper_a9400688.jpg,,accept_weak,accept,weak_accept_category,Other plastic wrapper,Other plastic wrapper|Plastic film,reject,0.758148,0.241852,0.758148,reject,False
images/accept_weak/taco_00676_Plastic_film_00e73379.jpg,,accept_weak,accept,weak_accept_category,Plastic film,Plastic film,accept,0.706512,0.706512,0.293488,reject,True
images/reject_weak/taco_00677_Drink_can_d9782c34.jpg,,reject_weak,reject,weak_reject_category,Drink can,Drink can|Paper bag|Pop tab|Disposable plastic cup|Normal paper,accept,0.658938,0.658938,0.341062,reject,False
images/reject_weak/taco_00678_Paper_cup_6cfdc318.jpg,,reject_weak,reject,weak_reject_category,Paper cup,Paper cup|Plastic lid,accept,0.549642,0.549642,0.450358,reject,False
images/reject_weak/taco_00679_Drink_can_da23ce61.jpg,,reject_weak,reject,weak_reject_category,Drink can,Drink can|Plastic straw|Other plastic bottle|Paper bag,accept,0.503209,0.503209,0.496791,reject,False
images/accept_weak/taco_00680_Other_plastic_wrapper_c2fca5be.jpg,,accept_weak,accept,weak_accept_category,Other plastic wrapper,Other plastic wrapper,reject,0.659898,0.340102,0.659898,reject,False
images/accept_weak/taco_00681_Cigarette_3729ac3d.jpg,,accept_weak,accept,weak_accept_category,Cigarette,Plastic straw|Cigarette,reject,0.932236,0.067764,0.932236,reject,False
images/accept_weak/taco_00682_Other_plastic_wrapper_88f564d1.jpg,,accept_weak,accept,weak_accept_category,Other plastic wrapper,Other plastic wrapper,accept,0.694037,0.694037,0.305963,reject,True
images/reject_weak/taco_00683_Normal_paper_80afcdb7.jpg,,reject_weak,reject,weak_reject_category,Normal paper,Normal paper,reject,0.611418,0.388582,0.611418,reject,True
images/reject_weak/taco_00684_Paper_cup_67867c54.jpg,,reject_weak,reject,weak_reject_category,Paper cup,Paper cup,reject,0.568266,0.431734,0.568266,reject,True
images/accept_weak/taco_00685_Tissues_ebc6122b.jpg,,accept_weak,accept,weak_accept_category,Tissues,Glass bottle|Tissues,accept,0.634622,0.634622,0.365378,reject,True
images/reject_weak/taco_00686_Other_plastic_bottle_5360902e.jpg,,reject_weak,reject,weak_reject_category,Other plastic bottle,Other plastic bottle|Plastic bottle cap,reject,0.868365,0.131635,0.868365,reject,True
images/accept_weak/taco_00687_Other_plastic_wrapper_267be5e5.jpg,,accept_weak,accept,weak_accept_category,Other plastic wrapper,Glass bottle|Other plastic wrapper,accept,0.788271,0.788271,0.211729,accept,True
images/accept_weak/taco_00688_Disposable_food_container_8121a203.jpg,,accept_weak,accept,weak_accept_category,Disposable food container,Disposable food container|Other plastic wrapper,reject,0.935691,0.064309,0.935691,reject,False
images/accept_weak/taco_00689_Crisp_packet_24ae7c53.jpg,,accept_weak,accept,weak_accept_category,Crisp packet,Crisp packet|Other plastic wrapper|Garbage bag|Normal paper|Other carton|Meal carton|Plastic film,accept,0.620578,0.620578,0.379422,reject,True
images/accept_weak/taco_00690_Crisp_packet_cb56e7c4.jpg,,accept_weak,accept,weak_accept_category,Crisp packet,Crisp packet,accept,0.723498,0.723498,0.276502,reject,True
images/accept_weak/taco_00691_Cigarette_dd342d6d.jpg,,accept_weak,accept,weak_accept_category,Cigarette,Drink can|Cigarette,accept,0.701904,0.701904,0.298095,reject,True
images/reject_weak/taco_00692_Other_carton_d1ebeed3.jpg,,reject_weak,reject,weak_reject_category,Other carton,Other carton,accept,0.822406,0.822406,0.177594,accept,False
images/reject_weak/taco_00693_Paper_cup_600fdd59.jpg,,reject_weak,reject,weak_reject_category,Paper cup,Paper cup|Plastic lid|Paper straw,accept,0.541682,0.541682,0.458318,reject,False
images/accept_weak/taco_00694_Disposable_food_container_195706cf.jpg,,accept_weak,accept,weak_accept_category,Disposable food container,Plastic lid|Disposable food container|Plastic film|Unlabeled litter,reject,0.552746,0.447254,0.552746,reject,False
images/reject_weak/taco_00695_Meal_carton_e16a4f97.jpg,,reject_weak,reject,weak_reject_category,Meal carton,Meal carton,accept,0.734066,0.734066,0.265934,reject,False
images/accept_weak/taco_00696_Other_plastic_wrapper_0e154d41.jpg,,accept_weak,accept,weak_accept_category,Other plastic wrapper,Other plastic wrapper|Cigarette,accept,0.788517,0.788517,0.211483,accept,True
images/reject_weak/taco_00697_Other_carton_286ff31a.jpg,,reject_weak,reject,weak_reject_category,Other carton,Other carton,accept,0.629242,0.629242,0.370757,reject,False
images/accept_weak/taco_00698_Crisp_packet_a5dc8621.jpg,,accept_weak,accept,weak_accept_category,Crisp packet,Crisp packet,accept,0.823757,0.823757,0.176243,accept,True
images/reject_weak/taco_00699_Wrapping_paper_84933c35.jpg,,reject_weak,reject,weak_reject_category,Wrapping paper,Wrapping paper,accept,0.500507,0.500507,0.499493,reject,False
images/reject_weak/taco_00700_Clear_plastic_bottle_1ee04dd3.jpg,,reject_weak,reject,weak_reject_category,Clear plastic bottle,Clear plastic bottle,accept,0.732175,0.732175,0.267825,reject,False
images/reject_weak/taco_00701_Clear_plastic_bottle_25f390e6.jpg,,reject_weak,reject,weak_reject_category,Clear plastic bottle,Clear plastic bottle,reject,0.595645,0.404355,0.595645,reject,True
images/accept_weak/taco_00702_Other_plastic_wrapper_2a34a50f.jpg,,accept_weak,accept,weak_accept_category,Other plastic wrapper,Other plastic wrapper,accept,0.540157,0.540157,0.459843,reject,True
images/reject_weak/taco_00703_Disposable_plastic_cup_b0fc45cf.jpg,,reject_weak,reject,weak_reject_category,Disposable plastic cup,Disposable plastic cup|Plastic lid|Plastic straw,accept,0.554797,0.554797,0.445203,reject,False
images/reject_weak/taco_00704_Plastic_bottle_cap_23688bd7.jpg,,reject_weak,reject,weak_reject_category,Plastic bottle cap,Plastic bottle cap|Food waste|Unlabeled litter|Normal paper,accept,0.582656,0.582656,0.417344,reject,False
images/accept_weak/taco_00705_Crisp_packet_6ecf01c5.jpg,,accept_weak,accept,weak_accept_category,Crisp packet,Crisp packet|Garbage bag,accept,0.681560,0.681560,0.318440,reject,True
images/reject_weak/taco_00706_Metal_bottle_cap_184f9c05.jpg,,reject_weak,reject,weak_reject_category,Metal bottle cap,Metal bottle cap|Glass bottle,accept,0.511263,0.511263,0.488737,reject,False
images/reject_weak/taco_00707_Glass_bottle_286ba923.jpg,,reject_weak,reject,weak_reject_category,Glass bottle,Glass bottle|Unlabeled litter,reject,0.552800,0.447200,0.552800,reject,True
images/accept_weak/taco_00708_Crisp_packet_a46753af.jpg,,accept_weak,accept,weak_accept_category,Crisp packet,Drink can|Paper cup|Unlabeled litter|Crisp packet,accept,0.839095,0.839095,0.160905,accept,True
images/reject_weak/taco_00709_Drink_can_d4336edc.jpg,,reject_weak,reject,weak_reject_category,Drink can,Drink can,accept,0.542497,0.542497,0.457503,reject,False
images/reject_weak/taco_00710_Drink_can_08a8ba07.jpg,,reject_weak,reject,weak_reject_category,Drink can,Drink can,reject,0.764412,0.235588,0.764412,reject,True
images/accept_weak/taco_00711_Foam_food_container_49ae4c4e.jpg,,accept_weak,accept,weak_accept_category,Foam food container,Foam food container,accept,0.829457,0.829457,0.170543,accept,True
images/accept_weak/taco_00712_Foam_food_container_51dca26f.jpg,,accept_weak,accept,weak_accept_category,Foam food container,Foam food container|Tissues,accept,0.547170,0.547170,0.452830,reject,True
images/accept_weak/taco_00713_Cigarette_3eed0af1.jpg,,accept_weak,accept,weak_accept_category,Cigarette,Drink can|Unlabeled litter|Cigarette,accept,0.944138,0.944138,0.055862,accept,True
images/accept_weak/taco_00714_Cigarette_e3d7a8e7.jpg,,accept_weak,accept,weak_accept_category,Cigarette,Glass bottle|Cigarette,accept,0.901793,0.901793,0.098207,accept,True
images/accept_weak/taco_00715_Other_plastic_wrapper_7fee6495.jpg,,accept_weak,accept,weak_accept_category,Other plastic wrapper,Drink can|Other plastic wrapper|Plastic film|Other carton,accept,0.775985,0.775985,0.224015,accept,True
images/accept_weak/taco_00716_Cigarette_c0b0c92d.jpg,,accept_weak,accept,weak_accept_category,Cigarette,Clear plastic bottle|Cigarette,accept,0.838104,0.838104,0.161896,accept,True
images/reject_weak/taco_00717_Clear_plastic_bottle_903495b2.jpg,,reject_weak,reject,weak_reject_category,Clear plastic bottle,Clear plastic bottle|Unlabeled litter,accept,0.912352,0.912352,0.087648,accept,False
images/accept_weak/taco_00718_Cigarette_5683a037.jpg,,accept_weak,accept,weak_accept_category,Cigarette,Disposable plastic cup|Other plastic|Cigarette,accept,0.649902,0.649902,0.350098,reject,True
images/reject_weak/taco_00719_Drink_can_64b245b8.jpg,,reject_weak,reject,weak_reject_category,Drink can,Drink can|Unlabeled litter,accept,0.506268,0.506268,0.493732,reject,False
images/reject_weak/taco_00720_Disposable_plastic_cup_54a4f7ba.jpg,,reject_weak,reject,weak_reject_category,Disposable plastic cup,Disposable plastic cup,accept,0.705208,0.705208,0.294792,reject,False
images/reject_weak/taco_00721_Drink_can_da200dc7.jpg,,reject_weak,reject,weak_reject_category,Drink can,Drink can|Pop tab,accept,0.620980,0.620980,0.379020,reject,False
images/accept_weak/taco_00722_Cigarette_50973b63.jpg,,accept_weak,accept,weak_accept_category,Cigarette,Drink can|Cigarette,accept,0.627361,0.627361,0.372639,reject,True
images/reject_weak/taco_00723_Drink_can_89a0b19f.jpg,,reject_weak,reject,weak_reject_category,Drink can,Drink can,accept,0.539768,0.539768,0.460232,reject,False
images/accept_weak/taco_00724_Cigarette_f96605c2.jpg,,accept_weak,accept,weak_accept_category,Cigarette,Clear plastic bottle|Plastic bottle cap|Cigarette,accept,0.932801,0.932801,0.067199,accept,True
images/reject_weak/taco_00725_Drink_can_4cb996d2.jpg,,reject_weak,reject,weak_reject_category,Drink can,Drink can,accept,0.620456,0.620456,0.379544,reject,False
images/reject_weak/taco_00726_Paper_cup_352aa57d.jpg,,reject_weak,reject,weak_reject_category,Paper cup,Paper cup|Drink can,accept,0.639546,0.639546,0.360454,reject,False
images/accept_weak/taco_00727_Cigarette_514c7f8a.jpg,,accept_weak,accept,weak_accept_category,Cigarette,Drink can|Pop tab|Unlabeled litter|Cigarette,accept,0.608167,0.608167,0.391833,reject,True
images/accept_weak/taco_00728_Cigarette_e83fbfb3.jpg,,accept_weak,accept,weak_accept_category,Cigarette,Disposable plastic cup|Plastic straw|Plastic lid|Cigarette,accept,0.776768,0.776768,0.223232,accept,True
images/reject_weak/taco_00729_Clear_plastic_bottle_3aae95c7.jpg,,reject_weak,reject,weak_reject_category,Clear plastic bottle,Clear plastic bottle|Plastic bottle cap,accept,0.915405,0.915405,0.084595,accept,False
images/accept_weak/taco_00730_Cigarette_4d0c5a30.jpg,,accept_weak,accept,weak_accept_category,Cigarette,Plastic straw|Normal paper|Cigarette,accept,0.983404,0.983404,0.016596,accept,True
images/reject_weak/taco_00731_Plastic_straw_f6c01a0b.jpg,,reject_weak,reject,weak_reject_category,Plastic straw,Plastic straw|Metal bottle cap,accept,0.582351,0.582351,0.417649,reject,False
images/accept_weak/taco_00732_Plastic_film_cecfafa2.jpg,,accept_weak,accept,weak_accept_category,Plastic film,Six pack rings|Plastic lid|Plastic film|Unlabeled litter|Aluminium foil,accept,0.517203,0.517203,0.482797,reject,True
images/reject_weak/taco_00733_Plastic_lid_e8d8e4f4.jpg,,reject_weak,reject,weak_reject_category,Plastic lid,Plastic lid,accept,0.626653,0.626653,0.373347,reject,False
images/accept_weak/taco_00734_Crisp_packet_d39ee126.jpg,,accept_weak,accept,weak_accept_category,Crisp packet,Crisp packet,accept,0.721702,0.721702,0.278298,reject,True
images/accept_weak/taco_00735_Other_plastic_wrapper_9daef8d0.jpg,,accept_weak,accept,weak_accept_category,Other plastic wrapper,Other plastic wrapper,accept,0.641218,0.641218,0.358782,reject,True
images/accept_weak/taco_00736_Other_plastic_wrapper_a240211c.jpg,,accept_weak,accept,weak_accept_category,Other plastic wrapper,Other plastic wrapper,accept,0.776660,0.776660,0.223340,accept,True
images/reject_weak/taco_00737_Disposable_plastic_cup_66fb1703.jpg,,reject_weak,reject,weak_reject_category,Disposable plastic cup,Disposable plastic cup|Other plastic|Normal paper,accept,0.683450,0.683450,0.316550,reject,False
images/reject_weak/taco_00739_Other_plastic_230cb631.jpg,,reject_weak,reject,weak_reject_category,Other plastic,Other plastic,reject,0.709052,0.290948,0.709052,reject,True
images/reject_weak/taco_00740_Metal_bottle_cap_ac1bde40.jpg,,reject_weak,reject,weak_reject_category,Metal bottle cap,Metal bottle cap,reject,0.998321,0.001679,0.998321,reject,True
images/reject_weak/taco_00741_Metal_bottle_cap_302840bf.jpg,,reject_weak,reject,weak_reject_category,Metal bottle cap,Metal bottle cap,reject,0.983902,0.016098,0.983902,reject,True
images/reject_weak/taco_00742_Normal_paper_a3501bd3.jpg,,reject_weak,reject,weak_reject_category,Normal paper,Normal paper,reject,0.994065,0.005935,0.994065,reject,True
images/accept_weak/taco_00743_Plastic_film_b1ef5f03.jpg,,accept_weak,accept,weak_accept_category,Plastic film,Plastic film|Cigarette,accept,0.567408,0.567408,0.432592,reject,True
images/accept_weak/taco_00744_Other_plastic_wrapper_ea900d4c.jpg,,accept_weak,accept,weak_accept_category,Other plastic wrapper,Other plastic wrapper,reject,0.715251,0.284749,0.715251,reject,False
images/reject_weak/taco_00745_Corrugated_carton_d879175b.jpg,,reject_weak,reject,weak_reject_category,Corrugated carton,Corrugated carton|Aluminium foil,reject,0.962459,0.037541,0.962459,reject,True
images/reject_weak/taco_00746_Other_carton_77d9be49.jpg,,reject_weak,reject,weak_reject_category,Other carton,Other carton,reject,0.897862,0.102138,0.897862,reject,True
images/accept_weak/taco_00747_Crisp_packet_a9a93105.jpg,,accept_weak,accept,weak_accept_category,Crisp packet,Crisp packet,reject,0.586535,0.413465,0.586535,reject,False
images/reject_weak/taco_00748_Plastic_straw_034c0306.jpg,,reject_weak,reject,weak_reject_category,Plastic straw,Plastic straw,reject,0.618237,0.381763,0.618237,reject,True
images/reject_weak/taco_00749_Plastic_bottle_cap_62584f3a.jpg,,reject_weak,reject,weak_reject_category,Plastic bottle cap,Plastic bottle cap,accept,0.588793,0.588793,0.411207,reject,False
images/accept_weak/taco_00750_Plastic_film_82d0f31f.jpg,,accept_weak,accept,weak_accept_category,Plastic film,Meal carton|Plastic film|Other plastic wrapper,reject,0.864711,0.135289,0.864711,reject,False
images/reject_weak/taco_00751_Glass_bottle_d8e018ca.jpg,,reject_weak,reject,weak_reject_category,Glass bottle,Glass bottle|Plastic straw|Unlabeled litter,reject,0.543444,0.456556,0.543444,reject,True
images/accept_weak/taco_00752_Cigarette_e5848666.jpg,,accept_weak,accept,weak_accept_category,Cigarette,Drink can|Cigarette,accept,0.893164,0.893164,0.106836,accept,True
images/accept_weak/taco_00753_Cigarette_94f7f8c9.jpg,,accept_weak,accept,weak_accept_category,Cigarette,Clear plastic bottle|Metal bottle cap|Cigarette,reject,0.579730,0.420270,0.579730,reject,False
images/reject_weak/taco_00754_Paper_bag_1544f8ab.jpg,,reject_weak,reject,weak_reject_category,Paper bag,Paper bag|Shoe,accept,0.946629,0.946629,0.053371,accept,False
images/accept_weak/taco_00755_Cigarette_1ff36e45.jpg,,accept_weak,accept,weak_accept_category,Cigarette,Other carton|Other plastic bottle|Shoe|Cigarette,accept,0.964908,0.964908,0.035092,accept,True
images/accept_weak/taco_00756_Cigarette_193ec1a7.jpg,,accept_weak,accept,weak_accept_category,Cigarette,Drink can|Unlabeled litter|Cigarette,accept,0.746602,0.746602,0.253398,reject,True
images/accept_weak/taco_00757_Crisp_packet_b35df66d.jpg,,accept_weak,accept,weak_accept_category,Crisp packet,Crisp packet|Cigarette,accept,0.589389,0.589389,0.410611,reject,True
images/accept_weak/taco_00758_Plastic_film_0b7273de.jpg,,accept_weak,accept,weak_accept_category,Plastic film,Glass bottle|Unlabeled litter|Plastic film|Cigarette,accept,0.871537,0.871537,0.128463,accept,True
images/reject_weak/taco_00759_Other_carton_2cc88bcd.jpg,,reject_weak,reject,weak_reject_category,Other carton,Other carton,reject,0.516181,0.483819,0.516181,reject,True
images/reject_weak/taco_00760_Plastic_straw_63bbc886.jpg,,reject_weak,reject,weak_reject_category,Plastic straw,Plastic straw,accept,0.528196,0.528196,0.471804,reject,False
images/reject_weak/taco_00761_Drink_can_7e8af2fb.jpg,,reject_weak,reject,weak_reject_category,Drink can,Drink can|Pop tab,reject,0.694252,0.305748,0.694252,reject,True
images/accept_weak/taco_00762_Other_plastic_wrapper_05c1fcfc.jpg,,accept_weak,accept,weak_accept_category,Other plastic wrapper,Other plastic wrapper,accept,0.736616,0.736616,0.263384,reject,True
images/accept_weak/taco_00763_Foam_food_container_8e8387ec.jpg,,accept_weak,accept,weak_accept_category,Foam food container,Foam food container|Plastic film|Normal paper|Cigarette,accept,0.971798,0.971798,0.028202,accept,True
images/accept_weak/taco_00764_Cigarette_195812bd.jpg,,accept_weak,accept,weak_accept_category,Cigarette,Drink can|Clear plastic bottle|Glass bottle|Disposable plastic cup|Plastic lid|Plastic straw|Cigarette,accept,0.627897,0.627897,0.372103,reject,True
images/reject_weak/taco_00765_Clear_plastic_bottle_ac970196.jpg,,reject_weak,reject,weak_reject_category,Clear plastic bottle,Clear plastic bottle|Plastic bottle cap,accept,0.842242,0.842242,0.157758,accept,False
images/accept_weak/taco_00766_Plastic_film_a70262b7.jpg,,accept_weak,accept,weak_accept_category,Plastic film,Plastic film,accept,0.616880,0.616880,0.383120,reject,True
images/accept_weak/taco_00767_Plastic_film_e21e62cd.jpg,,accept_weak,accept,weak_accept_category,Plastic film,Plastic film,reject,0.782471,0.217529,0.782471,reject,False
images/accept_weak/taco_00768_Other_plastic_wrapper_845d6d15.jpg,,accept_weak,accept,weak_accept_category,Other plastic wrapper,Other plastic wrapper,reject,0.980809,0.019191,0.980809,reject,False
images/accept_weak/taco_00769_Other_plastic_wrapper_b8e650be.jpg,,accept_weak,accept,weak_accept_category,Other plastic wrapper,Other plastic wrapper,accept,0.556429,0.556429,0.443571,reject,True
images/reject_weak/taco_00770_Plastic_bottle_cap_73a98749.jpg,,reject_weak,reject,weak_reject_category,Plastic bottle cap,Plastic bottle cap,reject,0.581885,0.418115,0.581885,reject,True
images/accept_weak/taco_00771_Crisp_packet_17c5646f.jpg,,accept_weak,accept,weak_accept_category,Crisp packet,Crisp packet,reject,0.529804,0.470196,0.529804,reject,False
images/accept_weak/taco_00772_Crisp_packet_5ad6bcb6.jpg,,accept_weak,accept,weak_accept_category,Crisp packet,Crisp packet,accept,0.582282,0.582282,0.417718,reject,True
images/accept_weak/taco_00773_Plastic_film_f0d2bec9.jpg,,accept_weak,accept,weak_accept_category,Plastic film,Meal carton|Plastic film,accept,0.572925,0.572925,0.427075,reject,True
images/reject_weak/taco_00774_Meal_carton_3580198d.jpg,,reject_weak,reject,weak_reject_category,Meal carton,Meal carton,reject,0.521150,0.478850,0.521150,reject,True
images/accept_weak/taco_00775_Cigarette_6d547191.jpg,,accept_weak,accept,weak_accept_category,Cigarette,Drink can|Cigarette,accept,0.680115,0.680115,0.319885,reject,True
images/accept_weak/taco_00776_Single-use_carrier_bag_54f711e2.jpg,,accept_weak,accept,weak_accept_category,Single-use carrier bag,Single-use carrier bag,reject,0.627607,0.372393,0.627607,reject,False
images/accept_weak/taco_00777_Other_plastic_wrapper_716eefd9.jpg,,accept_weak,accept,weak_accept_category,Other plastic wrapper,Other plastic wrapper|Cigarette,accept,0.900070,0.900070,0.099930,accept,True
images/accept_weak/taco_00778_Cigarette_f19ddced.jpg,,accept_weak,accept,weak_accept_category,Cigarette,Pop tab|Cigarette,accept,0.919594,0.919594,0.080406,accept,True
images/reject_weak/taco_00779_Drink_can_21550462.jpg,,reject_weak,reject,weak_reject_category,Drink can,Drink can,accept,0.792108,0.792108,0.207892,accept,False
images/reject_weak/taco_00780_Drink_can_8a7ccebe.jpg,,reject_weak,reject,weak_reject_category,Drink can,Drink can|Pop tab,reject,0.795894,0.204106,0.795894,reject,True
images/accept_weak/taco_00781_Other_plastic_wrapper_86096650.jpg,,accept_weak,accept,weak_accept_category,Other plastic wrapper,Other plastic wrapper|Cigarette,reject,0.621840,0.378160,0.621840,reject,False
images/reject_weak/taco_00782_Clear_plastic_bottle_a90a39f7.jpg,,reject_weak,reject,weak_reject_category,Clear plastic bottle,Clear plastic bottle|Plastic bottle cap,reject,0.574255,0.425745,0.574255,reject,True
images/reject_weak/taco_00783_Disposable_plastic_cup_2cb8fee5.jpg,,reject_weak,reject,weak_reject_category,Disposable plastic cup,Disposable plastic cup|Glass bottle|Scrap metal,reject,0.511379,0.488621,0.511379,reject,True
images/reject_weak/taco_00784_Clear_plastic_bottle_e2c468db.jpg,,reject_weak,reject,weak_reject_category,Clear plastic bottle,Clear plastic bottle|Plastic bottle cap|Drink can|Pop tab,accept,0.557283,0.557283,0.442717,reject,False
images/reject_weak/taco_00785_Drink_can_00302a53.jpg,,reject_weak,reject,weak_reject_category,Drink can,Drink can|Unlabeled litter,accept,0.672459,0.672459,0.327541,reject,False
images/reject_weak/taco_00786_Drink_can_981d1f82.jpg,,reject_weak,reject,weak_reject_category,Drink can,Drink can,reject,0.658176,0.341824,0.658176,reject,True
images/accept_weak/taco_00787_Plastic_utensils_b748700c.jpg,,accept_weak,accept,weak_accept_category,Plastic utensils,Plastic utensils|Meal carton,accept,0.951617,0.951617,0.048383,accept,True
images/accept_weak/taco_00788_Plastic_utensils_c1481733.jpg,,accept_weak,accept,weak_accept_category,Plastic utensils,Plastic utensils|Unlabeled litter|Cigarette,accept,0.744727,0.744727,0.255273,reject,True
images/accept_weak/taco_00789_Tissues_84635535.jpg,,accept_weak,accept,weak_accept_category,Tissues,Tissues|Clear plastic bottle,accept,0.604302,0.604302,0.395698,reject,True
images/reject_weak/taco_00790_Plastic_lid_c2b035bf.jpg,,reject_weak,reject,weak_reject_category,Plastic lid,Unlabeled litter|Plastic lid,accept,0.649618,0.649618,0.350382,reject,False
images/accept_weak/taco_00791_Crisp_packet_2bc3e2f0.jpg,,accept_weak,accept,weak_accept_category,Crisp packet,Crisp packet,accept,0.781235,0.781235,0.218765,accept,True
images/accept_weak/taco_00792_Crisp_packet_dcf089a7.jpg,,accept_weak,accept,weak_accept_category,Crisp packet,Crisp packet,accept,0.669599,0.669599,0.330401,reject,True
images/reject_weak/taco_00793_Glass_bottle_85c32763.jpg,,reject_weak,reject,weak_reject_category,Glass bottle,Glass bottle,accept,0.716937,0.716937,0.283062,reject,False
images/reject_weak/taco_00794_Clear_plastic_bottle_e68af571.jpg,,reject_weak,reject,weak_reject_category,Clear plastic bottle,Clear plastic bottle,accept,0.737115,0.737115,0.262885,reject,False
images/reject_weak/taco_00795_Other_carton_b470f6dd.jpg,,reject_weak,reject,weak_reject_category,Other carton,Other carton,reject,0.841022,0.158978,0.841022,reject,True
images/accept_weak/taco_00796_Other_plastic_wrapper_1a14307d.jpg,,accept_weak,accept,weak_accept_category,Other plastic wrapper,Other carton|Other plastic wrapper,accept,0.716701,0.716701,0.283299,reject,True
images/reject_weak/taco_00797_Food_Can_e22a1e45.jpg,,reject_weak,reject,weak_reject_category,Food Can,Food Can|Pop tab|Glass jar|Metal lid,reject,0.669060,0.330940,0.669060,reject,True
images/accept_weak/taco_00798_Other_plastic_wrapper_98c4472f.jpg,,accept_weak,accept,weak_accept_category,Other plastic wrapper,Other plastic wrapper,accept,0.850908,0.850908,0.149092,accept,True
images/accept_weak/taco_00799_Plastic_film_e7b962b5.jpg,,accept_weak,accept,weak_accept_category,Plastic film,Plastic film,reject,0.555162,0.444838,0.555162,reject,False
images/reject_weak/taco_00800_Aerosol_85e3aa01.jpg,,reject_weak,reject,weak_reject_category,Aerosol,Aerosol|Plastic lid,reject,0.828213,0.171787,0.828213,reject,True
images/reject_weak/taco_00801_Pop_tab_62cc1a3c.jpg,,reject_weak,reject,weak_reject_category,Pop tab,Pop tab,accept,0.648813,0.648813,0.351187,reject,False
images/reject_weak/taco_00802_Meal_carton_f8dd4ed9.jpg,,reject_weak,reject,weak_reject_category,Meal carton,Meal carton,reject,0.535387,0.464613,0.535387,reject,True
images/reject_weak/taco_00803_Other_plastic_bottle_fcb20204.jpg,,reject_weak,reject,weak_reject_category,Other plastic bottle,Other plastic bottle|Clear plastic bottle|Plastic bottle cap,accept,0.646067,0.646067,0.353933,reject,False
images/reject_weak/taco_00804_Disposable_plastic_cup_53836f1b.jpg,,reject_weak,reject,weak_reject_category,Disposable plastic cup,Disposable plastic cup|Paper cup|Plastic lid|Drink can|Unlabeled litter|Plastic straw,accept,0.608313,0.608313,0.391688,reject,False
images/reject_weak/taco_00805_Drink_can_c01c0654.jpg,,reject_weak,reject,weak_reject_category,Drink can,Drink can|Pop tab,reject,0.742444,0.257556,0.742444,reject,True
images/reject_weak/taco_00806_Disposable_plastic_cup_a4a10d45.jpg,,reject_weak,reject,weak_reject_category,Disposable plastic cup,Disposable plastic cup,reject,0.643197,0.356803,0.643197,reject,True
images/reject_weak/taco_00807_Drink_can_34c80179.jpg,,reject_weak,reject,weak_reject_category,Drink can,Drink can,accept,0.508698,0.508698,0.491302,reject,False
images/reject_weak/taco_00808_Drink_can_6ef88af7.jpg,,reject_weak,reject,weak_reject_category,Drink can,Drink can,accept,0.695532,0.695532,0.304468,reject,False
images/accept_weak/taco_00809_Disposable_food_container_c51e3b93.jpg,,accept_weak,accept,weak_accept_category,Disposable food container,Disposable food container|Cigarette,accept,0.588792,0.588792,0.411208,reject,True
images/accept_weak/taco_00810_Cigarette_7a16b6e1.jpg,,accept_weak,accept,weak_accept_category,Cigarette,Plastic lid|Cigarette,accept,0.545483,0.545483,0.454517,reject,True
images/reject_weak/taco_00811_Paper_cup_0b0985f0.jpg,,reject_weak,reject,weak_reject_category,Paper cup,Paper cup,accept,0.589569,0.589569,0.410431,reject,False
images/reject_weak/taco_00812_Other_carton_6de2cefd.jpg,,reject_weak,reject,weak_reject_category,Other carton,Other carton,reject,0.636505,0.363495,0.636505,reject,True
images/accept_weak/taco_00813_Plastic_film_ff9af0d7.jpg,,accept_weak,accept,weak_accept_category,Plastic film,Plastic film,accept,0.585185,0.585185,0.414815,reject,True
images/accept_weak/taco_00814_Plastic_film_e8dd9cf3.jpg,,accept_weak,accept,weak_accept_category,Plastic film,Plastic film,accept,0.597604,0.597604,0.402396,reject,True
images/accept_weak/taco_00815_Plastic_film_cb790ea4.jpg,,accept_weak,accept,weak_accept_category,Plastic film,Plastic film|Crisp packet|Tissues,accept,0.566959,0.566959,0.433041,reject,True
images/accept_weak/taco_00816_Cigarette_0c819024.jpg,,accept_weak,accept,weak_accept_category,Cigarette,Meal carton|Aluminium foil|Plastic bottle cap|Cigarette,accept,0.884377,0.884377,0.115623,accept,True
images/accept_weak/taco_00817_Plastic_film_cdb81850.jpg,,accept_weak,accept,weak_accept_category,Plastic film,Other carton|Plastic film,reject,0.772621,0.227379,0.772621,reject,False
images/reject_weak/taco_00818_Drink_can_310a8ce8.jpg,,reject_weak,reject,weak_reject_category,Drink can,Drink can|Pop tab,reject,0.928724,0.071276,0.928724,reject,True
images/accept_weak/taco_00819_Plastic_film_b01333a4.jpg,,accept_weak,accept,weak_accept_category,Plastic film,Plastic film,accept,0.962462,0.962462,0.037538,accept,True
images/accept_weak/taco_00820_Plastic_film_3a93f4d7.jpg,,accept_weak,accept,weak_accept_category,Plastic film,Plastic film|Corrugated carton,reject,0.614051,0.385949,0.614051,reject,False
images/reject_weak/taco_00821_Corrugated_carton_eef5f685.jpg,,reject_weak,reject,weak_reject_category,Corrugated carton,Corrugated carton|Other carton,reject,0.752534,0.247466,0.752534,reject,True
images/accept_weak/taco_00822_Disposable_food_container_341eb6e4.jpg,,accept_weak,accept,weak_accept_category,Disposable food container,Disposable food container|Plastic film,accept,0.726556,0.726556,0.273444,reject,True
images/accept_weak/taco_00823_Plastic_film_df6ff875.jpg,,accept_weak,accept,weak_accept_category,Plastic film,Other carton|Plastic film,accept,0.528841,0.528841,0.471159,reject,True
images/accept_weak/taco_00824_Plastic_film_0138f779.jpg,,accept_weak,accept,weak_accept_category,Plastic film,Other carton|Plastic film,reject,0.501839,0.498161,0.501839,reject,False
images/reject_weak/taco_00825_Spread_tub_c7073b12.jpg,,reject_weak,reject,weak_reject_category,Spread tub,Spread tub,reject,0.852630,0.147370,0.852630,reject,True
images/reject_weak/taco_00826_Other_plastic_b0485c45.jpg,,reject_weak,reject,weak_reject_category,Other plastic,Other plastic|Aluminium foil,accept,0.529841,0.529841,0.470159,reject,False
images/reject_weak/taco_00827_Drink_can_367615d5.jpg,,reject_weak,reject,weak_reject_category,Drink can,Drink can|Unlabeled litter,accept,0.760448,0.760448,0.239552,accept,False
images/reject_weak/taco_00828_Drink_can_c7f47ebe.jpg,,reject_weak,reject,weak_reject_category,Drink can,Drink can|Unlabeled litter,accept,0.714413,0.714413,0.285587,reject,False
images/accept_weak/taco_00829_Plastic_film_b8092a1f.jpg,,accept_weak,accept,weak_accept_category,Plastic film,Plastic film|Unlabeled litter|Cigarette,accept,0.865969,0.865969,0.134031,accept,True
images/reject_weak/taco_00830_Clear_plastic_bottle_19b24bed.jpg,,reject_weak,reject,weak_reject_category,Clear plastic bottle,Clear plastic bottle|Normal paper,accept,0.968783,0.968783,0.031217,accept,False
images/accept_weak/taco_00831_Other_plastic_wrapper_9acfe74a.jpg,,accept_weak,accept,weak_accept_category,Other plastic wrapper,Other plastic wrapper|Plastic film,accept,0.557871,0.557871,0.442129,reject,True
images/accept_weak/taco_00832_Plastic_film_03dd1354.jpg,,accept_weak,accept,weak_accept_category,Plastic film,Plastic film,accept,0.586772,0.586772,0.413228,reject,True
images/accept_weak/taco_00833_Single-use_carrier_bag_97172be5.jpg,,accept_weak,accept,weak_accept_category,Single-use carrier bag,Single-use carrier bag,accept,0.600303,0.600303,0.399697,reject,True
images/accept_weak/taco_00834_Other_plastic_wrapper_b612e631.jpg,,accept_weak,accept,weak_accept_category,Other plastic wrapper,Other plastic wrapper|Unlabeled litter|Other carton,accept,0.668383,0.668383,0.331617,reject,True
images/accept_weak/taco_00835_Disposable_food_container_330a23ff.jpg,,accept_weak,accept,weak_accept_category,Disposable food container,Disposable food container|Plastic film|Unlabeled litter,accept,0.779631,0.779631,0.220369,accept,True
images/accept_weak/taco_00837_Disposable_food_container_a742652a.jpg,,accept_weak,accept,weak_accept_category,Disposable food container,Disposable food container|Plastic film,accept,0.697597,0.697597,0.302403,reject,True
images/accept_weak/taco_00838_Single-use_carrier_bag_e2a01f49.jpg,,accept_weak,accept,weak_accept_category,Single-use carrier bag,Single-use carrier bag|Metal lid|Glass jar,accept,0.656005,0.656005,0.343995,reject,True
images/reject_weak/taco_00839_Glass_jar_5befc9e8.jpg,,reject_weak,reject,weak_reject_category,Glass jar,Glass jar|Metal lid|Metal bottle cap,reject,0.695263,0.304737,0.695263,reject,True
images/reject_weak/taco_00840_Other_plastic_bottle_9e6c96c4.jpg,,reject_weak,reject,weak_reject_category,Other plastic bottle,Other plastic bottle,reject,0.868256,0.131744,0.868256,reject,True
images/accept_weak/taco_00841_Disposable_food_container_0223a6d5.jpg,,accept_weak,accept,weak_accept_category,Disposable food container,Disposable food container|Food waste,reject,0.780559,0.219441,0.780559,reject,False
images/reject_weak/taco_00842_Metal_bottle_cap_1418676b.jpg,,reject_weak,reject,weak_reject_category,Metal bottle cap,Metal bottle cap,accept,0.537428,0.537428,0.462572,reject,False
images/reject_weak/taco_00843_Drink_can_76061858.jpg,,reject_weak,reject,weak_reject_category,Drink can,Drink can|Pop tab|Unlabeled litter,reject,0.604641,0.395359,0.604641,reject,True
images/accept_weak/taco_00844_Foam_food_container_7b3d4384.jpg,,accept_weak,accept,weak_accept_category,Foam food container,Foam food container|Unlabeled litter,accept,0.616267,0.616267,0.383733,reject,True
images/reject_weak/taco_00845_Paper_straw_039cad04.jpg,,reject_weak,reject,weak_reject_category,Paper straw,Paper straw|Disposable plastic cup,accept,0.598649,0.598649,0.401351,reject,False
images/accept_weak/taco_00846_Disposable_food_container_f7e50262.jpg,,accept_weak,accept,weak_accept_category,Disposable food container,Disposable food container|Plastic film|Cigarette,accept,0.589919,0.589919,0.410081,reject,True
images/reject_weak/taco_00847_Aluminium_foil_dad4b787.jpg,,reject_weak,reject,weak_reject_category,Aluminium foil,Aluminium foil,accept,0.517167,0.517167,0.482833,reject,False
images/accept_weak/taco_00848_Plastic_utensils_9059f66b.jpg,,accept_weak,accept,weak_accept_category,Plastic utensils,Plastic utensils|Unlabeled litter,accept,0.685480,0.685480,0.314520,reject,True
images/accept_weak/taco_00849_Cigarette_3d0c0bfc.jpg,,accept_weak,accept,weak_accept_category,Cigarette,Clear plastic bottle|Cigarette,accept,0.888950,0.888950,0.111050,accept,True
images/reject_weak/taco_00850_Normal_paper_abe7d81c.jpg,,reject_weak,reject,weak_reject_category,Normal paper,Normal paper,reject,0.689501,0.310499,0.689501,reject,True
images/reject_weak/taco_00851_Plastic_straw_6da5749b.jpg,,reject_weak,reject,weak_reject_category,Plastic straw,Plastic straw|Unlabeled litter,accept,0.670935,0.670935,0.329065,reject,False
images/reject_weak/taco_00852_Paper_cup_137f4385.jpg,,reject_weak,reject,weak_reject_category,Paper cup,Paper cup|Plastic lid|Paper bag,reject,0.657085,0.342915,0.657085,reject,True
images/accept_weak/taco_00853_Other_plastic_wrapper_ae432ce6.jpg,,accept_weak,accept,weak_accept_category,Other plastic wrapper,Clear plastic bottle|Glass bottle|Other plastic|Unlabeled litter|Normal paper|Pop tab|Other plastic wrapper|Paper bag|Plastic straw|Shoe|Cigarette,accept,0.684973,0.684973,0.315027,reject,True
images/accept_weak/taco_00854_Plastic_utensils_0f573ab1.jpg,,accept_weak,accept,weak_accept_category,Plastic utensils,Plastic utensils,reject,0.984140,0.015860,0.984140,reject,False
images/reject_weak/taco_00855_Clear_plastic_bottle_6dd21a9e.jpg,,reject_weak,reject,weak_reject_category,Clear plastic bottle,Clear plastic bottle,accept,0.646672,0.646672,0.353328,reject,False
images/accept_weak/taco_00856_Plastic_film_bbc46391.jpg,,accept_weak,accept,weak_accept_category,Plastic film,Plastic film,accept,0.736074,0.736074,0.263926,reject,True
images/accept_weak/taco_00857_Single-use_carrier_bag_13802b93.jpg,,accept_weak,accept,weak_accept_category,Single-use carrier bag,Single-use carrier bag,accept,0.565010,0.565010,0.434990,reject,True
images/accept_weak/taco_00858_Plastic_film_76a108fb.jpg,,accept_weak,accept,weak_accept_category,Plastic film,Plastic film|Other plastic|Unlabeled litter,accept,0.747735,0.747735,0.252265,reject,True
images/reject_weak/taco_00859_Plastic_straw_82a75a19.jpg,,reject_weak,reject,weak_reject_category,Plastic straw,Plastic straw|Other plastic|Disposable plastic cup,accept,0.785719,0.785719,0.214281,accept,False
images/accept_weak/taco_00860_Other_plastic_wrapper_70bca3d9.jpg,,accept_weak,accept,weak_accept_category,Other plastic wrapper,Clear plastic bottle|Glass bottle|Drink carton|Unlabeled litter|Paper cup|Other plastic wrapper|Drink can,accept,0.543582,0.543582,0.456418,reject,True
images/reject_weak/taco_00861_Plastic_bottle_cap_bf040a3a.jpg,,reject_weak,reject,weak_reject_category,Plastic bottle cap,Plastic bottle cap,reject,0.687359,0.312641,0.687359,reject,True
images/accept_weak/taco_00862_Plastic_film_4d2539b9.jpg,,accept_weak,accept,weak_accept_category,Plastic film,Plastic film|Unlabeled litter|Cigarette,accept,0.930209,0.930209,0.069791,accept,True
images/accept_weak/taco_00863_Plastic_film_b649e5d8.jpg,,accept_weak,accept,weak_accept_category,Plastic film,Plastic film,accept,0.659900,0.659900,0.340100,reject,True
images/accept_weak/taco_00864_Tissues_b6a16fff.jpg,,accept_weak,accept,weak_accept_category,Tissues,Tissues|Plastic film,reject,0.524764,0.475236,0.524764,reject,False
images/reject_weak/taco_00865_Paper_cup_c3d41e0f.jpg,,reject_weak,reject,weak_reject_category,Paper cup,Paper cup,accept,0.605430,0.605430,0.394570,reject,False
images/accept_weak/taco_00866_Plastic_utensils_86d870f7.jpg,,accept_weak,accept,weak_accept_category,Plastic utensils,Clear plastic bottle|Drink can|Metal bottle cap|Plastic bottle cap|Plastic utensils|Normal paper|Other plastic wrapper|Unlabeled litter|Other plastic|Cigarette,accept,0.693804,0.693804,0.306196,reject,True
images/accept_weak/taco_00867_Plastic_film_5e6afbfc.jpg,,accept_weak,accept,weak_accept_category,Plastic film,Plastic film,accept,0.717961,0.717961,0.282039,reject,True
images/accept_weak/taco_00868_Garbage_bag_def493bd.jpg,,accept_weak,accept,weak_accept_category,Garbage bag,Egg carton|Garbage bag,accept,0.624739,0.624739,0.375261,reject,True
images/reject_weak/taco_00869_Plastic_lid_5715297e.jpg,,reject_weak,reject,weak_reject_category,Plastic lid,Plastic lid|Other carton,reject,0.812610,0.187390,0.812610,reject,True
images/accept_weak/taco_00870_Disposable_food_container_8359925d.jpg,,accept_weak,accept,weak_accept_category,Disposable food container,Other carton|Disposable food container,reject,0.721538,0.278462,0.721538,reject,False
images/accept_weak/taco_00871_Other_plastic_wrapper_1e6a9642.jpg,,accept_weak,accept,weak_accept_category,Other plastic wrapper,Other plastic wrapper,accept,0.536406,0.536406,0.463594,reject,True
images/accept_weak/taco_00872_Other_plastic_wrapper_790e4374.jpg,,accept_weak,accept,weak_accept_category,Other plastic wrapper,Other plastic container|Tupperware|Other plastic wrapper,reject,0.631352,0.368648,0.631352,reject,False
images/accept_weak/taco_00873_Plastic_film_e8ce43b6.jpg,,accept_weak,accept,weak_accept_category,Plastic film,Other carton|Aluminium blister pack|Normal paper|Plastic film,reject,0.632420,0.367580,0.632420,reject,False
images/reject_weak/taco_00874_Magazine_paper_2cad3184.jpg,,reject_weak,reject,weak_reject_category,Magazine paper,Magazine paper,accept,0.585805,0.585805,0.414195,reject,False
images/accept_weak/taco_00875_Cigarette_b6d7b2ec.jpg,,accept_weak,accept,weak_accept_category,Cigarette,Plastic bottle cap|Clear plastic bottle|Wrapping paper|Cigarette,accept,0.792841,0.792841,0.207159,accept,True
images/reject_weak/taco_00876_Plastic_straw_458d4ed3.jpg,,reject_weak,reject,weak_reject_category,Plastic straw,Plastic straw,accept,0.614919,0.614919,0.385081,reject,False
images/accept_weak/taco_00877_Plastic_film_a0c5d3f4.jpg,,accept_weak,accept,weak_accept_category,Plastic film,Other plastic|Plastic film,accept,0.585304,0.585304,0.414696,reject,True
images/reject_weak/taco_00878_Plastic_bottle_cap_b217559e.jpg,,reject_weak,reject,weak_reject_category,Plastic bottle cap,Plastic bottle cap,accept,0.811389,0.811389,0.188611,accept,False
images/accept_weak/taco_00879_Plastic_film_8266a955.jpg,,accept_weak,accept,weak_accept_category,Plastic film,Disposable plastic cup|Plastic film|Normal paper|Cigarette,accept,0.865696,0.865696,0.134304,accept,True
images/reject_weak/taco_00880_Plastic_bottle_cap_61127abd.jpg,,reject_weak,reject,weak_reject_category,Plastic bottle cap,Plastic bottle cap,accept,0.705916,0.705916,0.294084,reject,False
images/accept_weak/taco_00881_Cigarette_9abdf397.jpg,,accept_weak,accept,weak_accept_category,Cigarette,Magazine paper|Normal paper|Cigarette,accept,0.795535,0.795535,0.204465,accept,True
images/accept_weak/taco_00882_Cigarette_3195fe05.jpg,,accept_weak,accept,weak_accept_category,Cigarette,Disposable plastic cup|Cigarette,accept,0.830273,0.830273,0.169727,accept,True
images/reject_weak/taco_00883_Other_plastic_28654aea.jpg,,reject_weak,reject,weak_reject_category,Other plastic,Other plastic,accept,0.640204,0.640204,0.359796,reject,False
images/accept_weak/taco_00884_Plastic_film_492fe406.jpg,,accept_weak,accept,weak_accept_category,Plastic film,Plastic film,accept,0.641477,0.641477,0.358523,reject,True
images/reject_weak/taco_00885_Plastic_straw_e8ef3aae.jpg,,reject_weak,reject,weak_reject_category,Plastic straw,Plastic straw,accept,0.737190,0.737190,0.262810,reject,False
images/reject_weak/taco_00886_Other_plastic_e82f8bd7.jpg,,reject_weak,reject,weak_reject_category,Other plastic,Other plastic,accept,0.566733,0.566733,0.433267,reject,False
images/reject_weak/taco_00887_Other_plastic_024d1877.jpg,,reject_weak,reject,weak_reject_category,Other plastic,Other plastic,accept,0.791379,0.791379,0.208621,accept,False
images/reject_weak/taco_00888_Other_plastic_2d2a0ba4.jpg,,reject_weak,reject,weak_reject_category,Other plastic,Other plastic|Plastic lid,accept,0.830136,0.830136,0.169864,accept,False
images/reject_weak/taco_00889_Other_plastic_6315f2e1.jpg,,reject_weak,reject,weak_reject_category,Other plastic,Other plastic,accept,0.751657,0.751657,0.248343,reject,False
images/reject_weak/taco_00890_Plastic_bottle_cap_8fdc48bb.jpg,,reject_weak,reject,weak_reject_category,Plastic bottle cap,Plastic bottle cap,accept,0.720896,0.720896,0.279104,reject,False
images/reject_weak/taco_00891_Other_plastic_f2eee01b.jpg,,reject_weak,reject,weak_reject_category,Other plastic,Other plastic|Plastic bottle cap,accept,0.908142,0.908142,0.091858,accept,False
images/accept_weak/taco_00892_Plastic_film_8e84e23f.jpg,,accept_weak,accept,weak_accept_category,Plastic film,Plastic film,accept,0.674855,0.674855,0.325145,reject,True
images/reject_weak/taco_00893_Other_plastic_9b677aca.jpg,,reject_weak,reject,weak_reject_category,Other plastic,Other plastic,accept,0.632487,0.632487,0.367514,reject,False
images/reject_weak/taco_00894_Other_plastic_f81ec9e2.jpg,,reject_weak,reject,weak_reject_category,Other plastic,Other plastic,reject,0.683046,0.316954,0.683046,reject,True
images/reject_weak/taco_00895_Other_plastic_a4c96d52.jpg,,reject_weak,reject,weak_reject_category,Other plastic,Other plastic,accept,0.724938,0.724938,0.275062,reject,False
images/accept_weak/taco_00896_Plastic_film_888a396b.jpg,,accept_weak,accept,weak_accept_category,Plastic film,Plastic film,accept,0.633239,0.633239,0.366761,reject,True
images/reject_weak/taco_00897_Other_plastic_3a6e4c71.jpg,,reject_weak,reject,weak_reject_category,Other plastic,Other plastic,reject,0.552953,0.447048,0.552953,reject,True
images/reject_weak/taco_00898_Other_plastic_6f855259.jpg,,reject_weak,reject,weak_reject_category,Other plastic,Other plastic,accept,0.719131,0.719131,0.280869,reject,False
images/reject_weak/taco_00899_Plastic_bottle_cap_ccac1b85.jpg,,reject_weak,reject,weak_reject_category,Plastic bottle cap,Plastic bottle cap,accept,0.579740,0.579740,0.420260,reject,False
images/accept_weak/taco_00900_Plastic_film_15648e13.jpg,,accept_weak,accept,weak_accept_category,Plastic film,Plastic film,accept,0.713732,0.713732,0.286268,reject,True
images/reject_weak/taco_00901_Other_plastic_cup_fdd81df5.jpg,,reject_weak,reject,weak_reject_category,Other plastic cup,Other plastic cup,accept,0.690807,0.690807,0.309193,reject,False
images/reject_weak/taco_00902_Other_plastic_935a8a57.jpg,,reject_weak,reject,weak_reject_category,Other plastic,Other plastic,reject,0.736572,0.263428,0.736572,reject,True
images/reject_weak/taco_00903_Other_plastic_07adf761.jpg,,reject_weak,reject,weak_reject_category,Other plastic,Other plastic,accept,0.691304,0.691304,0.308696,reject,False
images/accept_weak/taco_00904_Plastic_film_1c52fa65.jpg,,accept_weak,accept,weak_accept_category,Plastic film,Plastic film|Other plastic,accept,0.715734,0.715734,0.284266,reject,True
images/accept_weak/taco_00905_Plastic_film_b04c13aa.jpg,,accept_weak,accept,weak_accept_category,Plastic film,Plastic film|Cigarette,accept,0.994933,0.994933,0.005067,accept,True
images/accept_weak/taco_00906_Styrofoam_piece_76a83b69.jpg,,accept_weak,accept,weak_accept_category,Styrofoam piece,Styrofoam piece,accept,0.647943,0.647943,0.352057,reject,True
images/accept_weak/taco_00907_Styrofoam_piece_d267ae23.jpg,,accept_weak,accept,weak_accept_category,Styrofoam piece,Styrofoam piece|Cigarette,accept,0.635617,0.635617,0.364383,reject,True
images/reject_weak/taco_00908_Other_plastic_790c5706.jpg,,reject_weak,reject,weak_reject_category,Other plastic,Other plastic,accept,0.588985,0.588985,0.411015,reject,False
images/reject_weak/taco_00910_Disposable_plastic_cup_82210697.jpg,,reject_weak,reject,weak_reject_category,Disposable plastic cup,Disposable plastic cup,accept,0.785695,0.785695,0.214305,accept,False
images/reject_weak/taco_00911_Disposable_plastic_cup_24716c7d.jpg,,reject_weak,reject,weak_reject_category,Disposable plastic cup,Disposable plastic cup,accept,0.656844,0.656844,0.343156,reject,False
images/reject_weak/taco_00913_Normal_paper_1d363d38.jpg,,reject_weak,reject,weak_reject_category,Normal paper,Normal paper,accept,0.905401,0.905401,0.094599,accept,False
images/reject_weak/taco_00914_Plastic_straw_81bd8db1.jpg,,reject_weak,reject,weak_reject_category,Plastic straw,Plastic straw,accept,0.813657,0.813657,0.186343,accept,False
images/accept_weak/taco_00915_Plastic_film_80e04cc6.jpg,,accept_weak,accept,weak_accept_category,Plastic film,Plastic straw|Plastic film,accept,0.682285,0.682285,0.317715,reject,True
images/accept_weak/taco_00918_Plastic_film_27a2f568.jpg,,accept_weak,accept,weak_accept_category,Plastic film,Plastic film,accept,0.778580,0.778580,0.221420,accept,True
images/reject_weak/taco_00919_Other_plastic_95b2eafa.jpg,,reject_weak,reject,weak_reject_category,Other plastic,Other plastic,accept,0.739620,0.739620,0.260380,reject,False
images/reject_weak/taco_00920_Aluminium_foil_30977a3a.jpg,,reject_weak,reject,weak_reject_category,Aluminium foil,Aluminium foil,accept,0.513059,0.513059,0.486941,reject,False
images/reject_weak/taco_00921_Aluminium_foil_d912c3df.jpg,,reject_weak,reject,weak_reject_category,Aluminium foil,Aluminium foil,accept,0.721705,0.721705,0.278295,reject,False
images/accept_weak/taco_00922_Plastic_film_314391e1.jpg,,accept_weak,accept,weak_accept_category,Plastic film,Plastic film,accept,0.754976,0.754976,0.245024,reject,True
images/accept_weak/taco_00923_Plastic_film_538e7c26.jpg,,accept_weak,accept,weak_accept_category,Plastic film,Plastic film,accept,0.867076,0.867076,0.132924,accept,True
images/reject_weak/taco_00924_Food_waste_b8d3c665.jpg,,reject_weak,reject,weak_reject_category,Food waste,Food waste|Other plastic,accept,0.667975,0.667975,0.332025,reject,False
images/reject_weak/taco_00926_Other_plastic_9668eab8.jpg,,reject_weak,reject,weak_reject_category,Other plastic,Other plastic,accept,0.709018,0.709018,0.290982,reject,False
images/reject_weak/taco_00927_Other_plastic_ed0bfb8b.jpg,,reject_weak,reject,weak_reject_category,Other plastic,Other plastic,accept,0.880250,0.880250,0.119750,accept,False
images/accept_weak/taco_00928_Single-use_carrier_bag_9eb1fe4e.jpg,,accept_weak,accept,weak_accept_category,Single-use carrier bag,Single-use carrier bag|Other carton,accept,0.858475,0.858475,0.141525,accept,True
images/reject_weak/taco_00929_Other_plastic_deded25e.jpg,,reject_weak,reject,weak_reject_category,Other plastic,Other plastic,reject,0.663011,0.336989,0.663011,reject,True
images/reject_weak/taco_00930_Other_plastic_c7f97311.jpg,,reject_weak,reject,weak_reject_category,Other plastic,Other plastic,accept,0.614142,0.614142,0.385858,reject,False
images/reject_weak/taco_00931_Plastic_bottle_cap_f58cb439.jpg,,reject_weak,reject,weak_reject_category,Plastic bottle cap,Plastic bottle cap,accept,0.634985,0.634985,0.365015,reject,False
images/reject_weak/taco_00932_Plastic_bottle_cap_6f196a42.jpg,,reject_weak,reject,weak_reject_category,Plastic bottle cap,Plastic bottle cap,accept,0.543656,0.543656,0.456344,reject,False
images/accept_weak/taco_00933_Plastic_film_4f9469de.jpg,,accept_weak,accept,weak_accept_category,Plastic film,Plastic film,accept,0.810724,0.810724,0.189276,accept,True
images/reject_weak/taco_00935_Other_plastic_af5aacaf.jpg,,reject_weak,reject,weak_reject_category,Other plastic,Other plastic,accept,0.671764,0.671764,0.328236,reject,False
images/reject_weak/taco_00936_Other_plastic_2c403034.jpg,,reject_weak,reject,weak_reject_category,Other plastic,Other plastic,accept,0.702331,0.702331,0.297669,reject,False
images/reject_weak/taco_00937_Metal_bottle_cap_a5564392.jpg,,reject_weak,reject,weak_reject_category,Metal bottle cap,Metal bottle cap,accept,0.621302,0.621302,0.378698,reject,False
images/reject_weak/taco_00938_Metal_bottle_cap_d17743a5.jpg,,reject_weak,reject,weak_reject_category,Metal bottle cap,Metal bottle cap,reject,0.637258,0.362742,0.637258,reject,True
images/accept_weak/taco_00939_Tissues_8e7ca10b.jpg,,accept_weak,accept,weak_accept_category,Tissues,Tissues,reject,0.509087,0.490913,0.509087,reject,False
images/accept_weak/taco_00940_Styrofoam_piece_1588082d.jpg,,accept_weak,accept,weak_accept_category,Styrofoam piece,Styrofoam piece,accept,0.563156,0.563156,0.436844,reject,True
images/accept_weak/taco_00941_Styrofoam_piece_90b745dc.jpg,,accept_weak,accept,weak_accept_category,Styrofoam piece,Styrofoam piece|Other plastic,accept,0.838349,0.838349,0.161651,accept,True
images/reject_weak/taco_00942_Plastic_bottle_cap_ef4cd366.jpg,,reject_weak,reject,weak_reject_category,Plastic bottle cap,Plastic bottle cap,accept,0.847899,0.847899,0.152101,accept,False
images/accept_weak/taco_00943_Plastic_film_8d69692c.jpg,,accept_weak,accept,weak_accept_category,Plastic film,Plastic film,accept,0.634883,0.634883,0.365117,reject,True
images/accept_weak/taco_00944_Plastic_film_2727ac42.jpg,,accept_weak,accept,weak_accept_category,Plastic film,Plastic film,accept,0.650049,0.650049,0.349951,reject,True
images/accept_weak/taco_00945_Plastic_film_0664599f.jpg,,accept_weak,accept,weak_accept_category,Plastic film,Plastic film,accept,0.554223,0.554223,0.445777,reject,True
images/reject_weak/taco_00946_Plastic_bottle_cap_0d7e4ce3.jpg,,reject_weak,reject,weak_reject_category,Plastic bottle cap,Plastic bottle cap|Other plastic,accept,0.829113,0.829113,0.170887,accept,False
images/reject_weak/taco_00947_Corrugated_carton_24330de8.jpg,,reject_weak,reject,weak_reject_category,Corrugated carton,Corrugated carton,accept,0.748639,0.748639,0.251362,reject,False
images/accept_weak/taco_00948_Cigarette_59bc6cfb.jpg,,accept_weak,accept,weak_accept_category,Cigarette,Disposable plastic cup|Cigarette,accept,0.657762,0.657762,0.342238,reject,True
images/accept_weak/taco_00949_Styrofoam_piece_a599a26a.jpg,,accept_weak,accept,weak_accept_category,Styrofoam piece,Styrofoam piece,accept,0.853143,0.853143,0.146857,accept,True
images/accept_weak/taco_00950_Plastic_film_c92261d4.jpg,,accept_weak,accept,weak_accept_category,Plastic film,Plastic film,accept,0.850629,0.850629,0.149371,accept,True
images/accept_weak/taco_00951_Cigarette_080dbc43.jpg,,accept_weak,accept,weak_accept_category,Cigarette,Drink can|Cigarette,accept,0.818592,0.818592,0.181408,accept,True
images/accept_weak/taco_00952_Disposable_food_container_3187f0f1.jpg,,accept_weak,accept,weak_accept_category,Disposable food container,Disposable food container,reject,0.910992,0.089008,0.910992,reject,False
images/accept_weak/taco_00953_Styrofoam_piece_9f00809a.jpg,,accept_weak,accept,weak_accept_category,Styrofoam piece,Styrofoam piece|Plastic film|Unlabeled litter,reject,0.774339,0.225661,0.774339,reject,False
images/accept_weak/taco_00954_Plastic_film_8bfe989f.jpg,,accept_weak,accept,weak_accept_category,Plastic film,Plastic film|Styrofoam piece,accept,0.510256,0.510256,0.489745,reject,True
images/accept_weak/taco_00955_Other_plastic_wrapper_e54b4bc1.jpg,,accept_weak,accept,weak_accept_category,Other plastic wrapper,Other plastic wrapper,accept,0.723802,0.723802,0.276198,reject,True
images/reject_weak/taco_00956_Plastic_straw_711ebdd0.jpg,,reject_weak,reject,weak_reject_category,Plastic straw,Plastic straw,accept,0.871703,0.871703,0.128297,accept,False
images/accept_weak/taco_00957_Other_plastic_wrapper_eed3b781.jpg,,accept_weak,accept,weak_accept_category,Other plastic wrapper,Other plastic wrapper,accept,0.587554,0.587554,0.412447,reject,True
images/accept_weak/taco_00958_Plastic_film_37bbef32.jpg,,accept_weak,accept,weak_accept_category,Plastic film,Plastic film|Cigarette,accept,0.829742,0.829742,0.170258,accept,True
images/accept_weak/taco_00959_Cigarette_8980dd5e.jpg,,accept_weak,accept,weak_accept_category,Cigarette,Other plastic|Cigarette,accept,0.670945,0.670945,0.329055,reject,True
images/reject_weak/taco_00960_Plastic_bottle_cap_40b0748c.jpg,,reject_weak,reject,weak_reject_category,Plastic bottle cap,Plastic bottle cap,accept,0.860010,0.860010,0.139990,accept,False
images/accept_weak/taco_00961_Cigarette_9da37008.jpg,,accept_weak,accept,weak_accept_category,Cigarette,Plastic bottle cap|Pop tab|Cigarette,accept,0.909495,0.909495,0.090505,accept,True
images/accept_weak/taco_00962_Other_plastic_wrapper_b07702d2.jpg,,accept_weak,accept,weak_accept_category,Other plastic wrapper,Other plastic bottle|Squeezable tube|Other plastic wrapper|Other plastic,accept,0.781156,0.781156,0.218845,accept,True
images/accept_weak/taco_00963_Plastic_film_d81ad1d1.jpg,,accept_weak,accept,weak_accept_category,Plastic film,Plastic film|Disposable food container,accept,0.790965,0.790965,0.209035,accept,True
images/accept_weak/taco_00964_Cigarette_7ce57450.jpg,,accept_weak,accept,weak_accept_category,Cigarette,Clear plastic bottle|Other plastic|Cigarette,accept,0.696705,0.696705,0.303295,reject,True
images/accept_weak/taco_00965_Cigarette_0e26f7e0.jpg,,accept_weak,accept,weak_accept_category,Cigarette,Clear plastic bottle|Cigarette,accept,0.625440,0.625440,0.374560,reject,True
images/reject_weak/taco_00966_Drink_can_4ffbaf6a.jpg,,reject_weak,reject,weak_reject_category,Drink can,Drink can|Plastic straw|Metal bottle cap|Unlabeled litter,accept,0.748056,0.748056,0.251944,reject,False
images/reject_weak/taco_00967_Plastic_straw_08efa665.jpg,,reject_weak,reject,weak_reject_category,Plastic straw,Plastic straw,accept,0.824322,0.824322,0.175678,accept,False
images/reject_weak/taco_00969_Plastic_straw_33f0df64.jpg,,reject_weak,reject,weak_reject_category,Plastic straw,Plastic straw,accept,0.789205,0.789205,0.210796,accept,False
images/accept_weak/taco_00970_Cigarette_0230ad2c.jpg,,accept_weak,accept,weak_accept_category,Cigarette,Other plastic|Cigarette,accept,0.718587,0.718587,0.281413,reject,True
images/accept_weak/taco_00971_Plastic_film_f2ac3aa2.jpg,,accept_weak,accept,weak_accept_category,Plastic film,Plastic film,accept,0.668181,0.668181,0.331819,reject,True
images/reject_weak/taco_00972_Scrap_metal_af3343bb.jpg,,reject_weak,reject,weak_reject_category,Scrap metal,Scrap metal,accept,0.780008,0.780008,0.219992,accept,False
images/accept_weak/taco_00973_Plastic_film_921d8369.jpg,,accept_weak,accept,weak_accept_category,Plastic film,Plastic film,accept,0.835677,0.835677,0.164323,accept,True
images/reject_weak/taco_00974_Clear_plastic_bottle_c2796700.jpg,,reject_weak,reject,weak_reject_category,Clear plastic bottle,Clear plastic bottle|Plastic bottle cap|Unlabeled litter,accept,0.719402,0.719402,0.280598,reject,False
images/reject_weak/taco_00975_Clear_plastic_bottle_c907a687.jpg,,reject_weak,reject,weak_reject_category,Clear plastic bottle,Clear plastic bottle|Plastic bottle cap,accept,0.649087,0.649087,0.350913,reject,False
images/accept_weak/taco_00976_Styrofoam_piece_9b580012.jpg,,accept_weak,accept,weak_accept_category,Styrofoam piece,Styrofoam piece|Plastic film|Aluminium foil,accept,0.741780,0.741780,0.258220,reject,True
images/reject_weak/taco_00977_Other_plastic_f8be853e.jpg,,reject_weak,reject,weak_reject_category,Other plastic,Other plastic,accept,0.669627,0.669627,0.330373,reject,False
images/accept_weak/taco_00978_Disposable_food_container_4986341b.jpg,,accept_weak,accept,weak_accept_category,Disposable food container,Disposable food container,accept,0.699573,0.699573,0.300427,reject,True
images/reject_weak/taco_00979_Plastic_bottle_cap_9a3334ac.jpg,,reject_weak,reject,weak_reject_category,Plastic bottle cap,Plastic bottle cap,accept,0.871662,0.871662,0.128338,accept,False
images/accept_weak/taco_00980_Styrofoam_piece_f8991622.jpg,,accept_weak,accept,weak_accept_category,Styrofoam piece,Styrofoam piece,accept,0.772471,0.772471,0.227529,accept,True
images/reject_weak/taco_00981_Plastic_bottle_cap_7968c18f.jpg,,reject_weak,reject,weak_reject_category,Plastic bottle cap,Plastic bottle cap,accept,0.727890,0.727890,0.272110,reject,False
images/accept_weak/taco_00982_Styrofoam_piece_84d26277.jpg,,accept_weak,accept,weak_accept_category,Styrofoam piece,Styrofoam piece|Unlabeled litter,accept,0.842486,0.842486,0.157514,accept,True
images/reject_weak/taco_00983_Paper_bag_8a48de53.jpg,,reject_weak,reject,weak_reject_category,Paper bag,Paper bag|Unlabeled litter|Other plastic,accept,0.830656,0.830656,0.169344,accept,False
images/accept_weak/taco_00984_Styrofoam_piece_451885aa.jpg,,accept_weak,accept,weak_accept_category,Styrofoam piece,Styrofoam piece,accept,0.707800,0.707800,0.292200,reject,True
images/accept_weak/taco_00985_Styrofoam_piece_a0aaa022.jpg,,accept_weak,accept,weak_accept_category,Styrofoam piece,Plastic bottle cap|Styrofoam piece,accept,0.716671,0.716671,0.283329,reject,True
images/reject_weak/taco_00986_Disposable_plastic_cup_52330317.jpg,,reject_weak,reject,weak_reject_category,Disposable plastic cup,Disposable plastic cup,accept,0.589465,0.589465,0.410535,reject,False
images/reject_weak/taco_00988_Other_carton_12cb1b68.jpg,,reject_weak,reject,weak_reject_category,Other carton,Other carton,accept,0.596162,0.596162,0.403838,reject,False
images/accept_weak/taco_00989_Disposable_food_container_c09ead2b.jpg,,accept_weak,accept,weak_accept_category,Disposable food container,Disposable food container,accept,0.808038,0.808038,0.191962,accept,True
images/reject_weak/taco_00991_Plastic_straw_0e8bda4f.jpg,,reject_weak,reject,weak_reject_category,Plastic straw,Plastic straw,accept,0.922212,0.922212,0.077788,accept,False
images/reject_weak/taco_00992_Other_plastic_9d0dba69.jpg,,reject_weak,reject,weak_reject_category,Other plastic,Other plastic,accept,0.973534,0.973534,0.026466,accept,False
images/accept_weak/taco_00993_Garbage_bag_e3f92c5b.jpg,,accept_weak,accept,weak_accept_category,Garbage bag,Garbage bag|Normal paper,accept,0.960406,0.960406,0.039594,accept,True
images/reject_weak/taco_00994_Disposable_plastic_cup_5e6ca0f6.jpg,,reject_weak,reject,weak_reject_category,Disposable plastic cup,Disposable plastic cup|Unlabeled litter,accept,0.614953,0.614953,0.385047,reject,False
images/accept_weak/taco_00995_Cigarette_19df2bc7.jpg,,accept_weak,accept,weak_accept_category,Cigarette,Other plastic bottle|Other plastic|Cigarette,accept,0.661070,0.661070,0.338930,reject,True
images/accept_weak/taco_00996_Cigarette_b1651a00.jpg,,accept_weak,accept,weak_accept_category,Cigarette,Clear plastic bottle|Unlabeled litter|Other plastic|Cigarette,accept,0.640753,0.640753,0.359247,reject,True
images/accept_weak/taco_00997_Cigarette_52892927.jpg,,accept_weak,accept,weak_accept_category,Cigarette,Corrugated carton|Cigarette,accept,0.772842,0.772842,0.227158,accept,True
images/accept_weak/taco_00998_Other_plastic_wrapper_fdcf7324.jpg,,accept_weak,accept,weak_accept_category,Other plastic wrapper,Other plastic wrapper|Normal paper,accept,0.840291,0.840291,0.159709,accept,True
images/accept_weak/taco_00999_Cigarette_4651cae4.jpg,,accept_weak,accept,weak_accept_category,Cigarette,Clear plastic bottle|Cigarette,accept,0.691535,0.691535,0.308465,reject,True
images/reject_weak/taco_01000_Glass_bottle_0be2c6bd.jpg,,reject_weak,reject,weak_reject_category,Glass bottle,Glass bottle,accept,0.504103,0.504103,0.495897,reject,False
images/reject_weak/taco_01001_Plastic_straw_f749f4ac.jpg,,reject_weak,reject,weak_reject_category,Plastic straw,Plastic straw|Drink carton,accept,0.639602,0.639602,0.360397,reject,False
images/accept_weak/taco_01002_Plastic_film_190ef466.jpg,,accept_weak,accept,weak_accept_category,Plastic film,Drink can|Plastic film,accept,0.563398,0.563398,0.436602,reject,True
images/reject_weak/taco_01003_Corrugated_carton_e2e8d7aa.jpg,,reject_weak,reject,weak_reject_category,Corrugated carton,Corrugated carton|Unlabeled litter,accept,0.591513,0.591513,0.408487,reject,False
images/reject_weak/taco_01004_Plastic_straw_185a9603.jpg,,reject_weak,reject,weak_reject_category,Plastic straw,Squeezable tube|Plastic straw,accept,0.756346,0.756346,0.243654,reject,False
images/accept_weak/taco_01005_Plastic_film_d28768b1.jpg,,accept_weak,accept,weak_accept_category,Plastic film,Other plastic|Unlabeled litter|Plastic film,accept,0.861277,0.861277,0.138723,accept,True
images/accept_weak/taco_01006_Styrofoam_piece_9277ba76.jpg,,accept_weak,accept,weak_accept_category,Styrofoam piece,Styrofoam piece|Unlabeled litter,accept,0.542822,0.542822,0.457178,reject,True
images/accept_weak/taco_01007_Cigarette_09f2b096.jpg,,accept_weak,accept,weak_accept_category,Cigarette,Disposable plastic cup|Unlabeled litter|Cigarette,accept,0.770934,0.770934,0.229066,accept,True
images/reject_weak/taco_01008_Glass_bottle_2955403d.jpg,,reject_weak,reject,weak_reject_category,Glass bottle,Glass bottle|Disposable plastic cup|Unlabeled litter,accept,0.662759,0.662759,0.337241,reject,False
images/accept_weak/taco_01009_Plastic_film_5317e156.jpg,,accept_weak,accept,weak_accept_category,Plastic film,Plastic film,accept,0.845247,0.845247,0.154753,accept,True
images/accept_weak/taco_01010_Plastic_film_2aceaaaa.jpg,,accept_weak,accept,weak_accept_category,Plastic film,Glass bottle|Plastic bottle cap|Rope & strings|Plastic film|Styrofoam piece,accept,0.932461,0.932461,0.067539,accept,True
images/accept_weak/taco_01011_Plastic_film_70d5b7f1.jpg,,accept_weak,accept,weak_accept_category,Plastic film,Plastic film,accept,0.555194,0.555194,0.444806,reject,True
images/accept_weak/taco_01012_Plastic_film_ff885e35.jpg,,accept_weak,accept,weak_accept_category,Plastic film,Meal carton|Plastic film,reject,0.733554,0.266446,0.733554,reject,False
images/accept_weak/taco_01013_Disposable_food_container_eac0a0ff.jpg,,accept_weak,accept,weak_accept_category,Disposable food container,Disposable food container|Clear plastic bottle|Plastic bottle cap|Normal paper|Cigarette,accept,0.641786,0.641786,0.358214,reject,True
images/accept_weak/taco_01014_Plastic_film_634a4cdb.jpg,,accept_weak,accept,weak_accept_category,Plastic film,Plastic film,accept,0.612388,0.612388,0.387612,reject,True
images/accept_weak/taco_01015_Plastic_film_9c139ad6.jpg,,accept_weak,accept,weak_accept_category,Plastic film,Meal carton|Plastic film,accept,0.637912,0.637912,0.362088,reject,True
images/reject_weak/taco_01016_Normal_paper_7db458fc.jpg,,reject_weak,reject,weak_reject_category,Normal paper,Normal paper,accept,0.516855,0.516855,0.483145,reject,False
images/reject_weak/taco_01018_Disposable_plastic_cup_be9d42ea.jpg,,reject_weak,reject,weak_reject_category,Disposable plastic cup,Disposable plastic cup|Normal paper|Unlabeled litter,accept,0.907168,0.907168,0.092832,accept,False
images/reject_weak/taco_01019_Clear_plastic_bottle_8d5f1feb.jpg,,reject_weak,reject,weak_reject_category,Clear plastic bottle,Clear plastic bottle|Plastic bottle cap,accept,0.689287,0.689287,0.310713,reject,False
images/reject_weak/taco_01020_Drink_can_2452dae8.jpg,,reject_weak,reject,weak_reject_category,Drink can,Drink can|Unlabeled litter,accept,0.591252,0.591252,0.408748,reject,False
images/accept_weak/taco_01021_Other_plastic_wrapper_cc3a930d.jpg,,accept_weak,accept,weak_accept_category,Other plastic wrapper,Other plastic wrapper|Drink can|Pop tab,accept,0.677340,0.677340,0.322660,reject,True
images/reject_weak/taco_01022_Aluminium_foil_c665c95b.jpg,,reject_weak,reject,weak_reject_category,Aluminium foil,Aluminium foil|Paper cup|Drink can|Metal bottle cap|Clear plastic bottle,accept,0.703434,0.703434,0.296566,reject,False
images/accept_weak/taco_01023_Other_plastic_wrapper_03046f88.jpg,,accept_weak,accept,weak_accept_category,Other plastic wrapper,Other plastic wrapper,accept,0.599199,0.599199,0.400801,reject,True
images/reject_weak/taco_01024_Drink_can_49947068.jpg,,reject_weak,reject,weak_reject_category,Drink can,Drink can,reject,0.556218,0.443782,0.556218,reject,True
images/reject_weak/taco_01025_Clear_plastic_bottle_b7b3c61b.jpg,,reject_weak,reject,weak_reject_category,Clear plastic bottle,Clear plastic bottle,reject,0.713953,0.286047,0.713953,reject,True
images/reject_weak/taco_01026_Plastic_straw_9cf413f1.jpg,,reject_weak,reject,weak_reject_category,Plastic straw,Plastic straw|Plastic lid,accept,0.738004,0.738004,0.261996,reject,False
images/accept_weak/taco_01027_Cigarette_8631a3a2.jpg,,accept_weak,accept,weak_accept_category,Cigarette,Six pack rings|Unlabeled litter|Cigarette,accept,0.668683,0.668683,0.331317,reject,True
images/reject_weak/taco_01028_Drink_can_f0529396.jpg,,reject_weak,reject,weak_reject_category,Drink can,Drink can|Pop tab,accept,0.736702,0.736702,0.263298,reject,False
images/accept_weak/taco_01029_Other_plastic_wrapper_f8ba7c29.jpg,,accept_weak,accept,weak_accept_category,Other plastic wrapper,Other carton|Other plastic wrapper|Pop tab|Drink can,reject,0.562380,0.437620,0.562380,reject,False
images/reject_weak/taco_01030_Drink_can_3bb1ec78.jpg,,reject_weak,reject,weak_reject_category,Drink can,Drink can,reject,0.985053,0.014947,0.985053,reject,True
images/accept_weak/taco_01031_Styrofoam_piece_6bfcc4c7.jpg,,accept_weak,accept,weak_accept_category,Styrofoam piece,Styrofoam piece,accept,0.959876,0.959876,0.040124,accept,True
images/reject_weak/taco_01032_Disposable_plastic_cup_1540248b.jpg,,reject_weak,reject,weak_reject_category,Disposable plastic cup,Disposable plastic cup|Drink can|Pop tab|Other plastic|Unlabeled litter|Other carton|Aluminium foil,accept,0.642721,0.642721,0.357279,reject,False
images/reject_weak/taco_01033_Drink_can_48290333.jpg,,reject_weak,reject,weak_reject_category,Drink can,Drink can|Pop tab,accept,0.593455,0.593455,0.406545,reject,False
images/reject_weak/taco_01034_Pop_tab_edf6563e.jpg,,reject_weak,reject,weak_reject_category,Pop tab,Pop tab|Drink can,accept,0.757082,0.757082,0.242918,reject,False
images/reject_weak/taco_01036_Plastic_straw_124bfdae.jpg,,reject_weak,reject,weak_reject_category,Plastic straw,Plastic straw|Plastic lid|Unlabeled litter,accept,0.699837,0.699837,0.300163,reject,False
images/accept_weak/taco_01037_Plastic_film_1570ce67.jpg,,accept_weak,accept,weak_accept_category,Plastic film,Meal carton|Plastic film|Crisp packet|Unlabeled litter|Cigarette,accept,0.601394,0.601394,0.398606,reject,True
images/accept_weak/taco_01038_Plastic_film_a977d259.jpg,,accept_weak,accept,weak_accept_category,Plastic film,Plastic film,accept,0.689802,0.689802,0.310198,reject,True
images/accept_weak/taco_01039_Single-use_carrier_bag_91829698.jpg,,accept_weak,accept,weak_accept_category,Single-use carrier bag,Single-use carrier bag|Other plastic wrapper|Plastic film|Paper bag,accept,0.917612,0.917612,0.082388,accept,True
images/accept_weak/taco_01040_Plastic_film_69aab452.jpg,,accept_weak,accept,weak_accept_category,Plastic film,Plastic film,accept,0.537899,0.537899,0.462101,reject,True
images/reject_weak/taco_01041_Paper_bag_52538378.jpg,,reject_weak,reject,weak_reject_category,Paper bag,Paper bag,reject,0.662139,0.337861,0.662139,reject,True
images/reject_weak/taco_01042_Disposable_plastic_cup_f210a75d.jpg,,reject_weak,reject,weak_reject_category,Disposable plastic cup,Disposable plastic cup,accept,0.597282,0.597282,0.402718,reject,False
images/reject_weak/taco_01043_Disposable_plastic_cup_a7022a55.jpg,,reject_weak,reject,weak_reject_category,Disposable plastic cup,Disposable plastic cup,accept,0.684926,0.684926,0.315074,reject,False
images/reject_weak/taco_01044_Glass_bottle_3b0d52bf.jpg,,reject_weak,reject,weak_reject_category,Glass bottle,Glass bottle,reject,0.611092,0.388908,0.611092,reject,True
images/accept_weak/taco_01045_Cigarette_2202232a.jpg,,accept_weak,accept,weak_accept_category,Cigarette,Clear plastic bottle|Cigarette,reject,0.762010,0.237990,0.762010,reject,False
images/accept_weak/taco_01046_Other_plastic_wrapper_ce8111fa.jpg,,accept_weak,accept,weak_accept_category,Other plastic wrapper,Meal carton|Plastic straw|Plastic lid|Paper cup|Other plastic wrapper|Other plastic,accept,0.835797,0.835797,0.164203,accept,True
images/accept_weak/taco_01047_Cigarette_8fe01f03.jpg,,accept_weak,accept,weak_accept_category,Cigarette,Paper cup|Unlabeled litter|Cigarette,accept,0.645626,0.645626,0.354374,reject,True
images/accept_weak/taco_01048_Cigarette_28808b6e.jpg,,accept_weak,accept,weak_accept_category,Cigarette,Plastic straw|Cigarette,accept,0.510773,0.510773,0.489227,reject,True
images/accept_weak/taco_01049_Other_plastic_wrapper_6fc2fc62.jpg,,accept_weak,accept,weak_accept_category,Other plastic wrapper,Other plastic wrapper,accept,0.791844,0.791844,0.208156,accept,True
images/accept_weak/taco_01050_Cigarette_3657c81a.jpg,,accept_weak,accept,weak_accept_category,Cigarette,Meal carton|Cigarette,accept,0.598375,0.598375,0.401625,reject,True
images/reject_weak/taco_01051_Paper_cup_340efe7d.jpg,,reject_weak,reject,weak_reject_category,Paper cup,Paper cup|Plastic lid,accept,0.683340,0.683340,0.316660,reject,False
images/accept_weak/taco_01052_Plastic_film_009a4c6f.jpg,,accept_weak,accept,weak_accept_category,Plastic film,Paper cup|Plastic lid|Plastic film|Drink can|Unlabeled litter,accept,0.588774,0.588774,0.411226,reject,True
images/reject_weak/taco_01053_Normal_paper_96539518.jpg,,reject_weak,reject,weak_reject_category,Normal paper,Plastic glooves|Normal paper,accept,0.719327,0.719327,0.280673,reject,False
images/accept_weak/taco_01054_Styrofoam_piece_4a960a2b.jpg,,accept_weak,accept,weak_accept_category,Styrofoam piece,Styrofoam piece|Plastic film,accept,0.690061,0.690061,0.309939,reject,True
images/reject_weak/taco_01055_Plastic_lid_f427a42b.jpg,,reject_weak,reject,weak_reject_category,Plastic lid,Plastic lid,accept,0.837151,0.837151,0.162849,accept,False
images/reject_weak/taco_01056_Drink_can_7f45a7a4.jpg,,reject_weak,reject,weak_reject_category,Drink can,Drink can|Metal bottle cap|Plastic straw,accept,0.523017,0.523017,0.476983,reject,False
images/reject_weak/taco_01057_Paper_cup_02822908.jpg,,reject_weak,reject,weak_reject_category,Paper cup,Paper cup|Unlabeled litter,accept,0.598495,0.598495,0.401505,reject,False
images/reject_weak/taco_01058_Other_plastic_a01b7754.jpg,,reject_weak,reject,weak_reject_category,Other plastic,Other plastic,reject,0.564094,0.435906,0.564094,reject,True
images/accept_weak/taco_01059_Crisp_packet_b9632447.jpg,,accept_weak,accept,weak_accept_category,Crisp packet,Crisp packet,reject,0.543998,0.456002,0.543998,reject,False
images/accept_weak/taco_01060_Disposable_food_container_36aace34.jpg,,accept_weak,accept,weak_accept_category,Disposable food container,Disposable food container|Other plastic|Plastic film,accept,0.657398,0.657398,0.342602,reject,True
images/reject_weak/taco_01061_Food_Can_9f3dfaeb.jpg,,reject_weak,reject,weak_reject_category,Food Can,Food Can,accept,0.780195,0.780195,0.219805,accept,False
images/accept_weak/taco_01062_Cigarette_e7b84a8a.jpg,,accept_weak,accept,weak_accept_category,Cigarette,Disposable plastic cup|Plastic lid|Other plastic|Unlabeled litter|Cigarette,reject,0.601119,0.398881,0.601119,reject,False
images/reject_weak/taco_01063_Clear_plastic_bottle_7a0db0e7.jpg,,reject_weak,reject,weak_reject_category,Clear plastic bottle,Clear plastic bottle,accept,0.583180,0.583180,0.416820,reject,False
images/accept_weak/taco_01064_Cigarette_233764a4.jpg,,accept_weak,accept,weak_accept_category,Cigarette,Disposable plastic cup|Paper cup|Plastic straw|Plastic lid|Corrugated carton|Paper bag|Normal paper|Unlabeled litter|Cigarette,accept,0.979729,0.979729,0.020271,accept,True
images/accept_weak/taco_01065_Plastic_film_e76265f5.jpg,,accept_weak,accept,weak_accept_category,Plastic film,Meal carton|Plastic film,accept,0.783808,0.783808,0.216192,accept,True
images/reject_weak/taco_01066_Pop_tab_a8b0c305.jpg,,reject_weak,reject,weak_reject_category,Pop tab,Pop tab|Drink can,accept,0.632328,0.632328,0.367672,reject,False
images/reject_weak/taco_01067_Clear_plastic_bottle_c68c89da.jpg,,reject_weak,reject,weak_reject_category,Clear plastic bottle,Clear plastic bottle,accept,0.708941,0.708941,0.291059,reject,False
images/accept_weak/taco_01068_Foam_food_container_d01e08f7.jpg,,accept_weak,accept,weak_accept_category,Foam food container,Foam food container,accept,0.774423,0.774423,0.225577,accept,True
images/reject_weak/taco_01069_Paper_cup_8a34e57b.jpg,,reject_weak,reject,weak_reject_category,Paper cup,Paper cup|Plastic lid|Plastic straw,accept,0.516678,0.516678,0.483322,reject,False
images/reject_weak/taco_01070_Plastic_lid_eb2e7f6b.jpg,,reject_weak,reject,weak_reject_category,Plastic lid,Plastic lid|Paper cup|Other carton,accept,0.693925,0.693925,0.306075,reject,False
images/accept_weak/taco_01071_Single-use_carrier_bag_e94383c0.jpg,,accept_weak,accept,weak_accept_category,Single-use carrier bag,Spread tub|Single-use carrier bag,accept,0.700906,0.700906,0.299094,reject,True
images/accept_weak/taco_01072_Crisp_packet_79d351e4.jpg,,accept_weak,accept,weak_accept_category,Crisp packet,Crisp packet|Cigarette,accept,0.806700,0.806700,0.193300,accept,True
images/accept_weak/taco_01073_Crisp_packet_20cfca78.jpg,,accept_weak,accept,weak_accept_category,Crisp packet,Crisp packet,reject,0.791919,0.208081,0.791919,reject,False
images/reject_weak/taco_01074_Disposable_plastic_cup_01c6d9f4.jpg,,reject_weak,reject,weak_reject_category,Disposable plastic cup,Disposable plastic cup,accept,0.560722,0.560722,0.439278,reject,False
images/accept_weak/taco_01075_Plastic_film_e2ae58dd.jpg,,accept_weak,accept,weak_accept_category,Plastic film,Plastic film,reject,0.709348,0.290652,0.709348,reject,False
images/reject_weak/taco_01076_Disposable_plastic_cup_4d2559f0.jpg,,reject_weak,reject,weak_reject_category,Disposable plastic cup,Disposable plastic cup,accept,0.874040,0.874040,0.125960,accept,False
images/reject_weak/taco_01077_Clear_plastic_bottle_b2ba319c.jpg,,reject_weak,reject,weak_reject_category,Clear plastic bottle,Clear plastic bottle|Aluminium foil,reject,0.628297,0.371703,0.628297,reject,True
images/reject_weak/taco_01078_Clear_plastic_bottle_074f2ec1.jpg,,reject_weak,reject,weak_reject_category,Clear plastic bottle,Clear plastic bottle|Plastic bottle cap|Unlabeled litter|Drink carton,accept,0.543638,0.543638,0.456362,reject,False
images/accept_weak/taco_01079_Single-use_carrier_bag_95265e73.jpg,,accept_weak,accept,weak_accept_category,Single-use carrier bag,Aerosol|Clear plastic bottle|Single-use carrier bag|Normal paper|Plastic film,accept,0.760389,0.760389,0.239611,accept,True
images/accept_weak/taco_01080_Other_plastic_wrapper_e3cece6c.jpg,,accept_weak,accept,weak_accept_category,Other plastic wrapper,Clear plastic bottle|Other plastic wrapper,accept,0.640232,0.640232,0.359768,reject,True
images/reject_weak/taco_01081_Clear_plastic_bottle_6c09344e.jpg,,reject_weak,reject,weak_reject_category,Clear plastic bottle,Clear plastic bottle,reject,0.862779,0.137221,0.862779,reject,True
images/reject_weak/taco_01082_Clear_plastic_bottle_8244e53a.jpg,,reject_weak,reject,weak_reject_category,Clear plastic bottle,Clear plastic bottle|Drink can|Pop tab,accept,0.507063,0.507063,0.492937,reject,False
images/reject_weak/taco_01083_Aluminium_foil_c54af112.jpg,,reject_weak,reject,weak_reject_category,Aluminium foil,Aluminium foil,accept,0.507286,0.507286,0.492714,reject,False
images/accept_weak/taco_01084_Crisp_packet_2c2d5bfa.jpg,,accept_weak,accept,weak_accept_category,Crisp packet,Clear plastic bottle|Plastic bottle cap|Crisp packet|Other plastic wrapper|Unlabeled litter,accept,0.517638,0.517638,0.482362,reject,True
images/reject_weak/taco_01085_Other_carton_5e0be88a.jpg,,reject_weak,reject,weak_reject_category,Other carton,Other carton,accept,0.600702,0.600702,0.399298,reject,False
images/accept_weak/taco_01086_Other_plastic_wrapper_ffdffd51.jpg,,accept_weak,accept,weak_accept_category,Other plastic wrapper,Other plastic wrapper,accept,0.575192,0.575192,0.424808,reject,True
images/accept_weak/taco_01087_Plastic_film_02fc54bd.jpg,,accept_weak,accept,weak_accept_category,Plastic film,Plastic film,accept,0.753082,0.753082,0.246918,reject,True
images/reject_weak/taco_01088_Clear_plastic_bottle_769c1d20.jpg,,reject_weak,reject,weak_reject_category,Clear plastic bottle,Clear plastic bottle|Plastic bottle cap,accept,0.713092,0.713092,0.286908,reject,False
images/reject_weak/taco_01089_Other_plastic_bab37df4.jpg,,reject_weak,reject,weak_reject_category,Other plastic,Other plastic|Plastic straw|Plastic lid,accept,0.672700,0.672700,0.327300,reject,False
images/reject_weak/taco_01090_Aluminium_foil_2a0aff0d.jpg,,reject_weak,reject,weak_reject_category,Aluminium foil,Aluminium foil,accept,0.888175,0.888175,0.111825,accept,False
images/reject_weak/taco_01091_Clear_plastic_bottle_03d7180f.jpg,,reject_weak,reject,weak_reject_category,Clear plastic bottle,Clear plastic bottle,reject,0.596923,0.403077,0.596923,reject,True
images/accept_weak/taco_01092_Disposable_food_container_2ce4309c.jpg,,accept_weak,accept,weak_accept_category,Disposable food container,Disposable food container,accept,0.628115,0.628115,0.371885,reject,True
images/reject_weak/taco_01093_Aluminium_foil_89ab0340.jpg,,reject_weak,reject,weak_reject_category,Aluminium foil,Aluminium foil,accept,0.616008,0.616008,0.383992,reject,False
images/accept_weak/taco_01094_Other_plastic_wrapper_f9b5f390.jpg,,accept_weak,accept,weak_accept_category,Other plastic wrapper,Clear plastic bottle|Other plastic wrapper,accept,0.580807,0.580807,0.419193,reject,True
images/reject_weak/taco_01095_Aluminium_foil_28d21c08.jpg,,reject_weak,reject,weak_reject_category,Aluminium foil,Aluminium foil,accept,0.506361,0.506361,0.493639,reject,False
images/reject_weak/taco_01096_Clear_plastic_bottle_bc994a1f.jpg,,reject_weak,reject,weak_reject_category,Clear plastic bottle,Clear plastic bottle,reject,0.765979,0.234021,0.765979,reject,True
images/reject_weak/taco_01097_Clear_plastic_bottle_58ba1f96.jpg,,reject_weak,reject,weak_reject_category,Clear plastic bottle,Clear plastic bottle|Other plastic,reject,0.535923,0.464077,0.535923,reject,True
images/accept_weak/taco_01098_Plastic_film_8dab0d65.jpg,,accept_weak,accept,weak_accept_category,Plastic film,Drink can|Plastic film,reject,0.502482,0.497518,0.502482,reject,False
images/reject_weak/taco_01099_Clear_plastic_bottle_8b5a71de.jpg,,reject_weak,reject,weak_reject_category,Clear plastic bottle,Clear plastic bottle|Plastic bottle cap,accept,0.554704,0.554704,0.445296,reject,False
images/reject_weak/taco_01101_Aerosol_f013633f.jpg,,reject_weak,reject,weak_reject_category,Aerosol,Aerosol|Glass bottle|Clear plastic bottle,accept,0.634895,0.634895,0.365105,reject,False
images/reject_weak/taco_01102_Glass_bottle_1d261396.jpg,,reject_weak,reject,weak_reject_category,Glass bottle,Glass bottle|Unlabeled litter,accept,0.589947,0.589947,0.410053,reject,False
images/reject_weak/taco_01103_Clear_plastic_bottle_b1ef908d.jpg,,reject_weak,reject,weak_reject_category,Clear plastic bottle,Clear plastic bottle|Glass bottle|Paper cup,accept,0.514146,0.514146,0.485854,reject,False
images/reject_weak/taco_01104_Corrugated_carton_0aee8c39.jpg,,reject_weak,reject,weak_reject_category,Corrugated carton,Corrugated carton,reject,0.594565,0.405435,0.594565,reject,True
images/reject_weak/taco_01105_Other_plastic_bottle_5fe538a2.jpg,,reject_weak,reject,weak_reject_category,Other plastic bottle,Other plastic bottle|Corrugated carton,reject,0.695181,0.304819,0.695181,reject,True
images/reject_weak/taco_01106_Clear_plastic_bottle_67408f3a.jpg,,reject_weak,reject,weak_reject_category,Clear plastic bottle,Clear plastic bottle|Plastic bottle cap|Scrap metal,reject,0.556652,0.443348,0.556652,reject,True
images/accept_weak/taco_01107_Other_plastic_wrapper_d84aad28.jpg,,accept_weak,accept,weak_accept_category,Other plastic wrapper,Clear plastic bottle|Other plastic bottle|Unlabeled litter|Other plastic|Paper cup|Other plastic wrapper|Plastic film|Drink can|Plastic lid|Plastic straw|Plastic bottle cap,accept,0.847812,0.847812,0.152188,accept,True
images/reject_weak/taco_01108_Plastic_bottle_cap_9dfe8b16.jpg,,reject_weak,reject,weak_reject_category,Plastic bottle cap,Plastic bottle cap,accept,0.695684,0.695684,0.304316,reject,False
images/reject_weak/taco_01109_Tupperware_3d4294e5.jpg,,reject_weak,reject,weak_reject_category,Tupperware,Tupperware,accept,0.598120,0.598120,0.401880,reject,False
images/reject_weak/taco_01110_Clear_plastic_bottle_88229e58.jpg,,reject_weak,reject,weak_reject_category,Clear plastic bottle,Clear plastic bottle,reject,0.901080,0.098920,0.901080,reject,True
images/accept_weak/taco_01111_Plastic_utensils_84bc26df.jpg,,accept_weak,accept,weak_accept_category,Plastic utensils,Plastic utensils|Paper bag|Plastic film|Other plastic wrapper|Pop tab|Cigarette,accept,0.621472,0.621472,0.378528,reject,True
images/accept_weak/taco_01112_Cigarette_cef02c27.jpg,,accept_weak,accept,weak_accept_category,Cigarette,Clear plastic bottle|Cigarette,accept,0.509917,0.509917,0.490083,reject,True
images/accept_weak/taco_01113_Single-use_carrier_bag_6868a17e.jpg,,accept_weak,accept,weak_accept_category,Single-use carrier bag,Clear plastic bottle|Plastic bottle cap|Single-use carrier bag,accept,0.843734,0.843734,0.156266,accept,True
images/reject_weak/taco_01114_Tupperware_b8b4ad47.jpg,,reject_weak,reject,weak_reject_category,Tupperware,Tupperware|Plastic bottle cap|Unlabeled litter,reject,0.611451,0.388549,0.611451,reject,True
images/accept_weak/taco_01115_Foam_food_container_dc9ef771.jpg,,accept_weak,accept,weak_accept_category,Foam food container,Foam food container,accept,0.931133,0.931133,0.068867,accept,True
images/accept_weak/taco_01116_Plastic_film_b1c6304f.jpg,,accept_weak,accept,weak_accept_category,Plastic film,Plastic film,accept,0.845174,0.845174,0.154826,accept,True
images/accept_weak/taco_01117_Disposable_food_container_44d10ab7.jpg,,accept_weak,accept,weak_accept_category,Disposable food container,Pizza box|Disposable food container,accept,0.729451,0.729451,0.270549,reject,True
images/reject_weak/taco_01118_Clear_plastic_bottle_c711759d.jpg,,reject_weak,reject,weak_reject_category,Clear plastic bottle,Clear plastic bottle,reject,0.720491,0.279509,0.720491,reject,True
images/reject_weak/taco_01119_Corrugated_carton_48e73c3b.jpg,,reject_weak,reject,weak_reject_category,Corrugated carton,Corrugated carton,reject,0.753115,0.246885,0.753115,reject,True
images/reject_weak/taco_01120_Clear_plastic_bottle_1b2151e4.jpg,,reject_weak,reject,weak_reject_category,Clear plastic bottle,Clear plastic bottle|Aluminium foil,reject,0.754656,0.245344,0.754656,reject,True
images/reject_weak/taco_01121_Drink_carton_f6858f3e.jpg,,reject_weak,reject,weak_reject_category,Drink carton,Drink carton|Other carton|Clear plastic bottle|Aluminium foil,reject,0.520342,0.479658,0.520342,reject,True
images/accept_weak/taco_01122_Other_plastic_wrapper_26199319.jpg,,accept_weak,accept,weak_accept_category,Other plastic wrapper,Clear plastic bottle|Glass bottle|Other plastic wrapper|Unlabeled litter,accept,0.664991,0.664991,0.335009,reject,True
images/accept_weak/taco_01123_Single-use_carrier_bag_8f6667b2.jpg,,accept_weak,accept,weak_accept_category,Single-use carrier bag,Drink can|Clear plastic bottle|Single-use carrier bag|Pop tab,accept,0.572440,0.572440,0.427560,reject,True
images/accept_weak/taco_01124_Foam_food_container_4665fab1.jpg,,accept_weak,accept,weak_accept_category,Foam food container,Disposable plastic cup|Foam food container,accept,0.978756,0.978756,0.021244,accept,True
images/reject_weak/taco_01125_Aluminium_foil_4a2dab6d.jpg,,reject_weak,reject,weak_reject_category,Aluminium foil,Aluminium foil,reject,0.612807,0.387193,0.612807,reject,True
images/reject_weak/taco_01126_Disposable_plastic_cup_d058a20d.jpg,,reject_weak,reject,weak_reject_category,Disposable plastic cup,Disposable plastic cup,reject,0.789836,0.210164,0.789836,reject,True
images/reject_weak/taco_01127_Clear_plastic_bottle_fd267dec.jpg,,reject_weak,reject,weak_reject_category,Clear plastic bottle,Clear plastic bottle,accept,0.864554,0.864554,0.135446,accept,False
images/reject_weak/taco_01128_Other_plastic_6ea3bc5b.jpg,,reject_weak,reject,weak_reject_category,Other plastic,Other plastic,reject,0.534483,0.465517,0.534483,reject,True
images/accept_weak/taco_01129_Single-use_carrier_bag_31e211a4.jpg,,accept_weak,accept,weak_accept_category,Single-use carrier bag,Single-use carrier bag|Unlabeled litter,accept,0.608437,0.608437,0.391564,reject,True
images/accept_weak/taco_01130_Disposable_food_container_15e0f91c.jpg,,accept_weak,accept,weak_accept_category,Disposable food container,Disposable food container,accept,0.757183,0.757183,0.242817,reject,True
images/reject_weak/taco_01131_Clear_plastic_bottle_61b02e82.jpg,,reject_weak,reject,weak_reject_category,Clear plastic bottle,Clear plastic bottle|Plastic bottle cap,reject,0.913734,0.086266,0.913734,reject,True
images/accept_weak/taco_01132_Cigarette_b6a03530.jpg,,accept_weak,accept,weak_accept_category,Cigarette,Clear plastic bottle|Cigarette,accept,0.792414,0.792414,0.207586,accept,True
images/reject_weak/taco_01133_Clear_plastic_bottle_79b62022.jpg,,reject_weak,reject,weak_reject_category,Clear plastic bottle,Clear plastic bottle|Plastic bottle cap,accept,0.726589,0.726589,0.273411,reject,False
images/accept_weak/taco_01134_Plastic_film_93e5fdad.jpg,,accept_weak,accept,weak_accept_category,Plastic film,Plastic film|Other plastic wrapper,accept,0.632238,0.632238,0.367762,reject,True
images/accept_weak/taco_01135_Foam_food_container_f7f590f3.jpg,,accept_weak,accept,weak_accept_category,Foam food container,Foam food container|Disposable plastic cup,accept,0.974693,0.974693,0.025307,accept,True
images/reject_weak/taco_01136_Aluminium_foil_be3af32d.jpg,,reject_weak,reject,weak_reject_category,Aluminium foil,Aluminium foil|Paper bag,accept,0.619401,0.619401,0.380599,reject,False
images/reject_weak/taco_01137_Drink_can_b07dad73.jpg,,reject_weak,reject,weak_reject_category,Drink can,Drink can,accept,0.668382,0.668382,0.331618,reject,False
images/reject_weak/taco_01138_Aluminium_foil_a07e8400.jpg,,reject_weak,reject,weak_reject_category,Aluminium foil,Aluminium foil,reject,0.624255,0.375745,0.624255,reject,True
images/accept_weak/taco_01139_Plastic_film_68d11fac.jpg,,accept_weak,accept,weak_accept_category,Plastic film,Clear plastic bottle|Plastic film,accept,0.679129,0.679129,0.320871,reject,True
images/accept_weak/taco_01140_Crisp_packet_3d3a9632.jpg,,accept_weak,accept,weak_accept_category,Crisp packet,Aerosol|Clear plastic bottle|Crisp packet|Other plastic wrapper|Unlabeled litter|Other plastic,accept,0.679189,0.679189,0.320811,reject,True
images/reject_weak/taco_01141_Drink_can_436405cf.jpg,,reject_weak,reject,weak_reject_category,Drink can,Drink can|Clear plastic bottle,accept,0.698538,0.698538,0.301462,reject,False
images/reject_weak/taco_01142_Aluminium_foil_1cfb3cd0.jpg,,reject_weak,reject,weak_reject_category,Aluminium foil,Aluminium foil,reject,0.703004,0.296996,0.703004,reject,True
images/reject_weak/taco_01143_Clear_plastic_bottle_5ce5e2a6.jpg,,reject_weak,reject,weak_reject_category,Clear plastic bottle,Clear plastic bottle,reject,0.783503,0.216497,0.783503,reject,True
images/reject_weak/taco_01144_Plastic_lid_b395748e.jpg,,reject_weak,reject,weak_reject_category,Plastic lid,Plastic lid|Plastic straw,accept,0.599985,0.599985,0.400015,reject,False
images/reject_weak/taco_01145_Clear_plastic_bottle_0207866d.jpg,,reject_weak,reject,weak_reject_category,Clear plastic bottle,Clear plastic bottle|Unlabeled litter,accept,0.542282,0.542282,0.457718,reject,False
images/reject_weak/taco_01146_Other_plastic_d90c8d1b.jpg,,reject_weak,reject,weak_reject_category,Other plastic,Other plastic|Unlabeled litter,accept,0.565141,0.565141,0.434859,reject,False
images/accept_weak/taco_01147_Crisp_packet_59218a14.jpg,,accept_weak,accept,weak_accept_category,Crisp packet,Clear plastic bottle|Plastic bottle cap|Crisp packet|Unlabeled litter,accept,0.595736,0.595736,0.404264,reject,True
images/reject_weak/taco_01148_Drink_can_f97cb95c.jpg,,reject_weak,reject,weak_reject_category,Drink can,Drink can,accept,0.673051,0.673051,0.326949,reject,False
images/reject_weak/taco_01149_Disposable_plastic_cup_f81c3039.jpg,,reject_weak,reject,weak_reject_category,Disposable plastic cup,Disposable plastic cup,accept,0.768149,0.768149,0.231851,accept,False
images/accept_weak/taco_01150_Plastic_film_d06b5f34.jpg,,accept_weak,accept,weak_accept_category,Plastic film,Plastic film,accept,0.730499,0.730499,0.269501,reject,True
images/reject_weak/taco_01151_Corrugated_carton_80878fdc.jpg,,reject_weak,reject,weak_reject_category,Corrugated carton,Corrugated carton,reject,0.661039,0.338961,0.661039,reject,True
images/reject_weak/taco_01152_Food_Can_a56ecd59.jpg,,reject_weak,reject,weak_reject_category,Food Can,Food Can|Pop tab|Aluminium foil|Drink carton|Plastic straw,accept,0.564897,0.564897,0.435103,reject,False
images/reject_weak/taco_01153_Clear_plastic_bottle_18624b72.jpg,,reject_weak,reject,weak_reject_category,Clear plastic bottle,Clear plastic bottle|Drink carton|Plastic bottle cap,accept,0.601876,0.601876,0.398124,reject,False
images/reject_weak/taco_01154_Paper_bag_9a168376.jpg,,reject_weak,reject,weak_reject_category,Paper bag,Paper bag|Aluminium foil,reject,0.528384,0.471616,0.528384,reject,True
images/reject_weak/taco_01155_Clear_plastic_bottle_a7068a41.jpg,,reject_weak,reject,weak_reject_category,Clear plastic bottle,Clear plastic bottle,reject,0.660458,0.339542,0.660458,reject,True
images/accept_weak/taco_01156_Other_plastic_wrapper_db9ddd6b.jpg,,accept_weak,accept,weak_accept_category,Other plastic wrapper,Other plastic wrapper,accept,0.878509,0.878509,0.121491,accept,True
images/reject_weak/taco_01157_Clear_plastic_bottle_d52cb230.jpg,,reject_weak,reject,weak_reject_category,Clear plastic bottle,Clear plastic bottle|Plastic bottle cap,reject,0.876137,0.123863,0.876137,reject,True
images/accept_weak/taco_01158_Foam_food_container_b6a93d5f.jpg,,accept_weak,accept,weak_accept_category,Foam food container,Foam food container,accept,0.975018,0.975018,0.024982,accept,True
images/reject_weak/taco_01159_Drink_carton_8e1064aa.jpg,,reject_weak,reject,weak_reject_category,Drink carton,Drink carton|Meal carton|Clear plastic bottle|Aluminium foil,reject,0.508198,0.491801,0.508198,reject,True
images/reject_weak/taco_01160_Paper_cup_19395dc5.jpg,,reject_weak,reject,weak_reject_category,Paper cup,Paper cup|Clear plastic bottle|Glass bottle,reject,0.527923,0.472077,0.527923,reject,True
images/accept_weak/taco_01161_Cigarette_e8845b77.jpg,,accept_weak,accept,weak_accept_category,Cigarette,Clear plastic bottle|Cigarette,accept,0.899852,0.899852,0.100148,accept,True
images/accept_weak/taco_01162_Crisp_packet_c090e5d2.jpg,,accept_weak,accept,weak_accept_category,Crisp packet,Drink can|Crisp packet,reject,0.523227,0.476773,0.523227,reject,False
images/accept_weak/taco_01163_Plastic_utensils_78113572.jpg,,accept_weak,accept,weak_accept_category,Plastic utensils,Plastic utensils,accept,0.534610,0.534610,0.465390,reject,True
images/reject_weak/taco_01164_Clear_plastic_bottle_b57f7729.jpg,,reject_weak,reject,weak_reject_category,Clear plastic bottle,Clear plastic bottle,reject,0.672812,0.327188,0.672812,reject,True
images/reject_weak/taco_01165_Corrugated_carton_fc90da72.jpg,,reject_weak,reject,weak_reject_category,Corrugated carton,Corrugated carton,reject,0.697709,0.302291,0.697709,reject,True
images/reject_weak/taco_01166_Paper_cup_d7d6d46f.jpg,,reject_weak,reject,weak_reject_category,Paper cup,Paper cup,reject,0.634314,0.365686,0.634314,reject,True
images/accept_weak/taco_01167_Plastic_film_cc9e4add.jpg,,accept_weak,accept,weak_accept_category,Plastic film,Plastic film,accept,0.891607,0.891607,0.108393,accept,True
images/reject_weak/taco_01168_Plastic_bottle_cap_f295f0bf.jpg,,reject_weak,reject,weak_reject_category,Plastic bottle cap,Plastic bottle cap|Clear plastic bottle|Unlabeled litter,reject,0.523705,0.476295,0.523705,reject,True
images/accept_weak/taco_01169_Other_plastic_wrapper_8b2f5daa.jpg,,accept_weak,accept,weak_accept_category,Other plastic wrapper,Other plastic wrapper|Cigarette,accept,0.797106,0.797106,0.202895,accept,True
images/accept_weak/taco_01170_Plastic_utensils_23d72831.jpg,,accept_weak,accept,weak_accept_category,Plastic utensils,Plastic utensils|Cigarette,accept,0.808638,0.808638,0.191362,accept,True
images/reject_weak/taco_01171_Corrugated_carton_ea151ef6.jpg,,reject_weak,reject,weak_reject_category,Corrugated carton,Corrugated carton,reject,0.667932,0.332068,0.667932,reject,True
images/accept_weak/taco_01172_Other_plastic_wrapper_617057de.jpg,,accept_weak,accept,weak_accept_category,Other plastic wrapper,Other plastic wrapper|Plastic film|Normal paper|Plastic utensils,accept,0.723176,0.723176,0.276824,reject,True
images/accept_weak/taco_01173_Other_plastic_wrapper_6c473929.jpg,,accept_weak,accept,weak_accept_category,Other plastic wrapper,Other plastic wrapper,accept,0.686263,0.686263,0.313737,reject,True
images/reject_weak/taco_01174_Plastic_straw_ef11df4b.jpg,,reject_weak,reject,weak_reject_category,Plastic straw,Plastic straw|Other plastic|Plastic bottle cap,accept,0.600393,0.600393,0.399607,reject,False
images/reject_weak/taco_01175_Plastic_straw_ea5a7f9f.jpg,,reject_weak,reject,weak_reject_category,Plastic straw,Plastic straw|Other plastic|Unlabeled litter,accept,0.612019,0.612019,0.387981,reject,False
images/reject_weak/taco_01176_Metal_bottle_cap_f9101d15.jpg,,reject_weak,reject,weak_reject_category,Metal bottle cap,Metal bottle cap,accept,0.592515,0.592515,0.407485,reject,False
images/accept_weak/taco_01177_Other_plastic_wrapper_843807fa.jpg,,accept_weak,accept,weak_accept_category,Other plastic wrapper,Other plastic wrapper|Other plastic,reject,0.581816,0.418184,0.581816,reject,False
images/accept_weak/taco_01178_Plastic_film_7388d54a.jpg,,accept_weak,accept,weak_accept_category,Plastic film,Plastic film,reject,0.757164,0.242836,0.757164,reject,False
images/reject_weak/taco_01179_Other_plastic_cb60b0ea.jpg,,reject_weak,reject,weak_reject_category,Other plastic,Other plastic|Corrugated carton,reject,0.552848,0.447152,0.552848,reject,True
images/accept_weak/taco_01180_Plastic_utensils_6c2c96b1.jpg,,accept_weak,accept,weak_accept_category,Plastic utensils,Plastic utensils,accept,0.574730,0.574730,0.425270,reject,True
images/reject_weak/taco_01181_Clear_plastic_bottle_9719d688.jpg,,reject_weak,reject,weak_reject_category,Clear plastic bottle,Clear plastic bottle|Plastic bottle cap,accept,0.865611,0.865611,0.134389,accept,False
images/reject_weak/taco_01182_Drink_can_a72b44b3.jpg,,reject_weak,reject,weak_reject_category,Drink can,Drink can,reject,0.659266,0.340734,0.659266,reject,True
images/accept_weak/taco_01183_Plastic_film_618fb00e.jpg,,accept_weak,accept,weak_accept_category,Plastic film,Plastic film,accept,0.735747,0.735747,0.264253,reject,True
images/reject_weak/taco_01184_Aluminium_foil_e49861ac.jpg,,reject_weak,reject,weak_reject_category,Aluminium foil,Aluminium foil|Magazine paper,accept,0.661208,0.661208,0.338792,reject,False
images/reject_weak/taco_01185_Aluminium_foil_07b27da0.jpg,,reject_weak,reject,weak_reject_category,Aluminium foil,Aluminium foil,accept,0.755805,0.755805,0.244195,reject,False
images/reject_weak/taco_01187_Clear_plastic_bottle_e5bf0846.jpg,,reject_weak,reject,weak_reject_category,Clear plastic bottle,Clear plastic bottle,accept,0.656835,0.656835,0.343165,reject,False
images/reject_weak/taco_01188_Clear_plastic_bottle_76a8e54a.jpg,,reject_weak,reject,weak_reject_category,Clear plastic bottle,Clear plastic bottle,reject,0.570262,0.429738,0.570262,reject,True
images/accept_weak/taco_01189_Styrofoam_piece_21e598c2.jpg,,accept_weak,accept,weak_accept_category,Styrofoam piece,Styrofoam piece,accept,0.582896,0.582896,0.417104,reject,True
images/accept_weak/taco_01190_Disposable_food_container_88da93da.jpg,,accept_weak,accept,weak_accept_category,Disposable food container,Disposable food container,accept,0.649996,0.649996,0.350004,reject,True
images/accept_weak/taco_01191_Styrofoam_piece_884a2744.jpg,,accept_weak,accept,weak_accept_category,Styrofoam piece,Styrofoam piece,accept,0.660091,0.660091,0.339909,reject,True
images/accept_weak/taco_01192_Styrofoam_piece_1a679e40.jpg,,accept_weak,accept,weak_accept_category,Styrofoam piece,Styrofoam piece|Normal paper|Unlabeled litter,accept,0.668645,0.668645,0.331355,reject,True
images/accept_weak/taco_01193_Tissues_22bdb39b.jpg,,accept_weak,accept,weak_accept_category,Tissues,Other plastic|Unlabeled litter|Tissues|Clear plastic bottle|Plastic straw|Cigarette,accept,0.653464,0.653464,0.346536,reject,True
images/accept_weak/taco_01194_Plastic_film_209c0d06.jpg,,accept_weak,accept,weak_accept_category,Plastic film,Other carton|Plastic film|Cigarette,accept,0.682981,0.682981,0.317019,reject,True
images/reject_weak/taco_01195_Drink_can_cf4ab0df.jpg,,reject_weak,reject,weak_reject_category,Drink can,Drink can|Unlabeled litter,reject,0.578546,0.421454,0.578546,reject,True
images/reject_weak/taco_01196_Drink_can_2c3fcb37.jpg,,reject_weak,reject,weak_reject_category,Drink can,Drink can|Pop tab,accept,0.782453,0.782453,0.217547,accept,False
images/accept_weak/taco_01197_Tissues_bf1429da.jpg,,accept_weak,accept,weak_accept_category,Tissues,Paper cup|Plastic lid|Tissues,accept,0.779282,0.779282,0.220718,accept,True
images/reject_weak/taco_01198_Disposable_plastic_cup_730d684a.jpg,,reject_weak,reject,weak_reject_category,Disposable plastic cup,Disposable plastic cup,accept,0.533852,0.533852,0.466148,reject,False
images/reject_weak/taco_01199_Paper_cup_dfc2d4ae.jpg,,reject_weak,reject,weak_reject_category,Paper cup,Paper cup|Plastic lid,reject,0.526089,0.473911,0.526089,reject,True
images/reject_weak/taco_01200_Paper_cup_0c2d13b1.jpg,,reject_weak,reject,weak_reject_category,Paper cup,Paper cup|Disposable plastic cup,accept,0.518657,0.518657,0.481343,reject,False
images/reject_weak/taco_01201_Metal_bottle_cap_4431acf1.jpg,,reject_weak,reject,weak_reject_category,Metal bottle cap,Metal bottle cap,accept,0.544491,0.544491,0.455509,reject,False
images/accept_weak/taco_01202_Crisp_packet_96101d29.jpg,,accept_weak,accept,weak_accept_category,Crisp packet,Crisp packet|Garbage bag|Paper cup|Other plastic|Cigarette,accept,0.602553,0.602553,0.397447,reject,True
images/accept_weak/taco_01203_Single-use_carrier_bag_1c8ca3df.jpg,,accept_weak,accept,weak_accept_category,Single-use carrier bag,Drink carton|Meal carton|Plastic straw|Single-use carrier bag|Plastic film|Food Can|Other plastic,accept,0.754672,0.754672,0.245328,reject,True
images/accept_weak/taco_01204_Cigarette_c78a93ab.jpg,,accept_weak,accept,weak_accept_category,Cigarette,Disposable plastic cup|Cigarette,accept,0.673897,0.673897,0.326103,reject,True
images/reject_weak/taco_01205_Drink_carton_cded763e.jpg,,reject_weak,reject,weak_reject_category,Drink carton,Drink carton|Plastic straw,accept,0.777100,0.777100,0.222900,accept,False
images/accept_weak/taco_01206_Foam_food_container_fe7c28e4.jpg,,accept_weak,accept,weak_accept_category,Foam food container,Foam food container|Unlabeled litter|Other plastic wrapper|Plastic film|Cigarette,accept,0.919179,0.919179,0.080821,accept,True
images/reject_weak/taco_01207_Drink_carton_07ffdf4e.jpg,,reject_weak,reject,weak_reject_category,Drink carton,Drink carton,accept,0.900073,0.900073,0.099927,accept,False
images/accept_weak/taco_01208_Cigarette_146ef447.jpg,,accept_weak,accept,weak_accept_category,Cigarette,Paper cup|Other plastic|Unlabeled litter|Cigarette,accept,0.722233,0.722233,0.277767,reject,True
images/accept_weak/taco_01209_Plastic_film_f656bce6.jpg,,accept_weak,accept,weak_accept_category,Plastic film,Plastic straw|Drink carton|Clear plastic bottle|Plastic film|Foam cup|Normal paper|Cigarette,accept,0.886518,0.886518,0.113482,accept,True
images/reject_weak/taco_01210_Drink_carton_3703c03e.jpg,,reject_weak,reject,weak_reject_category,Drink carton,Drink carton|Plastic lid,accept,0.711497,0.711497,0.288503,reject,False
images/accept_weak/taco_01211_Cigarette_6227be90.jpg,,accept_weak,accept,weak_accept_category,Cigarette,Glass bottle|Normal paper|Cigarette,accept,0.909090,0.909090,0.090910,accept,True
images/accept_weak/taco_01212_Styrofoam_piece_68e97e44.jpg,,accept_weak,accept,weak_accept_category,Styrofoam piece,Paper cup|Metal bottle cap|Normal paper|Unlabeled litter|Styrofoam piece,accept,0.652918,0.652918,0.347082,reject,True
images/accept_weak/taco_01213_Single-use_carrier_bag_16c932d1.jpg,,accept_weak,accept,weak_accept_category,Single-use carrier bag,Single-use carrier bag|Plastic film|Other plastic wrapper|Plastic utensils|Clear plastic bottle|Spread tub|Tissues|Other carton|Unlabeled litter|Other plastic|Plastic straw|Paper cup|Plastic bottle cap,accept,0.502406,0.502406,0.497594,reject,True
images/accept_weak/taco_01214_Plastic_utensils_5003b6b0.jpg,,accept_weak,accept,weak_accept_category,Plastic utensils,Plastic utensils|Plastic straw|Unlabeled litter,accept,0.620747,0.620747,0.379253,reject,True
images/accept_weak/taco_01215_Single-use_carrier_bag_72f12615.jpg,,accept_weak,accept,weak_accept_category,Single-use carrier bag,Plastic straw|Single-use carrier bag|Plastic film|Pizza box|Drink carton|Paper cup|Cigarette,reject,0.549701,0.450299,0.549701,reject,False
images/reject_weak/taco_01216_Egg_carton_30549374.jpg,,reject_weak,reject,weak_reject_category,Egg carton,Egg carton|Other plastic,accept,0.695717,0.695717,0.304283,reject,False
images/accept_weak/taco_01217_Plastic_utensils_02b5e8af.jpg,,accept_weak,accept,weak_accept_category,Plastic utensils,Paper cup|Plastic utensils,reject,0.538503,0.461497,0.538503,reject,False
images/accept_weak/taco_01218_Single-use_carrier_bag_ab77c153.jpg,,accept_weak,accept,weak_accept_category,Single-use carrier bag,Single-use carrier bag|Other plastic,accept,0.689998,0.689998,0.310002,reject,True
images/accept_weak/taco_01219_Plastic_film_73f668bc.jpg,,accept_weak,accept,weak_accept_category,Plastic film,Plastic film,accept,0.637229,0.637229,0.362771,reject,True
images/reject_weak/taco_01220_Spread_tub_fc18bf9a.jpg,,reject_weak,reject,weak_reject_category,Spread tub,Spread tub,accept,0.660891,0.660891,0.339109,reject,False
images/reject_weak/taco_01221_Disposable_plastic_cup_34cbae4d.jpg,,reject_weak,reject,weak_reject_category,Disposable plastic cup,Disposable plastic cup,accept,0.687771,0.687771,0.312229,reject,False
images/reject_weak/taco_01222_Clear_plastic_bottle_328da73b.jpg,,reject_weak,reject,weak_reject_category,Clear plastic bottle,Clear plastic bottle|Normal paper,accept,0.855437,0.855437,0.144563,accept,False
images/accept_weak/taco_01223_Other_plastic_wrapper_e2c24e8e.jpg,,accept_weak,accept,weak_accept_category,Other plastic wrapper,Other plastic wrapper,accept,0.602172,0.602172,0.397827,reject,True
images/accept_weak/taco_01224_Plastic_film_44472265.jpg,,accept_weak,accept,weak_accept_category,Plastic film,Clear plastic bottle|Plastic bottle cap|Plastic film|Other plastic wrapper|Unlabeled litter,accept,0.534090,0.534090,0.465910,reject,True
images/reject_weak/taco_01225_Plastic_straw_8f00ba31.jpg,,reject_weak,reject,weak_reject_category,Plastic straw,Plastic straw|Unlabeled litter,accept,0.799861,0.799861,0.200139,accept,False
images/accept_weak/taco_01226_Other_plastic_wrapper_9445bf54.jpg,,accept_weak,accept,weak_accept_category,Other plastic wrapper,Other plastic wrapper|Plastic film,accept,0.746377,0.746377,0.253623,reject,True
images/accept_weak/taco_01227_Single-use_carrier_bag_c288a236.jpg,,accept_weak,accept,weak_accept_category,Single-use carrier bag,Single-use carrier bag|Clear plastic bottle|Plastic bottle cap|Unlabeled litter,accept,0.675410,0.675410,0.324590,reject,True
images/accept_weak/taco_01228_Disposable_food_container_1fc5d6f5.jpg,,accept_weak,accept,weak_accept_category,Disposable food container,Foam cup|Disposable food container|Plastic film,accept,0.696930,0.696930,0.303070,reject,True
images/accept_weak/taco_01229_Plastic_film_c5b559c3.jpg,,accept_weak,accept,weak_accept_category,Plastic film,Plastic film|Other plastic,accept,0.635518,0.635518,0.364482,reject,True
images/accept_weak/taco_01230_Other_plastic_wrapper_93e21a41.jpg,,accept_weak,accept,weak_accept_category,Other plastic wrapper,Other plastic wrapper,accept,0.569767,0.569767,0.430233,reject,True
images/accept_weak/taco_01231_Plastic_film_64dc8ff6.jpg,,accept_weak,accept,weak_accept_category,Plastic film,Plastic film,accept,0.865582,0.865582,0.134418,accept,True
images/accept_weak/taco_01232_Plastic_utensils_cf7d4c58.jpg,,accept_weak,accept,weak_accept_category,Plastic utensils,Plastic utensils|Plastic straw|Other plastic,reject,0.614272,0.385728,0.614272,reject,False
images/accept_weak/taco_01233_Single-use_carrier_bag_7c30f661.jpg,,accept_weak,accept,weak_accept_category,Single-use carrier bag,Single-use carrier bag,accept,0.615178,0.615178,0.384822,reject,True
images/accept_weak/taco_01234_Cigarette_36172c00.jpg,,accept_weak,accept,weak_accept_category,Cigarette,Clear plastic bottle|Other plastic bottle|Unlabeled litter|Cigarette,accept,0.597155,0.597155,0.402845,reject,True
images/accept_weak/taco_01235_Cigarette_94eb94ba.jpg,,accept_weak,accept,weak_accept_category,Cigarette,Drink carton|Plastic bottle cap|Cigarette,accept,0.740372,0.740372,0.259628,reject,True
images/reject_weak/taco_01236_Glass_bottle_93bd7037.jpg,,reject_weak,reject,weak_reject_category,Glass bottle,Glass bottle|Unlabeled litter,accept,0.719106,0.719106,0.280894,reject,False
images/reject_weak/taco_01237_Drink_carton_998f0aba.jpg,,reject_weak,reject,weak_reject_category,Drink carton,Drink carton|Unlabeled litter,accept,0.728088,0.728088,0.271912,reject,False
images/accept_weak/taco_01238_Cigarette_0fa98f11.jpg,,accept_weak,accept,weak_accept_category,Cigarette,Clear plastic bottle|Cigarette,accept,0.957926,0.957926,0.042074,accept,True
images/accept_weak/taco_01239_Garbage_bag_13773dde.jpg,,accept_weak,accept,weak_accept_category,Garbage bag,Garbage bag|Single-use carrier bag|Plastic film|Crisp packet|Other carton|Drink carton|Pop tab|Plastic straw|Clear plastic bottle|Plastic bottle cap,accept,0.776751,0.776751,0.223249,accept,True
images/accept_weak/taco_01240_Plastic_film_7d6d3a52.jpg,,accept_weak,accept,weak_accept_category,Plastic film,Clear plastic bottle|Drink carton|Paper cup|Unlabeled litter|Plastic film|Cigarette,reject,0.562299,0.437701,0.562299,reject,False
images/accept_weak/taco_01241_Cigarette_2cc63998.jpg,,accept_weak,accept,weak_accept_category,Cigarette,Aluminium foil|Clear plastic bottle|Plastic bottle cap|Cigarette,accept,0.878717,0.878717,0.121283,accept,True
images/accept_weak/taco_01242_Garbage_bag_66e3f412.jpg,,accept_weak,accept,weak_accept_category,Garbage bag,Paper bag|Drink carton|Other carton|Garbage bag,accept,0.818330,0.818330,0.181670,accept,True
images/reject_weak/taco_01243_Clear_plastic_bottle_03ed9058.jpg,,reject_weak,reject,weak_reject_category,Clear plastic bottle,Clear plastic bottle,accept,0.690754,0.690754,0.309246,reject,False
images/accept_weak/taco_01244_Plastic_film_61eac92c.jpg,,accept_weak,accept,weak_accept_category,Plastic film,Plastic film|Broken glass|Cigarette,accept,0.744436,0.744436,0.255564,reject,True
images/accept_weak/taco_01245_Cigarette_172e24e1.jpg,,accept_weak,accept,weak_accept_category,Cigarette,Disposable plastic cup|Plastic lid|Cigarette,accept,0.662715,0.662715,0.337285,reject,True
images/accept_weak/taco_01246_Other_plastic_wrapper_07d697d9.jpg,,accept_weak,accept,weak_accept_category,Other plastic wrapper,Clear plastic bottle|Other plastic wrapper|Plastic bottle cap|Paper cup|Unlabeled litter|Other carton|Normal paper|Cigarette,accept,0.622816,0.622816,0.377184,reject,True
images/accept_weak/taco_01247_Cigarette_953567b6.jpg,,accept_weak,accept,weak_accept_category,Cigarette,Paper cup|Metal bottle cap|Normal paper|Cigarette,accept,0.902016,0.902016,0.097984,accept,True
images/accept_weak/taco_01248_Single-use_carrier_bag_81cb2661.jpg,,accept_weak,accept,weak_accept_category,Single-use carrier bag,Plastic bottle cap|Disposable plastic cup|Clear plastic bottle|Single-use carrier bag|Plastic straw|Plastic lid|Cigarette,accept,0.520914,0.520914,0.479086,reject,True
images/reject_weak/taco_01249_Clear_plastic_bottle_2838460c.jpg,,reject_weak,reject,weak_reject_category,Clear plastic bottle,Clear plastic bottle,reject,0.613364,0.386636,0.613364,reject,True
images/reject_weak/taco_01250_Clear_plastic_bottle_689d0505.jpg,,reject_weak,reject,weak_reject_category,Clear plastic bottle,Clear plastic bottle,accept,0.523376,0.523376,0.476624,reject,False
images/reject_weak/taco_01251_Clear_plastic_bottle_1b8b7091.jpg,,reject_weak,reject,weak_reject_category,Clear plastic bottle,Clear plastic bottle|Plastic bottle cap,accept,0.617183,0.617183,0.382817,reject,False
images/reject_weak/taco_01252_Clear_plastic_bottle_a67c9d5a.jpg,,reject_weak,reject,weak_reject_category,Clear plastic bottle,Clear plastic bottle|Plastic bottle cap,accept,0.739248,0.739248,0.260752,reject,False
images/reject_weak/taco_01253_Drink_carton_eedb18d6.jpg,,reject_weak,reject,weak_reject_category,Drink carton,Drink carton|Drink can|Food Can|Pop tab,accept,0.582172,0.582172,0.417828,reject,False
images/reject_weak/taco_01254_Disposable_plastic_cup_8c46a2e1.jpg,,reject_weak,reject,weak_reject_category,Disposable plastic cup,Disposable plastic cup,accept,0.681652,0.681652,0.318349,reject,False
images/reject_weak/taco_01255_Paper_cup_48740bc6.jpg,,reject_weak,reject,weak_reject_category,Paper cup,Paper cup,reject,0.911809,0.088191,0.911809,reject,True
images/reject_weak/taco_01256_Drink_can_237cb80d.jpg,,reject_weak,reject,weak_reject_category,Drink can,Drink can,accept,0.842317,0.842317,0.157683,accept,False
images/accept_weak/taco_01257_Cigarette_7d4037e5.jpg,,accept_weak,accept,weak_accept_category,Cigarette,Glass bottle|Drink carton|Cigarette,accept,0.679227,0.679227,0.320773,reject,True
images/accept_weak/taco_01258_Plastic_film_a2c5614e.jpg,,accept_weak,accept,weak_accept_category,Plastic film,Plastic film|Rope & strings,accept,0.880438,0.880438,0.119562,accept,True
images/reject_weak/taco_01259_Other_plastic_6a25d4bc.jpg,,reject_weak,reject,weak_reject_category,Other plastic,Other plastic,accept,0.781350,0.781350,0.218650,accept,False
images/reject_weak/taco_01260_Other_plastic_97379db8.jpg,,reject_weak,reject,weak_reject_category,Other plastic,Other plastic,accept,0.683034,0.683034,0.316966,reject,False
images/reject_weak/taco_01261_Other_plastic_86e2c7d8.jpg,,reject_weak,reject,weak_reject_category,Other plastic,Other plastic,accept,0.734738,0.734738,0.265262,reject,False
images/reject_weak/taco_01262_Other_plastic_1eeb5d17.jpg,,reject_weak,reject,weak_reject_category,Other plastic,Other plastic,accept,0.710512,0.710512,0.289488,reject,False
images/accept_weak/taco_01263_Plastic_film_cb0c95cd.jpg,,accept_weak,accept,weak_accept_category,Plastic film,Plastic film,accept,0.836503,0.836503,0.163497,accept,True
images/accept_weak/taco_01264_Plastic_film_54b642c3.jpg,,accept_weak,accept,weak_accept_category,Plastic film,Plastic film,accept,0.653181,0.653181,0.346819,reject,True
images/reject_weak/taco_01265_Other_plastic_b8f4ab52.jpg,,reject_weak,reject,weak_reject_category,Other plastic,Other plastic,accept,0.885624,0.885624,0.114377,accept,False
images/accept_weak/taco_01267_Plastic_film_0fb9d987.jpg,,accept_weak,accept,weak_accept_category,Plastic film,Plastic film,accept,0.634926,0.634926,0.365074,reject,True
images/accept_weak/taco_01268_Styrofoam_piece_bcbd0706.jpg,,accept_weak,accept,weak_accept_category,Styrofoam piece,Clear plastic bottle|Plastic bottle cap|Styrofoam piece,accept,0.639511,0.639511,0.360489,reject,True
images/reject_weak/taco_01269_Other_plastic_bottle_17035fa3.jpg,,reject_weak,reject,weak_reject_category,Other plastic bottle,Other plastic bottle|Plastic bottle cap,accept,0.640829,0.640829,0.359171,reject,False
images/reject_weak/taco_01270_Disposable_plastic_cup_a6f34718.jpg,,reject_weak,reject,weak_reject_category,Disposable plastic cup,Disposable plastic cup,accept,0.658062,0.658062,0.341938,reject,False
images/reject_weak/taco_01271_Clear_plastic_bottle_bfaf5fb8.jpg,,reject_weak,reject,weak_reject_category,Clear plastic bottle,Clear plastic bottle|Plastic bottle cap,accept,0.651195,0.651195,0.348805,reject,False
images/reject_weak/taco_01272_Clear_plastic_bottle_c443abb4.jpg,,reject_weak,reject,weak_reject_category,Clear plastic bottle,Clear plastic bottle|Plastic bottle cap,accept,0.641178,0.641178,0.358822,reject,False
images/reject_weak/taco_01273_Drink_can_ec9bb4a4.jpg,,reject_weak,reject,weak_reject_category,Drink can,Drink can|Pop tab,reject,0.619970,0.380030,0.619970,reject,True
images/accept_weak/taco_01274_Styrofoam_piece_b437dc35.jpg,,accept_weak,accept,weak_accept_category,Styrofoam piece,Styrofoam piece,accept,0.723064,0.723064,0.276936,reject,True
images/accept_weak/taco_01275_Styrofoam_piece_4d56c89d.jpg,,accept_weak,accept,weak_accept_category,Styrofoam piece,Styrofoam piece,accept,0.823336,0.823336,0.176664,accept,True
images/reject_weak/taco_01276_Drink_can_5258b232.jpg,,reject_weak,reject,weak_reject_category,Drink can,Drink can,accept,0.572681,0.572681,0.427319,reject,False
images/reject_weak/taco_01277_Glass_bottle_bd53d0ec.jpg,,reject_weak,reject,weak_reject_category,Glass bottle,Glass bottle,accept,0.600043,0.600043,0.399957,reject,False
images/accept_weak/taco_01278_Styrofoam_piece_d0e34fe2.jpg,,accept_weak,accept,weak_accept_category,Styrofoam piece,Other plastic|Styrofoam piece,accept,0.854602,0.854602,0.145398,accept,True
images/accept_weak/taco_01279_Plastic_film_e5cf92fe.jpg,,accept_weak,accept,weak_accept_category,Plastic film,Plastic film,accept,0.697628,0.697628,0.302372,reject,True
images/accept_weak/taco_01280_Plastic_film_2e99f7f4.jpg,,accept_weak,accept,weak_accept_category,Plastic film,Plastic film|Other plastic|Unlabeled litter,reject,0.758435,0.241565,0.758435,reject,False
images/accept_weak/taco_01281_Styrofoam_piece_5d745126.jpg,,accept_weak,accept,weak_accept_category,Styrofoam piece,Styrofoam piece|Cigarette,accept,0.556124,0.556124,0.443876,reject,True
images/accept_weak/taco_01282_Other_plastic_wrapper_f0335ec5.jpg,,accept_weak,accept,weak_accept_category,Other plastic wrapper,Other plastic wrapper,accept,0.759298,0.759298,0.240702,reject,True
images/accept_weak/taco_01283_Styrofoam_piece_ae0efd0f.jpg,,accept_weak,accept,weak_accept_category,Styrofoam piece,Clear plastic bottle|Styrofoam piece,accept,0.667423,0.667423,0.332577,reject,True
images/reject_weak/taco_01284_Plastic_bottle_cap_8311eeb8.jpg,,reject_weak,reject,weak_reject_category,Plastic bottle cap,Plastic bottle cap,reject,0.693155,0.306845,0.693155,reject,True
images/accept_weak/taco_01285_Styrofoam_piece_14784535.jpg,,accept_weak,accept,weak_accept_category,Styrofoam piece,Styrofoam piece|Other plastic,reject,0.755404,0.244596,0.755404,reject,False
images/accept_weak/taco_01286_Plastic_film_5f186fd0.jpg,,accept_weak,accept,weak_accept_category,Plastic film,Plastic film,accept,0.815166,0.815166,0.184834,accept,True
images/accept_weak/taco_01287_Other_plastic_wrapper_e3794a42.jpg,,accept_weak,accept,weak_accept_category,Other plastic wrapper,Other plastic wrapper|Styrofoam piece,reject,0.538597,0.461403,0.538597,reject,False
images/reject_weak/taco_01288_Plastic_bottle_cap_747df3dc.jpg,,reject_weak,reject,weak_reject_category,Plastic bottle cap,Plastic bottle cap|Other plastic,accept,0.713881,0.713881,0.286119,reject,False
images/reject_weak/taco_01289_Other_plastic_c73080f6.jpg,,reject_weak,reject,weak_reject_category,Other plastic,Other plastic|Plastic bottle cap,accept,0.584198,0.584198,0.415802,reject,False
images/accept_weak/taco_01290_Single-use_carrier_bag_02cbee45.jpg,,accept_weak,accept,weak_accept_category,Single-use carrier bag,Single-use carrier bag,accept,0.794146,0.794146,0.205854,accept,True
images/accept_weak/taco_01291_Other_plastic_wrapper_33e6aa03.jpg,,accept_weak,accept,weak_accept_category,Other plastic wrapper,Other plastic wrapper|Other plastic|Unlabeled litter,accept,0.674985,0.674985,0.325015,reject,True
images/reject_weak/taco_01292_Clear_plastic_bottle_d4b458a0.jpg,,reject_weak,reject,weak_reject_category,Clear plastic bottle,Clear plastic bottle,accept,0.645546,0.645546,0.354453,reject,False
images/reject_weak/taco_01293_Normal_paper_015f1c4d.jpg,,reject_weak,reject,weak_reject_category,Normal paper,Rope & strings|Normal paper|Other plastic,accept,0.732669,0.732669,0.267331,reject,False
images/reject_weak/taco_01294_Other_plastic_efd00c2a.jpg,,reject_weak,reject,weak_reject_category,Other plastic,Other plastic,reject,0.603184,0.396816,0.603184,reject,True
images/reject_weak/taco_01295_Plastic_bottle_cap_b799eadc.jpg,,reject_weak,reject,weak_reject_category,Plastic bottle cap,Plastic bottle cap|Other plastic,accept,0.625682,0.625682,0.374318,reject,False
images/reject_weak/taco_01296_Other_plastic_6de06198.jpg,,reject_weak,reject,weak_reject_category,Other plastic,Other plastic,reject,0.519745,0.480256,0.519745,reject,True
images/reject_weak/taco_01297_Other_plastic_e2813095.jpg,,reject_weak,reject,weak_reject_category,Other plastic,Other plastic|Plastic bottle cap,accept,0.582484,0.582484,0.417516,reject,False
images/accept_weak/taco_01298_Other_plastic_wrapper_6fa2cd9f.jpg,,accept_weak,accept,weak_accept_category,Other plastic wrapper,Other plastic wrapper,accept,0.733971,0.733971,0.266029,reject,True
images/accept_weak/taco_01299_Styrofoam_piece_67e7ee49.jpg,,accept_weak,accept,weak_accept_category,Styrofoam piece,Styrofoam piece,accept,0.727029,0.727029,0.272971,reject,True
images/reject_weak/taco_01300_Normal_paper_551177e8.jpg,,reject_weak,reject,weak_reject_category,Normal paper,Unlabeled litter|Normal paper|Paper cup,accept,0.605493,0.605493,0.394507,reject,False
images/reject_weak/taco_01302_Disposable_plastic_cup_3f7ff324.jpg,,reject_weak,reject,weak_reject_category,Disposable plastic cup,Unlabeled litter|Disposable plastic cup,accept,0.717330,0.717330,0.282670,reject,False
images/accept_weak/taco_01303_Other_plastic_wrapper_653c4d4b.jpg,,accept_weak,accept,weak_accept_category,Other plastic wrapper,Other plastic wrapper,reject,0.730058,0.269942,0.730058,reject,False
images/reject_weak/taco_01304_Clear_plastic_bottle_010a2df5.jpg,,reject_weak,reject,weak_reject_category,Clear plastic bottle,Clear plastic bottle|Rope & strings,accept,0.730241,0.730241,0.269759,reject,False
images/accept_weak/taco_01305_Other_plastic_wrapper_b0827fae.jpg,,accept_weak,accept,weak_accept_category,Other plastic wrapper,Other plastic wrapper|Unlabeled litter,accept,0.686263,0.686263,0.313737,reject,True
images/reject_weak/taco_01306_Paper_cup_c337a9be.jpg,,reject_weak,reject,weak_reject_category,Paper cup,Paper cup,reject,0.553906,0.446094,0.553906,reject,True
images/reject_weak/taco_01307_Clear_plastic_bottle_aeb3a06c.jpg,,reject_weak,reject,weak_reject_category,Clear plastic bottle,Clear plastic bottle|Plastic bottle cap,accept,0.829365,0.829365,0.170635,accept,False
images/accept_weak/taco_01308_Cigarette_a3f621a1.jpg,,accept_weak,accept,weak_accept_category,Cigarette,Broken glass|Drink can|Cigarette|Unlabeled litter,accept,0.642211,0.642211,0.357789,reject,True
images/reject_weak/taco_01309_Drink_can_1fbf2e1a.jpg,,reject_weak,reject,weak_reject_category,Drink can,Drink can|Pop tab,accept,0.738117,0.738117,0.261883,reject,False
images/accept_weak/taco_01310_Cigarette_51d88ee5.jpg,,accept_weak,accept,weak_accept_category,Cigarette,Glass bottle|Cigarette,accept,0.813266,0.813266,0.186734,accept,True
images/accept_weak/taco_01311_Cigarette_6b51af39.jpg,,accept_weak,accept,weak_accept_category,Cigarette,Clear plastic bottle|Plastic bottle cap|Cigarette,accept,0.873744,0.873744,0.126256,accept,True
images/reject_weak/taco_01312_Clear_plastic_bottle_6655df06.jpg,,reject_weak,reject,weak_reject_category,Clear plastic bottle,Clear plastic bottle|Plastic bottle cap|Unlabeled litter,accept,0.548965,0.548965,0.451035,reject,False
images/reject_weak/taco_01313_Plastic_bottle_cap_a425e9aa.jpg,,reject_weak,reject,weak_reject_category,Plastic bottle cap,Plastic bottle cap|Clear plastic bottle,reject,0.906474,0.093526,0.906474,reject,True
images/reject_weak/taco_01314_Drink_can_f5e69d5c.jpg,,reject_weak,reject,weak_reject_category,Drink can,Drink can|Clear plastic bottle|Unlabeled litter|Pop tab|Plastic bottle cap,accept,0.535324,0.535324,0.464676,reject,False
images/accept_weak/taco_01315_Cigarette_67834163.jpg,,accept_weak,accept,weak_accept_category,Cigarette,Drink can|Cigarette,accept,0.634625,0.634625,0.365375,reject,True
images/accept_weak/taco_01316_Cigarette_4c8bae89.jpg,,accept_weak,accept,weak_accept_category,Cigarette,Clear plastic bottle|Cigarette|Normal paper|Plastic bottle cap,accept,0.827172,0.827172,0.172828,accept,True
images/reject_weak/taco_01317_Drink_can_b1802b83.jpg,,reject_weak,reject,weak_reject_category,Drink can,Drink can,accept,0.583295,0.583295,0.416705,reject,False
images/reject_weak/taco_01318_Drink_can_0b57c4aa.jpg,,reject_weak,reject,weak_reject_category,Drink can,Drink can,reject,0.504316,0.495684,0.504316,reject,True
images/accept_weak/taco_01319_Cigarette_a28a64af.jpg,,accept_weak,accept,weak_accept_category,Cigarette,Cigarette|Disposable food container,reject,0.503048,0.496952,0.503048,reject,False
images/reject_weak/taco_01320_Glass_bottle_0098c19a.jpg,,reject_weak,reject,weak_reject_category,Glass bottle,Glass bottle|Drink can,accept,0.650384,0.650384,0.349616,reject,False
images/accept_weak/taco_01321_Cigarette_27235b45.jpg,,accept_weak,accept,weak_accept_category,Cigarette,Glass bottle|Broken glass|Cigarette,accept,0.731383,0.731383,0.268617,reject,True
images/reject_weak/taco_01322_Disposable_plastic_cup_81305679.jpg,,reject_weak,reject,weak_reject_category,Disposable plastic cup,Disposable plastic cup,accept,0.524900,0.524900,0.475100,reject,False
images/accept_weak/taco_01323_Single-use_carrier_bag_58eb90ee.jpg,,accept_weak,accept,weak_accept_category,Single-use carrier bag,Single-use carrier bag|Glass bottle|Other plastic wrapper|Scrap metal|Drink carton|Normal paper|Metal bottle cap|Unlabeled litter,accept,0.661657,0.661657,0.338343,reject,True
images/accept_weak/taco_01324_Cigarette_4becb66c.jpg,,accept_weak,accept,weak_accept_category,Cigarette,Plastic straw|Cigarette,accept,0.556787,0.556787,0.443213,reject,True
images/accept_weak/taco_01325_Cigarette_619d9828.jpg,,accept_weak,accept,weak_accept_category,Cigarette,Other carton|Cigarette|Disposable plastic cup,reject,0.662401,0.337599,0.662401,reject,False
images/accept_weak/taco_01326_Cigarette_73960edd.jpg,,accept_weak,accept,weak_accept_category,Cigarette,Unlabeled litter|Disposable plastic cup|Cigarette,accept,0.959503,0.959503,0.040497,accept,True
images/accept_weak/taco_01327_Cigarette_5e7f9cfe.jpg,,accept_weak,accept,weak_accept_category,Cigarette,Clear plastic bottle|Other plastic|Cigarette,accept,0.620454,0.620454,0.379546,reject,True
images/accept_weak/taco_01328_Cigarette_fce75be5.jpg,,accept_weak,accept,weak_accept_category,Cigarette,Clear plastic bottle|Plastic bottle cap|Cigarette|Tissues|Drink can|Pop tab|Unlabeled litter,reject,0.537635,0.462365,0.537635,reject,False
images/accept_weak/taco_01329_Cigarette_e192be6b.jpg,,accept_weak,accept,weak_accept_category,Cigarette,Metal bottle cap|Cigarette|Drink can|Pop tab|Other carton,accept,0.958876,0.958876,0.041124,accept,True
images/reject_weak/taco_01330_Clear_plastic_bottle_bb7be166.jpg,,reject_weak,reject,weak_reject_category,Clear plastic bottle,Clear plastic bottle|Plastic bottle cap,accept,0.767855,0.767855,0.232145,accept,False
images/accept_weak/taco_01331_Cigarette_aef034b1.jpg,,accept_weak,accept,weak_accept_category,Cigarette,Other plastic bottle|Plastic bottle cap|Cigarette,reject,0.518252,0.481748,0.518252,reject,False
images/reject_weak/taco_01332_Egg_carton_28c8cad3.jpg,,reject_weak,reject,weak_reject_category,Egg carton,Egg carton,accept,0.668711,0.668711,0.331289,reject,False
images/accept_weak/taco_01333_Cigarette_c9697a2e.jpg,,accept_weak,accept,weak_accept_category,Cigarette,Clear plastic bottle|Cigarette|Other plastic,accept,0.591500,0.591500,0.408500,reject,True
images/accept_weak/taco_01334_Cigarette_b3b02cc9.jpg,,accept_weak,accept,weak_accept_category,Cigarette,Drink can|Cigarette|Other plastic|Unlabeled litter,accept,0.747510,0.747510,0.252490,reject,True
images/reject_weak/taco_01335_Glass_bottle_e727f967.jpg,,reject_weak,reject,weak_reject_category,Glass bottle,Glass bottle|Metal bottle cap|Unlabeled litter,accept,0.892506,0.892506,0.107494,accept,False
images/reject_weak/taco_01336_Glass_bottle_ba06d8aa.jpg,,reject_weak,reject,weak_reject_category,Glass bottle,Glass bottle|Metal bottle cap|Plastic lid,accept,0.754222,0.754222,0.245778,reject,False
images/reject_weak/taco_01337_Glass_bottle_d69fd83f.jpg,,reject_weak,reject,weak_reject_category,Glass bottle,Glass bottle|Metal bottle cap,reject,0.989517,0.010483,0.989517,reject,True
images/reject_weak/taco_01338_Glass_bottle_b50c7ec8.jpg,,reject_weak,reject,weak_reject_category,Glass bottle,Glass bottle|Metal bottle cap,reject,0.961635,0.038365,0.961635,reject,True
images/reject_weak/taco_01339_Glass_bottle_b4277fc5.jpg,,reject_weak,reject,weak_reject_category,Glass bottle,Glass bottle,accept,0.611702,0.611702,0.388298,reject,False
images/reject_weak/taco_01340_Clear_plastic_bottle_ba006fb3.jpg,,reject_weak,reject,weak_reject_category,Clear plastic bottle,Clear plastic bottle|Plastic bottle cap|Glass bottle|Unlabeled litter,reject,0.958028,0.041972,0.958028,reject,True
images/reject_weak/taco_01341_Clear_plastic_bottle_f2028188.jpg,,reject_weak,reject,weak_reject_category,Clear plastic bottle,Clear plastic bottle,accept,0.536166,0.536166,0.463834,reject,False
images/accept_weak/taco_01342_Other_plastic_wrapper_628170a3.jpg,,accept_weak,accept,weak_accept_category,Other plastic wrapper,Clear plastic bottle|Other plastic wrapper|Unlabeled litter,accept,0.625478,0.625478,0.374522,reject,True
images/reject_weak/taco_01343_Clear_plastic_bottle_601adc2a.jpg,,reject_weak,reject,weak_reject_category,Clear plastic bottle,Clear plastic bottle,accept,0.648809,0.648809,0.351191,reject,False
images/accept_weak/taco_01344_Other_plastic_wrapper_b8da891b.jpg,,accept_weak,accept,weak_accept_category,Other plastic wrapper,Paper cup|Other carton|Other plastic wrapper|Cigarette|Unlabeled litter|Other plastic bottle,reject,0.529139,0.470861,0.529139,reject,False
images/reject_weak/taco_01345_Clear_plastic_bottle_bc3a3db6.jpg,,reject_weak,reject,weak_reject_category,Clear plastic bottle,Clear plastic bottle,accept,0.793159,0.793159,0.206842,accept,False
images/accept_weak/taco_01346_Styrofoam_piece_938a1e3c.jpg,,accept_weak,accept,weak_accept_category,Styrofoam piece,Styrofoam piece|Unlabeled litter,accept,0.622115,0.622115,0.377885,reject,True
images/reject_weak/taco_01347_Other_plastic_bottle_e3ce794f.jpg,,reject_weak,reject,weak_reject_category,Other plastic bottle,Other plastic bottle|Egg carton|Unlabeled litter,accept,0.567061,0.567061,0.432939,reject,False
images/reject_weak/taco_01348_Clear_plastic_bottle_a30dcffd.jpg,,reject_weak,reject,weak_reject_category,Clear plastic bottle,Clear plastic bottle|Plastic bottle cap,reject,0.811030,0.188970,0.811030,reject,True
images/accept_weak/taco_01349_Plastic_film_764bebc2.jpg,,accept_weak,accept,weak_accept_category,Plastic film,Plastic film,accept,0.747029,0.747029,0.252971,reject,True
images/reject_weak/taco_01350_Drink_carton_ca0df1ea.jpg,,reject_weak,reject,weak_reject_category,Drink carton,Drink carton,accept,0.738546,0.738546,0.261454,reject,False
images/accept_weak/taco_01351_Cigarette_a3b873b6.jpg,,accept_weak,accept,weak_accept_category,Cigarette,Unlabeled litter|Clear plastic bottle|Other carton|Cigarette|Other plastic bottle,accept,0.698419,0.698419,0.301581,reject,True
images/accept_weak/taco_01352_Cigarette_aa17223d.jpg,,accept_weak,accept,weak_accept_category,Cigarette,Cigarette|Unlabeled litter|Styrofoam piece,accept,0.521278,0.521278,0.478722,reject,True
images/accept_weak/taco_01353_Garbage_bag_4f468427.jpg,,accept_weak,accept,weak_accept_category,Garbage bag,Garbage bag|Clear plastic bottle|Cigarette|Other plastic|Unlabeled litter|Normal paper|Other plastic container|Broken glass,accept,0.652042,0.652042,0.347958,reject,True
images/accept_weak/taco_01354_Garbage_bag_a64bc265.jpg,,accept_weak,accept,weak_accept_category,Garbage bag,Garbage bag|Single-use carrier bag,accept,0.803159,0.803159,0.196840,accept,True
images/accept_weak/taco_01355_Single-use_carrier_bag_b0c54f19.jpg,,accept_weak,accept,weak_accept_category,Single-use carrier bag,Single-use carrier bag|Garbage bag|Unlabeled litter,accept,0.807669,0.807669,0.192331,accept,True
images/accept_weak/taco_01356_Plastic_film_8916e76f.jpg,,accept_weak,accept,weak_accept_category,Plastic film,Plastic film|Unlabeled litter,reject,0.683359,0.316641,0.683359,reject,False
images/reject_weak/taco_01357_Other_carton_340ded17.jpg,,reject_weak,reject,weak_reject_category,Other carton,Other carton|Unlabeled litter,accept,0.587933,0.587933,0.412067,reject,False
images/accept_weak/taco_01358_Other_plastic_wrapper_9abba80e.jpg,,accept_weak,accept,weak_accept_category,Other plastic wrapper,Other plastic wrapper|Cigarette,accept,0.911344,0.911344,0.088656,accept,True
images/accept_weak/taco_01359_Other_plastic_wrapper_1e85d72c.jpg,,accept_weak,accept,weak_accept_category,Other plastic wrapper,Food Can|Other plastic wrapper,accept,0.839705,0.839705,0.160295,accept,True
images/accept_weak/taco_01360_Plastic_film_710c3586.jpg,,accept_weak,accept,weak_accept_category,Plastic film,Plastic film,accept,0.891595,0.891595,0.108405,accept,True
images/accept_weak/taco_01361_Cigarette_da7e645a.jpg,,accept_weak,accept,weak_accept_category,Cigarette,Clear plastic bottle|Cigarette|Unlabeled litter,reject,0.524709,0.475291,0.524709,reject,False
images/reject_weak/taco_01364_Corrugated_carton_15c7931e.jpg,,reject_weak,reject,weak_reject_category,Corrugated carton,Corrugated carton|Other plastic,reject,0.872306,0.127694,0.872306,reject,True
images/accept_weak/taco_01365_Cigarette_83c92ef3.jpg,,accept_weak,accept,weak_accept_category,Cigarette,Broken glass|Unlabeled litter|Cigarette,accept,0.831080,0.831080,0.168920,accept,True
images/accept_weak/taco_01366_Plastic_film_fb29e80a.jpg,,accept_weak,accept,weak_accept_category,Plastic film,Drink can|Disposable plastic cup|Plastic film|Pop tab,accept,0.536677,0.536677,0.463323,reject,True
images/accept_weak/taco_01367_Plastic_film_bb81c460.jpg,,accept_weak,accept,weak_accept_category,Plastic film,Plastic film|Crisp packet,reject,0.540545,0.459455,0.540545,reject,False
images/accept_weak/taco_01368_Other_plastic_wrapper_28823cab.jpg,,accept_weak,accept,weak_accept_category,Other plastic wrapper,Other plastic wrapper,accept,0.690192,0.690192,0.309808,reject,True
images/accept_weak/taco_01369_Other_plastic_wrapper_00385e81.jpg,,accept_weak,accept,weak_accept_category,Other plastic wrapper,Clear plastic bottle|Plastic bottle cap|Other plastic wrapper,reject,0.654002,0.345998,0.654002,reject,False
images/reject_weak/taco_01371_Aluminium_foil_fc81f09e.jpg,,reject_weak,reject,weak_reject_category,Aluminium foil,Aluminium foil|Unlabeled litter,accept,0.520684,0.520684,0.479316,reject,False
images/reject_weak/taco_01372_Drink_can_495b4de5.jpg,,reject_weak,reject,weak_reject_category,Drink can,Drink can|Pop tab|Disposable plastic cup,accept,0.530372,0.530372,0.469628,reject,False
images/accept_weak/taco_01373_Cigarette_5f81e1bd.jpg,,accept_weak,accept,weak_accept_category,Cigarette,Paper cup|Plastic lid|Glass bottle|Cigarette|Disposable plastic cup|Plastic straw,accept,0.691304,0.691304,0.308696,reject,True
images/reject_weak/taco_01374_Drink_can_8e9260d7.jpg,,reject_weak,reject,weak_reject_category,Drink can,Drink can|Pop tab,accept,0.629123,0.629123,0.370877,reject,False
images/accept_weak/taco_01375_Plastic_film_197a0bb6.jpg,,accept_weak,accept,weak_accept_category,Plastic film,Plastic film|Other carton,accept,0.657326,0.657326,0.342674,reject,True
images/accept_weak/taco_01376_Cigarette_d6777648.jpg,,accept_weak,accept,weak_accept_category,Cigarette,Clear plastic bottle|Plastic bottle cap|Cigarette,accept,0.806882,0.806882,0.193118,accept,True
images/reject_weak/taco_01377_Other_carton_07fd3f16.jpg,,reject_weak,reject,weak_reject_category,Other carton,Other carton|Clear plastic bottle|Plastic bottle cap,reject,0.918099,0.081901,0.918099,reject,True
images/reject_weak/taco_01378_Other_carton_714d9bd2.jpg,,reject_weak,reject,weak_reject_category,Other carton,Other carton,reject,0.738865,0.261135,0.738865,reject,True
images/accept_weak/taco_01379_Cigarette_9b52702f.jpg,,accept_weak,accept,weak_accept_category,Cigarette,Unlabeled litter|Cigarette,accept,0.989639,0.989639,0.010361,accept,True
images/accept_weak/taco_01380_Cigarette_3feac1db.jpg,,accept_weak,accept,weak_accept_category,Cigarette,Cigarette|Other plastic cup,accept,0.657866,0.657866,0.342134,reject,True
images/reject_weak/taco_01381_Normal_paper_6269dfa8.jpg,,reject_weak,reject,weak_reject_category,Normal paper,Normal paper,reject,0.509813,0.490187,0.509813,reject,True
images/reject_weak/taco_01383_Drink_can_1e8bed9c.jpg,,reject_weak,reject,weak_reject_category,Drink can,Drink can|Other plastic bottle,reject,0.767626,0.232374,0.767626,reject,True
images/accept_weak/taco_01384_Cigarette_0f34cfd1.jpg,,accept_weak,accept,weak_accept_category,Cigarette,Normal paper|Cigarette|Unlabeled litter,accept,0.573040,0.573040,0.426959,reject,True
images/reject_weak/taco_01385_Clear_plastic_bottle_94bbe7e7.jpg,,reject_weak,reject,weak_reject_category,Clear plastic bottle,Clear plastic bottle|Plastic bottle cap,accept,0.548601,0.548601,0.451399,reject,False
images/accept_weak/taco_01386_Plastic_film_23421020.jpg,,accept_weak,accept,weak_accept_category,Plastic film,Plastic film,reject,0.572200,0.427800,0.572200,reject,False
images/reject_weak/taco_01387_Drink_can_9a2098f4.jpg,,reject_weak,reject,weak_reject_category,Drink can,Drink can,reject,0.662153,0.337847,0.662153,reject,True
images/reject_weak/taco_01388_Clear_plastic_bottle_7bc8ea2c.jpg,,reject_weak,reject,weak_reject_category,Clear plastic bottle,Clear plastic bottle|Drink can,accept,0.772260,0.772260,0.227740,accept,False
images/accept_weak/taco_01389_Disposable_food_container_4d36bb26.jpg,,accept_weak,accept,weak_accept_category,Disposable food container,Glass bottle|Disposable food container|Plastic film,reject,0.892744,0.107256,0.892744,reject,False
images/accept_weak/taco_01390_Cigarette_c881b8f2.jpg,,accept_weak,accept,weak_accept_category,Cigarette,Cigarette|Paper bag,accept,0.669645,0.669645,0.330355,reject,True
images/reject_weak/taco_01391_Aluminium_foil_dd9f79be.jpg,,reject_weak,reject,weak_reject_category,Aluminium foil,Aluminium foil|Other plastic,accept,0.642980,0.642980,0.357020,reject,False
images/accept_weak/taco_01392_Other_plastic_wrapper_7bde682e.jpg,,accept_weak,accept,weak_accept_category,Other plastic wrapper,Plastic lid|Other plastic wrapper,accept,0.671833,0.671833,0.328168,reject,True
images/reject_weak/taco_01393_Other_carton_88bec36d.jpg,,reject_weak,reject,weak_reject_category,Other carton,Other carton,accept,0.500490,0.500490,0.499510,reject,False
images/reject_weak/taco_01394_Normal_paper_fd819999.jpg,,reject_weak,reject,weak_reject_category,Normal paper,Unlabeled litter|Normal paper,accept,0.533222,0.533222,0.466778,reject,False
images/accept_weak/taco_01395_Cigarette_48e7a9b5.jpg,,accept_weak,accept,weak_accept_category,Cigarette,Drink can|Cigarette,reject,0.552643,0.447357,0.552643,reject,False
images/reject_weak/taco_01396_Other_carton_8f0b8bcc.jpg,,reject_weak,reject,weak_reject_category,Other carton,Other carton,reject,0.802777,0.197223,0.802777,reject,True
images/reject_weak/taco_01397_Drink_can_da110c51.jpg,,reject_weak,reject,weak_reject_category,Drink can,Drink can,accept,0.623299,0.623299,0.376701,reject,False
images/accept_weak/taco_01398_Plastic_film_06c99f3c.jpg,,accept_weak,accept,weak_accept_category,Plastic film,Plastic film|Cigarette,accept,0.752739,0.752739,0.247261,reject,True
images/accept_weak/taco_01399_Disposable_food_container_8536379c.jpg,,accept_weak,accept,weak_accept_category,Disposable food container,Disposable food container,accept,0.865167,0.865167,0.134833,accept,True
images/accept_weak/taco_01400_Tissues_e3971204.jpg,,accept_weak,accept,weak_accept_category,Tissues,Spread tub|Tissues|Plastic film,accept,0.677049,0.677049,0.322951,reject,True
images/accept_weak/taco_01401_Cigarette_a43ae6d1.jpg,,accept_weak,accept,weak_accept_category,Cigarette,Cigarette|Drink can,accept,0.950369,0.950369,0.049631,accept,True
images/accept_weak/taco_01402_Plastic_film_ff4da163.jpg,,accept_weak,accept,weak_accept_category,Plastic film,Plastic film|Other plastic wrapper,accept,0.773192,0.773192,0.226808,accept,True
images/accept_weak/taco_01403_Plastic_film_eff7ab6e.jpg,,accept_weak,accept,weak_accept_category,Plastic film,Plastic film|Unlabeled litter,reject,0.705564,0.294436,0.705564,reject,False
images/accept_weak/taco_01404_Cigarette_e0a71b66.jpg,,accept_weak,accept,weak_accept_category,Cigarette,Cigarette|Clear plastic bottle,accept,0.588911,0.588911,0.411089,reject,True
images/reject_weak/taco_01405_Clear_plastic_bottle_3befe7e7.jpg,,reject_weak,reject,weak_reject_category,Clear plastic bottle,Clear plastic bottle,reject,0.866801,0.133199,0.866801,reject,True
images/accept_weak/taco_01406_Plastic_film_fb9ef018.jpg,,accept_weak,accept,weak_accept_category,Plastic film,Plastic film|Unlabeled litter,accept,0.960157,0.960157,0.039843,accept,True
images/accept_weak/taco_01407_Disposable_food_container_0ea367cb.jpg,,accept_weak,accept,weak_accept_category,Disposable food container,Disposable food container|Other plastic wrapper,accept,0.647756,0.647756,0.352244,reject,True
images/accept_weak/taco_01408_Garbage_bag_b8e319ad.jpg,,accept_weak,accept,weak_accept_category,Garbage bag,Other plastic bottle|Plastic bottle cap|Garbage bag|Aluminium foil|Unlabeled litter|Clear plastic bottle|Disposable food container|Metal bottle cap|Plastic lid|Other plastic,accept,0.854587,0.854587,0.145413,accept,True
images/reject_weak/taco_01409_Drink_carton_ced61e98.jpg,,reject_weak,reject,weak_reject_category,Drink carton,Drink carton|Plastic straw,accept,0.677286,0.677286,0.322714,reject,False
images/accept_weak/taco_01410_Plastic_film_8da19c87.jpg,,accept_weak,accept,weak_accept_category,Plastic film,Unlabeled litter|Plastic film,accept,0.846650,0.846650,0.153350,accept,True
images/accept_weak/taco_01411_Plastic_film_71ef6bc4.jpg,,accept_weak,accept,weak_accept_category,Plastic film,Plastic film|Cigarette,accept,0.894120,0.894120,0.105880,accept,True
images/accept_weak/taco_01412_Plastic_film_ab267a4b.jpg,,accept_weak,accept,weak_accept_category,Plastic film,Plastic film,accept,0.825086,0.825086,0.174914,accept,True
images/accept_weak/taco_01413_Cigarette_0ba7843f.jpg,,accept_weak,accept,weak_accept_category,Cigarette,Unlabeled litter|Cigarette,accept,0.793881,0.793881,0.206119,accept,True
images/accept_weak/taco_01414_Other_plastic_wrapper_105e5a63.jpg,,accept_weak,accept,weak_accept_category,Other plastic wrapper,Other plastic wrapper|Other plastic,accept,0.775479,0.775479,0.224521,accept,True
images/accept_weak/taco_01415_Tissues_033ae0c9.jpg,,accept_weak,accept,weak_accept_category,Tissues,Tissues,accept,0.792544,0.792544,0.207456,accept,True
images/accept_weak/taco_01416_Single-use_carrier_bag_136dc2f2.jpg,,accept_weak,accept,weak_accept_category,Single-use carrier bag,Unlabeled litter|Single-use carrier bag,accept,0.843258,0.843258,0.156742,accept,True
images/accept_weak/taco_01417_Plastic_film_188f044b.jpg,,accept_weak,accept,weak_accept_category,Plastic film,Plastic film,accept,0.819022,0.819022,0.180978,accept,True
images/accept_weak/taco_01418_Plastic_film_b5756cb5.jpg,,accept_weak,accept,weak_accept_category,Plastic film,Plastic film,accept,0.859323,0.859323,0.140677,accept,True
images/reject_weak/taco_01419_Scrap_metal_75ce8043.jpg,,reject_weak,reject,weak_reject_category,Scrap metal,Scrap metal,accept,0.789009,0.789009,0.210991,accept,False
images/accept_weak/taco_01420_Single-use_carrier_bag_dbfc0089.jpg,,accept_weak,accept,weak_accept_category,Single-use carrier bag,Single-use carrier bag|Plastic film,accept,0.753615,0.753615,0.246385,reject,True
images/accept_weak/taco_01421_Plastic_film_16f2247a.jpg,,accept_weak,accept,weak_accept_category,Plastic film,Plastic film,accept,0.770864,0.770864,0.229136,accept,True
images/accept_weak/taco_01422_Plastic_film_e685e793.jpg,,accept_weak,accept,weak_accept_category,Plastic film,Plastic film|Cigarette|Other plastic,accept,0.797573,0.797573,0.202427,accept,True
images/accept_weak/taco_01423_Styrofoam_piece_f6ddfb2a.jpg,,accept_weak,accept,weak_accept_category,Styrofoam piece,Styrofoam piece|Other plastic|Plastic film,accept,0.540263,0.540263,0.459737,reject,True
images/accept_weak/taco_01424_Other_plastic_wrapper_62cf9ca1.jpg,,accept_weak,accept,weak_accept_category,Other plastic wrapper,Other plastic wrapper,accept,0.768898,0.768898,0.231102,accept,True
images/accept_weak/taco_01425_Other_plastic_wrapper_32a0bc3a.jpg,,accept_weak,accept,weak_accept_category,Other plastic wrapper,Other plastic wrapper|Plastic film,accept,0.699171,0.699171,0.300829,reject,True
images/accept_weak/taco_01426_Cigarette_90476815.jpg,,accept_weak,accept,weak_accept_category,Cigarette,Plastic bottle cap|Cigarette,accept,0.845908,0.845908,0.154092,accept,True
images/accept_weak/taco_01427_Tissues_2902f438.jpg,,accept_weak,accept,weak_accept_category,Tissues,Metal bottle cap|Tissues|Plastic film,reject,0.636864,0.363135,0.636864,reject,False
images/accept_weak/taco_01428_Cigarette_47eea54c.jpg,,accept_weak,accept,weak_accept_category,Cigarette,Cigarette|Plastic film|Styrofoam piece,accept,0.913615,0.913615,0.086385,accept,True
images/accept_weak/taco_01429_Cigarette_f81c5163.jpg,,accept_weak,accept,weak_accept_category,Cigarette,Cigarette|Other plastic|Unlabeled litter,accept,0.762346,0.762346,0.237654,accept,True
images/accept_weak/taco_01430_Plastic_film_8dee9686.jpg,,accept_weak,accept,weak_accept_category,Plastic film,Plastic film,accept,0.742755,0.742755,0.257245,reject,True
images/accept_weak/taco_01431_Plastic_film_08bd87c6.jpg,,accept_weak,accept,weak_accept_category,Plastic film,Plastic film|Unlabeled litter,accept,0.741065,0.741065,0.258935,reject,True
images/accept_weak/taco_01432_Plastic_film_da691e48.jpg,,accept_weak,accept,weak_accept_category,Plastic film,Plastic film,accept,0.715844,0.715844,0.284156,reject,True
images/accept_weak/taco_01434_Other_plastic_wrapper_4ea50dac.jpg,,accept_weak,accept,weak_accept_category,Other plastic wrapper,Other plastic wrapper,accept,0.812530,0.812530,0.187470,accept,True
images/accept_weak/taco_01435_Plastic_film_c6deb5c8.jpg,,accept_weak,accept,weak_accept_category,Plastic film,Plastic film|Cigarette,accept,0.836594,0.836594,0.163406,accept,True
images/accept_weak/taco_01436_Plastic_film_51c3169e.jpg,,accept_weak,accept,weak_accept_category,Plastic film,Plastic film,accept,0.747266,0.747266,0.252734,reject,True
images/reject_weak/taco_01437_Plastic_bottle_cap_7a1331b7.jpg,,reject_weak,reject,weak_reject_category,Plastic bottle cap,Plastic bottle cap,accept,0.841559,0.841559,0.158441,accept,False
images/accept_weak/taco_01438_Plastic_film_f777c930.jpg,,accept_weak,accept,weak_accept_category,Plastic film,Plastic film|Rope & strings,accept,0.939765,0.939765,0.060235,accept,True
images/accept_weak/taco_01439_Cigarette_e349ee61.jpg,,accept_weak,accept,weak_accept_category,Cigarette,Other plastic|Cigarette,accept,0.861567,0.861567,0.138433,accept,True
images/accept_weak/taco_01440_Cigarette_2219cfc6.jpg,,accept_weak,accept,weak_accept_category,Cigarette,Plastic straw|Cigarette,accept,0.793979,0.793979,0.206021,accept,True
images/accept_weak/taco_01441_Plastic_film_e43e4586.jpg,,accept_weak,accept,weak_accept_category,Plastic film,Plastic film,accept,0.529486,0.529486,0.470514,reject,True
images/accept_weak/taco_01442_Plastic_film_169c0d8f.jpg,,accept_weak,accept,weak_accept_category,Plastic film,Plastic film,accept,0.589044,0.589044,0.410956,reject,True
images/accept_weak/taco_01443_Plastic_film_fc017873.jpg,,accept_weak,accept,weak_accept_category,Plastic film,Plastic film,accept,0.765392,0.765392,0.234608,accept,True
images/accept_weak/taco_01444_Plastic_film_0368cdfd.jpg,,accept_weak,accept,weak_accept_category,Plastic film,Plastic film,accept,0.692566,0.692566,0.307434,reject,True
images/accept_weak/taco_01445_Plastic_film_5716225c.jpg,,accept_weak,accept,weak_accept_category,Plastic film,Plastic film,accept,0.877507,0.877507,0.122493,accept,True
images/accept_weak/taco_01446_Plastic_film_00acdc05.jpg,,accept_weak,accept,weak_accept_category,Plastic film,Plastic film,accept,0.811194,0.811194,0.188806,accept,True
images/accept_weak/taco_01447_Plastic_film_f00beffe.jpg,,accept_weak,accept,weak_accept_category,Plastic film,Plastic film,accept,0.693521,0.693521,0.306479,reject,True
images/reject_weak/taco_01448_Other_plastic_8e7eb15b.jpg,,reject_weak,reject,weak_reject_category,Other plastic,Other plastic|Plastic straw,accept,0.733601,0.733601,0.266399,reject,False
images/reject_weak/taco_01450_Corrugated_carton_011769eb.jpg,,reject_weak,reject,weak_reject_category,Corrugated carton,Corrugated carton|Unlabeled litter,accept,0.755503,0.755503,0.244497,reject,False
images/accept_weak/taco_01451_Cigarette_a4c570ac.jpg,,accept_weak,accept,weak_accept_category,Cigarette,Unlabeled litter|Glass bottle|Cigarette,accept,0.904736,0.904736,0.095264,accept,True
images/accept_weak/taco_01452_Cigarette_9d16c5af.jpg,,accept_weak,accept,weak_accept_category,Cigarette,Wrapping paper|Cigarette,accept,0.830426,0.830426,0.169574,accept,True
images/accept_weak/taco_01453_Cigarette_9e342c2c.jpg,,accept_weak,accept,weak_accept_category,Cigarette,Drink carton|Plastic straw|Cigarette|Plastic film|Unlabeled litter,accept,0.705893,0.705893,0.294107,reject,True
images/accept_weak/taco_01454_Cigarette_925d13c7.jpg,,accept_weak,accept,weak_accept_category,Cigarette,Pop tab|Metal bottle cap|Cigarette|Unlabeled litter,accept,0.702317,0.702317,0.297683,reject,True
images/accept_weak/taco_01455_Tissues_c1330d32.jpg,,accept_weak,accept,weak_accept_category,Tissues,Disposable plastic cup|Tissues,accept,0.806448,0.806448,0.193552,accept,True
images/accept_weak/taco_01456_Tissues_64fb220c.jpg,,accept_weak,accept,weak_accept_category,Tissues,Tissues|Other plastic wrapper|Other plastic|Unlabeled litter,reject,0.655479,0.344521,0.655479,reject,False
images/accept_weak/taco_01457_Plastic_film_01f1c4f2.jpg,,accept_weak,accept,weak_accept_category,Plastic film,Plastic film|Unlabeled litter,accept,0.641863,0.641863,0.358138,reject,True
images/accept_weak/taco_01458_Plastic_film_284a6aef.jpg,,accept_weak,accept,weak_accept_category,Plastic film,Plastic film|Unlabeled litter,accept,0.547609,0.547609,0.452391,reject,True
images/accept_weak/taco_01459_Plastic_film_f5f8b142.jpg,,accept_weak,accept,weak_accept_category,Plastic film,Plastic film|Unlabeled litter,accept,0.916157,0.916157,0.083843,accept,True
images/accept_weak/taco_01460_Other_plastic_wrapper_36dc64b3.jpg,,accept_weak,accept,weak_accept_category,Other plastic wrapper,Other plastic wrapper|Plastic film|Unlabeled litter,accept,0.691395,0.691395,0.308605,reject,True
images/accept_weak/taco_01461_Other_plastic_wrapper_84b93123.jpg,,accept_weak,accept,weak_accept_category,Other plastic wrapper,Other plastic wrapper|Cigarette|Tissues|Unlabeled litter,accept,0.974415,0.974415,0.025585,accept,True
images/accept_weak/taco_01462_Plastic_film_647e46ca.jpg,,accept_weak,accept,weak_accept_category,Plastic film,Meal carton|Plastic film,accept,0.702836,0.702836,0.297164,reject,True
images/accept_weak/taco_01463_Plastic_film_c05ca83e.jpg,,accept_weak,accept,weak_accept_category,Plastic film,Plastic film|Other carton,accept,0.689351,0.689351,0.310649,reject,True
images/reject_weak/taco_01464_Drink_can_f5942254.jpg,,reject_weak,reject,weak_reject_category,Drink can,Drink can|Disposable plastic cup,accept,0.655728,0.655728,0.344272,reject,False
images/accept_weak/taco_01465_Cigarette_2cc5c253.jpg,,accept_weak,accept,weak_accept_category,Cigarette,Cigarette|Normal paper|Disposable plastic cup,accept,0.854312,0.854312,0.145688,accept,True
images/accept_weak/taco_01466_Cigarette_127616e4.jpg,,accept_weak,accept,weak_accept_category,Cigarette,Cigarette|Disposable plastic cup,accept,0.815493,0.815493,0.184507,accept,True
images/reject_weak/taco_01467_Clear_plastic_bottle_9f68100d.jpg,,reject_weak,reject,weak_reject_category,Clear plastic bottle,Clear plastic bottle|Plastic bottle cap|Normal paper|Rope & strings,reject,0.853319,0.146682,0.853319,reject,True
images/accept_weak/taco_01468_Other_plastic_wrapper_0c93a8eb.jpg,,accept_weak,accept,weak_accept_category,Other plastic wrapper,Other plastic wrapper,accept,0.693350,0.693350,0.306650,reject,True
images/reject_weak/taco_01469_Plastic_lid_c1198613.jpg,,reject_weak,reject,weak_reject_category,Plastic lid,Plastic lid|Clear plastic bottle,reject,0.970171,0.029829,0.970171,reject,True
images/accept_weak/taco_01470_Plastic_film_6c204adb.jpg,,accept_weak,accept,weak_accept_category,Plastic film,Unlabeled litter|Clear plastic bottle|Plastic bottle cap|Plastic lid|Plastic film,accept,0.524573,0.524573,0.475427,reject,True
images/accept_weak/taco_01471_Single-use_carrier_bag_120e5ac5.jpg,,accept_weak,accept,weak_accept_category,Single-use carrier bag,Single-use carrier bag|Clear plastic bottle|Plastic film,accept,0.565629,0.565629,0.434371,reject,True
images/reject_weak/taco_01472_Other_plastic_1f43308e.jpg,,reject_weak,reject,weak_reject_category,Other plastic,Other plastic|Unlabeled litter,accept,0.624287,0.624287,0.375713,reject,False
images/accept_weak/taco_01473_Plastic_film_cb044e60.jpg,,accept_weak,accept,weak_accept_category,Plastic film,Plastic film|Corrugated carton,accept,0.562748,0.562748,0.437252,reject,True
images/reject_weak/taco_01474_Glass_bottle_13000f3d.jpg,,reject_weak,reject,weak_reject_category,Glass bottle,Glass bottle|Clear plastic bottle|Unlabeled litter,reject,0.563791,0.436209,0.563791,reject,True
images/accept_weak/taco_01475_Other_plastic_wrapper_b268017c.jpg,,accept_weak,accept,weak_accept_category,Other plastic wrapper,Clear plastic bottle|Glass bottle|Other plastic wrapper,reject,0.675393,0.324607,0.675393,reject,False
images/accept_weak/taco_01476_Tissues_deef4ff7.jpg,,accept_weak,accept,weak_accept_category,Tissues,Glass bottle|Tissues,accept,0.605618,0.605618,0.394382,reject,True
images/reject_weak/taco_01477_Plastic_bottle_cap_5c9d43e2.jpg,,reject_weak,reject,weak_reject_category,Plastic bottle cap,Plastic bottle cap,accept,0.578541,0.578541,0.421459,reject,False
images/accept_weak/taco_01478_Single-use_carrier_bag_07f68bad.jpg,,accept_weak,accept,weak_accept_category,Single-use carrier bag,Single-use carrier bag|Cigarette,accept,0.900645,0.900645,0.099355,accept,True
images/reject_weak/taco_01479_Plastic_bottle_cap_281536c1.jpg,,reject_weak,reject,weak_reject_category,Plastic bottle cap,Plastic bottle cap|Clear plastic bottle,accept,0.605699,0.605699,0.394301,reject,False
images/accept_weak/taco_01480_Cigarette_f848045a.jpg,,accept_weak,accept,weak_accept_category,Cigarette,Aluminium foil|Cigarette|Plastic film|Metal bottle cap|Unlabeled litter,accept,0.743903,0.743903,0.256097,reject,True
images/accept_weak/taco_01481_Other_plastic_wrapper_a7a8ae5d.jpg,,accept_weak,accept,weak_accept_category,Other plastic wrapper,Other plastic|Other plastic wrapper,accept,0.594180,0.594180,0.405820,reject,True
images/accept_weak/taco_01482_Other_plastic_wrapper_9c6ebd38.jpg,,accept_weak,accept,weak_accept_category,Other plastic wrapper,Other plastic wrapper,accept,0.697699,0.697699,0.302301,reject,True
images/reject_weak/taco_01483_Drink_can_00b086c7.jpg,,reject_weak,reject,weak_reject_category,Drink can,Drink can,reject,0.978190,0.021810,0.978190,reject,True
images/accept_weak/taco_01484_Styrofoam_piece_e0145018.jpg,,accept_weak,accept,weak_accept_category,Styrofoam piece,Clear plastic bottle|Plastic bottle cap|Other carton|Unlabeled litter|Scrap metal|Styrofoam piece|Aluminium foil,accept,0.657048,0.657048,0.342952,reject,True
images/accept_weak/taco_01485_Cigarette_81b2987a.jpg,,accept_weak,accept,weak_accept_category,Cigarette,Cigarette|Other carton,accept,0.750176,0.750176,0.249824,reject,True
images/accept_weak/taco_01486_Other_plastic_wrapper_4f8a045f.jpg,,accept_weak,accept,weak_accept_category,Other plastic wrapper,Other carton|Other plastic wrapper|Cigarette,accept,0.905570,0.905570,0.094430,accept,True
images/accept_weak/taco_01487_Tissues_fa1dbc6d.jpg,,accept_weak,accept,weak_accept_category,Tissues,Other plastic|Aluminium foil|Tissues,reject,0.613131,0.386869,0.613131,reject,False
images/accept_weak/taco_01488_Tissues_724e192e.jpg,,accept_weak,accept,weak_accept_category,Tissues,Corrugated carton|Normal paper|Tissues|Unlabeled litter|Plastic lid|Cigarette|Metal bottle cap,accept,0.872117,0.872117,0.127883,accept,True
images/reject_weak/taco_01489_Other_plastic_bottle_59964307.jpg,,reject_weak,reject,weak_reject_category,Other plastic bottle,Other plastic bottle|Unlabeled litter,accept,0.585729,0.585729,0.414271,reject,False
images/accept_weak/taco_01490_Plastic_film_fd29d235.jpg,,accept_weak,accept,weak_accept_category,Plastic film,Drink can|Plastic film|Unlabeled litter|Clear plastic bottle|Plastic bottle cap,accept,0.660619,0.660619,0.339381,reject,True
images/reject_weak/taco_01491_Clear_plastic_bottle_fd752c93.jpg,,reject_weak,reject,weak_reject_category,Clear plastic bottle,Clear plastic bottle,accept,0.622120,0.622120,0.377880,reject,False
images/reject_weak/taco_01492_Clear_plastic_bottle_c329b046.jpg,,reject_weak,reject,weak_reject_category,Clear plastic bottle,Clear plastic bottle,reject,0.686078,0.313922,0.686078,reject,True
images/reject_weak/taco_01493_Glass_bottle_f6910640.jpg,,reject_weak,reject,weak_reject_category,Glass bottle,Glass bottle|Other plastic bottle|Plastic bottle cap,accept,0.671046,0.671046,0.328954,reject,False
images/accept_weak/taco_01494_Plastic_film_7dc93b08.jpg,,accept_weak,accept,weak_accept_category,Plastic film,Clear plastic bottle|Plastic film|Glass bottle,reject,0.603413,0.396587,0.603413,reject,False
images/accept_weak/taco_01495_Other_plastic_wrapper_ea08fda9.jpg,,accept_weak,accept,weak_accept_category,Other plastic wrapper,Drink carton|Plastic straw|Unlabeled litter|Other plastic wrapper,reject,0.930744,0.069256,0.930744,reject,False
images/reject_weak/taco_01496_Plastic_straw_8c4b5d9b.jpg,,reject_weak,reject,weak_reject_category,Plastic straw,Plastic straw,accept,0.685824,0.685824,0.314176,reject,False
images/reject_weak/taco_01497_Glass_bottle_a19d3e3d.jpg,,reject_weak,reject,weak_reject_category,Glass bottle,Glass bottle|Metal bottle cap,accept,0.582754,0.582754,0.417246,reject,False
images/reject_weak/taco_01498_Drink_carton_e979ce6c.jpg,,reject_weak,reject,weak_reject_category,Drink carton,Drink carton|Plastic bottle cap,reject,0.833797,0.166203,0.833797,reject,True
images/accept_weak/taco_01499_Other_plastic_wrapper_75de91f1.jpg,,accept_weak,accept,weak_accept_category,Other plastic wrapper,Other plastic wrapper|Other carton|Glass bottle,accept,0.686725,0.686725,0.313275,reject,True
