local_path,split,label_hint,eval_label,eval_label_strength,dominant_category,all_categories,pred_class,confidence,accept_prob,reject_prob,gate_action,weak_label_match
images/reject_weak/taco_00000_Glass_bottle_5e600256.jpg,,reject_weak,reject,weak_reject_category,Glass bottle,Glass bottle,reject,0.951045,0.048955,0.951045,reject,True
images/reject_weak/taco_00001_Meal_carton_607d7928.jpg,,reject_weak,reject,weak_reject_category,Meal carton,Meal carton|Other carton,reject,0.986374,0.013626,0.986374,reject,True
images/reject_weak/taco_00002_Clear_plastic_bottle_b4e51370.jpg,,reject_weak,reject,weak_reject_category,Clear plastic bottle,Clear plastic bottle|Plastic bottle cap,reject,0.938803,0.061197,0.938803,reject,True
images/reject_weak/taco_00003_Clear_plastic_bottle_2d11562c.jpg,,reject_weak,reject,weak_reject_category,Clear plastic bottle,Clear plastic bottle|Plastic bottle cap|Drink can,accept,0.733240,0.733240,0.266760,reject,False
images/reject_weak/taco_00004_Drink_can_0acc8519.jpg,,reject_weak,reject,weak_reject_category,Drink can,Drink can,reject,0.941929,0.058071,0.941929,reject,True
images/reject_weak/taco_00005_Food_Can_21593e35.jpg,,reject_weak,reject,weak_reject_category,Food Can,Food Can|Other plastic bottle|Plastic bottle cap|Pop tab,reject,0.999374,0.000626,0.999374,reject,True
images/reject_weak/taco_00006_Aerosol_d5272d73.jpg,,reject_weak,reject,weak_reject_category,Aerosol,Aerosol,reject,0.999720,0.000280,0.999720,reject,True
images/reject_weak/taco_00007_Clear_plastic_bottle_13c98895.jpg,,reject_weak,reject,weak_reject_category,Clear plastic bottle,Clear plastic bottle|Plastic bottle cap,reject,0.775979,0.224021,0.775979,reject,True
images/reject_weak/taco_00008_Clear_plastic_bottle_2ec94819.jpg,,reject_weak,reject,weak_reject_category,Clear plastic bottle,Clear plastic bottle,accept,0.850624,0.850624,0.149376,accept,False
images/reject_weak/taco_00009_Food_Can_72309f9a.jpg,,reject_weak,reject,weak_reject_category,Food Can,Food Can|Glass cup|Pop tab,reject,0.993194,0.006806,0.993194,reject,True
images/accept_weak/taco_00010_Other_plastic_wrapper_f25aac4c.jpg,,accept_weak,accept,weak_accept_category,Other plastic wrapper,Glass bottle|Other plastic wrapper,accept,0.975356,0.975356,0.024644,accept,True
images/accept_weak/taco_00011_Styrofoam_piece_64f00c2c.jpg,,accept_weak,accept,weak_accept_category,Styrofoam piece,Styrofoam piece|Drink can|Plastic film|Other carton|Other plastic,accept,0.594994,0.594994,0.405006,reject,True
images/reject_weak/taco_00012_Other_plastic_bottle_acae0878.jpg,,reject_weak,reject,weak_reject_category,Other plastic bottle,Other plastic bottle|Clear plastic bottle|Glass bottle|Drink carton|Plastic bottle cap|Metal bottle cap,reject,0.993677,0.006323,0.993677,reject,True
images/accept_weak/taco_00013_Plastic_film_b37220fc.jpg,,accept_weak,accept,weak_accept_category,Plastic film,Clear plastic bottle|Plastic bottle cap|Plastic film|Disposable food container,reject,0.831086,0.168914,0.831086,reject,False
images/reject_weak/taco_00014_Other_plastic_bottle_8f340bb6.jpg,,reject_weak,reject,weak_reject_category,Other plastic bottle,Other plastic bottle,reject,0.999628,0.000372,0.999628,reject,True
images/reject_weak/taco_00015_Other_plastic_bottle_b95ce2fe.jpg,,reject_weak,reject,weak_reject_category,Other plastic bottle,Other plastic bottle|Plastic bottle cap,reject,0.974979,0.025021,0.974979,reject,True
images/reject_weak/taco_00016_Aerosol_ad15261b.jpg,,reject_weak,reject,weak_reject_category,Aerosol,Aerosol|Normal paper,reject,0.903291,0.096709,0.903291,reject,True
images/reject_weak/taco_00017_Paper_cup_8c1bde81.jpg,,reject_weak,reject,weak_reject_category,Paper cup,Paper cup,accept,0.970697,0.970697,0.029303,accept,False
images/reject_weak/taco_00018_Drink_can_2ee92ad2.jpg,,reject_weak,reject,weak_reject_category,Drink can,Drink can,accept,0.869971,0.869971,0.130029,accept,False
images/reject_weak/taco_00019_Drink_can_86a1bab2.jpg,,reject_weak,reject,weak_reject_category,Drink can,Drink can|Pop tab,reject,0.574665,0.425335,0.574665,reject,True
images/reject_weak/taco_00020_Food_Can_24bc0222.jpg,,reject_weak,reject,weak_reject_category,Food Can,Food Can|Pop tab,reject,0.995574,0.004426,0.995574,reject,True
images/reject_weak/taco_00021_Food_Can_6a60e8ee.jpg,,reject_weak,reject,weak_reject_category,Food Can,Food Can|Pop tab,reject,0.999998,0.000002,0.999998,reject,True
images/reject_weak/taco_00022_Drink_can_bb8d4e60.jpg,,reject_weak,reject,weak_reject_category,Drink can,Drink can|Pop tab,reject,0.992881,0.007119,0.992881,reject,True
images/reject_weak/taco_00023_Aerosol_d8ceb03f.jpg,,reject_weak,reject,weak_reject_category,Aerosol,Aerosol|Other plastic bottle|Plastic bottle cap,reject,0.999378,0.000622,0.999378,reject,True
images/reject_weak/taco_00024_Aerosol_7deb7cd2.jpg,,reject_weak,reject,weak_reject_category,Aerosol,Aerosol,reject,0.958388,0.041612,0.958388,reject,True
images/accept_weak/taco_00025_Other_plastic_wrapper_0cbf168a.jpg,,accept_weak,accept,weak_accept_category,Other plastic wrapper,Glass bottle|Other plastic wrapper,accept,0.502749,0.502749,0.497251,reject,True
images/accept_weak/taco_00026_Other_plastic_wrapper_42f17c1f.jpg,,accept_weak,accept,weak_accept_category,Other plastic wrapper,Glass bottle|Other plastic wrapper,reject,0.692563,0.307437,0.692563,reject,False
images/reject_weak/taco_00027_Clear_plastic_bottle_ac5a2bf9.jpg,,reject_weak,reject,weak_reject_category,Clear plastic bottle,Clear plastic bottle|Drink can|Pop tab|Plastic bottle cap,reject,0.753048,0.246952,0.753048,reject,True
images/reject_weak/taco_00028_Drink_can_9fdba6dc.jpg,,reject_weak,reject,weak_reject_category,Drink can,Drink can|Clear plastic bottle,reject,0.648707,0.351293,0.648707,reject,True
images/reject_weak/taco_00029_Drink_can_a9207c56.jpg,,reject_weak,reject,weak_reject_category,Drink can,Drink can,reject,0.779649,0.220351,0.779649,reject,True
images/accept_weak/taco_00030_Disposable_food_container_f2a1c540.jpg,,accept_weak,accept,weak_accept_category,Disposable food container,Disposable food container|Cigarette,accept,0.812769,0.812769,0.187231,accept,True
images/reject_weak/taco_00031_Drink_can_80d91479.jpg,,reject_weak,reject,weak_reject_category,Drink can,Drink can,accept,0.591276,0.591276,0.408724,reject,False
images/reject_weak/taco_00032_Drink_can_cdbec646.jpg,,reject_weak,reject,weak_reject_category,Drink can,Drink can,reject,0.649730,0.350270,0.649730,reject,True
images/reject_weak/taco_00033_Food_Can_194a86a7.jpg,,reject_weak,reject,weak_reject_category,Food Can,Food Can|Pop tab,reject,0.997097,0.002903,0.997097,reject,True
images/accept_weak/taco_00034_Single-use_carrier_bag_2c538ead.jpg,,accept_weak,accept,weak_accept_category,Single-use carrier bag,Drink can|Single-use carrier bag,reject,0.901515,0.098484,0.901515,reject,False
images/accept_weak/taco_00035_Tissues_362ce883.jpg,,accept_weak,accept,weak_accept_category,Tissues,Aerosol|Normal paper|Tissues|Toilet tube,reject,0.995031,0.004969,0.995031,reject,False
images/reject_weak/taco_00036_Clear_plastic_bottle_c4df50d9.jpg,,reject_weak,reject,weak_reject_category,Clear plastic bottle,Clear plastic bottle,reject,0.943256,0.056744,0.943256,reject,True
images/reject_weak/taco_00037_Glass_bottle_aeb3bdb7.jpg,,reject_weak,reject,weak_reject_category,Glass bottle,Glass bottle,accept,0.915366,0.915366,0.084634,accept,False
images/accept_weak/taco_00038_Plastic_film_2a3bbdcd.jpg,,accept_weak,accept,weak_accept_category,Plastic film,Plastic film|Crisp packet,accept,0.915024,0.915024,0.084976,accept,True
images/reject_weak/taco_00039_Glass_bottle_e8e50576.jpg,,reject_weak,reject,weak_reject_category,Glass bottle,Glass bottle,reject,0.735042,0.264958,0.735042,reject,True
images/reject_weak/taco_00040_Glass_bottle_9f235a83.jpg,,reject_weak,reject,weak_reject_category,Glass bottle,Glass bottle,accept,0.639862,0.639862,0.360138,reject,False
images/reject_weak/taco_00041_Drink_can_0d800339.jpg,,reject_weak,reject,weak_reject_category,Drink can,Drink can|Pop tab|Normal paper,reject,0.722929,0.277071,0.722929,reject,True
images/reject_weak/taco_00042_Drink_can_a2887150.jpg,,reject_weak,reject,weak_reject_category,Drink can,Drink can,reject,0.687412,0.312588,0.687412,reject,True
images/reject_weak/taco_00043_Other_plastic_bottle_c1d03c6c.jpg,,reject_weak,reject,weak_reject_category,Other plastic bottle,Other plastic bottle|Glass cup,reject,0.998338,0.001662,0.998338,reject,True
images/reject_weak/taco_00044_Food_Can_128aae8f.jpg,,reject_weak,reject,weak_reject_category,Food Can,Food Can|Pop tab,reject,0.987087,0.012913,0.987087,reject,True
images/reject_weak/taco_00045_Food_Can_4b84c54b.jpg,,reject_weak,reject,weak_reject_category,Food Can,Food Can,reject,0.998906,0.001094,0.998906,reject,True
images/reject_weak/taco_00046_Food_Can_767ef223.jpg,,reject_weak,reject,weak_reject_category,Food Can,Food Can|Pop tab,reject,0.926888,0.073112,0.926888,reject,True
images/reject_weak/taco_00047_Plastic_lid_8647eb70.jpg,,reject_weak,reject,weak_reject_category,Plastic lid,Plastic lid|Metal lid|Egg carton,reject,0.999963,0.000037,0.999963,reject,True
images/reject_weak/taco_00048_Egg_carton_455f715b.jpg,,reject_weak,reject,weak_reject_category,Egg carton,Egg carton,accept,0.551422,0.551422,0.448578,reject,False
images/reject_weak/taco_00049_Egg_carton_63e49dbc.jpg,,reject_weak,reject,weak_reject_category,Egg carton,Egg carton,reject,0.900987,0.099013,0.900987,reject,True
images/accept_weak/taco_00050_Cigarette_827ad755.jpg,,accept_weak,accept,weak_accept_category,Cigarette,Plastic straw|Cigarette,accept,0.899405,0.899405,0.100595,accept,True
images/reject_weak/taco_00051_Drink_can_fa3606f3.jpg,,reject_weak,reject,weak_reject_category,Drink can,Drink can,accept,0.946730,0.946730,0.053270,accept,False
images/reject_weak/taco_00052_Drink_can_e9327a60.jpg,,reject_weak,reject,weak_reject_category,Drink can,Drink can,accept,0.735627,0.735627,0.264373,reject,False
images/reject_weak/taco_00053_Other_carton_48d7c97e.jpg,,reject_weak,reject,weak_reject_category,Other carton,Other carton,accept,0.818092,0.818092,0.181908,accept,False
images/accept_weak/taco_00054_Crisp_packet_ca8da98c.jpg,,accept_weak,accept,weak_accept_category,Crisp packet,Crisp packet|Normal paper|Cigarette,accept,0.700844,0.700844,0.299156,reject,True
images/reject_weak/taco_00055_Drink_can_cbed140f.jpg,,reject_weak,reject,weak_reject_category,Drink can,Drink can,reject,0.709211,0.290789,0.709211,reject,True
images/accept_weak/taco_00056_Cigarette_6e4b6816.jpg,,accept_weak,accept,weak_accept_category,Cigarette,Paper cup|Cigarette,reject,0.705201,0.294799,0.705201,reject,False
images/accept_weak/taco_00057_Cigarette_cba6c284.jpg,,accept_weak,accept,weak_accept_category,Cigarette,Plastic straw|Cigarette,reject,0.802877,0.197123,0.802877,reject,False
images/reject_weak/taco_00058_Paper_bag_e2b1c057.jpg,,reject_weak,reject,weak_reject_category,Paper bag,Paper bag,reject,0.823153,0.176847,0.823153,reject,True
images/reject_weak/taco_00059_Paper_bag_9f37daa0.jpg,,reject_weak,reject,weak_reject_category,Paper bag,Paper bag,reject,0.960351,0.039649,0.960351,reject,True
images/accept_weak/taco_00060_Cigarette_808f9f41.jpg,,accept_weak,accept,weak_accept_category,Cigarette,Clear plastic bottle|Plastic bottle cap|Cigarette,reject,0.570360,0.429640,0.570360,reject,False
images/accept_weak/taco_00061_Crisp_packet_8654a8db.jpg,,accept_weak,accept,weak_accept_category,Crisp packet,Crisp packet,reject,0.781007,0.218993,0.781007,reject,False
images/reject_weak/taco_00062_Paper_cup_b70ff0a3.jpg,,reject_weak,reject,weak_reject_category,Paper cup,Paper cup|Plastic lid,reject,0.981755,0.018245,0.981755,reject,True
images/reject_weak/taco_00063_Disposable_plastic_cup_5fbcee6a.jpg,,reject_weak,reject,weak_reject_category,Disposable plastic cup,Disposable plastic cup|Plastic lid|Drink can,reject,0.907960,0.092040,0.907960,reject,True
images/accept_weak/taco_00064_Cigarette_5d338456.jpg,,accept_weak,accept,weak_accept_category,Cigarette,Plastic straw|Broken glass|Cigarette,reject,0.819613,0.180387,0.819613,reject,False
images/accept_weak/taco_00065_Plastic_utensils_9d6bc2b1.jpg,,accept_weak,accept,weak_accept_category,Plastic utensils,Plastic utensils|Cigarette,reject,0.871674,0.128326,0.871674,reject,False
images/accept_weak/taco_00066_Cigarette_8b2f61d8.jpg,,accept_weak,accept,weak_accept_category,Cigarette,Paper bag|Cigarette,accept,0.537730,0.537730,0.462270,reject,True
images/accept_weak/taco_00067_Tissues_989d3a10.jpg,,accept_weak,accept,weak_accept_category,Tissues,Food Can|Glass jar|Metal lid|Tissues,reject,0.999995,0.000005,0.999995,reject,False
images/reject_weak/taco_00068_Food_Can_5e06f5de.jpg,,reject_weak,reject,weak_reject_category,Food Can,Food Can|Food waste,reject,0.999937,0.000063,0.999937,reject,True
images/reject_weak/taco_00069_Metal_bottle_cap_63a61735.jpg,,reject_weak,reject,weak_reject_category,Metal bottle cap,Squeezable tube|Metal bottle cap,reject,0.999943,0.000057,0.999943,reject,True
images/accept_weak/taco_00070_Other_plastic_wrapper_f1c60c66.jpg,,accept_weak,accept,weak_accept_category,Other plastic wrapper,Other carton|Spread tub|Other plastic wrapper,accept,0.777225,0.777225,0.222775,accept,True
images/reject_weak/taco_00071_Spread_tub_70d283da.jpg,,reject_weak,reject,weak_reject_category,Spread tub,Spread tub,reject,0.951606,0.048394,0.951606,reject,True
images/accept_weak/taco_00072_Plastic_film_7db8dcc3.jpg,,accept_weak,accept,weak_accept_category,Plastic film,Plastic film|Food waste,reject,0.932892,0.067108,0.932892,reject,False
images/accept_weak/taco_00073_Single-use_carrier_bag_d3cc4a34.jpg,,accept_weak,accept,weak_accept_category,Single-use carrier bag,Single-use carrier bag|Shoe,reject,0.993454,0.006546,0.993454,reject,False
images/accept_weak/taco_00074_Garbage_bag_cc5dec47.jpg,,accept_weak,accept,weak_accept_category,Garbage bag,Garbage bag,reject,0.746990,0.253010,0.746990,reject,False
images/accept_weak/taco_00075_Other_plastic_wrapper_bb64b0b7.jpg,,accept_weak,accept,weak_accept_category,Other plastic wrapper,Drink can|Clear plastic bottle|Pop tab|Other plastic wrapper|Plastic film|Aluminium foil|Normal paper|Plastic bottle cap,accept,0.778725,0.778725,0.221275,accept,True
images/accept_weak/taco_00076_Other_plastic_wrapper_9e2bddf6.jpg,,accept_weak,accept,weak_accept_category,Other plastic wrapper,Clear plastic bottle|Other plastic wrapper|Metal bottle cap|Plastic bottle cap|Pop tab,accept,0.755849,0.755849,0.244151,reject,True
images/reject_weak/taco_00077_Plastic_lid_c9c2a8cc.jpg,,reject_weak,reject,weak_reject_category,Plastic lid,Six pack rings|Plastic lid,accept,0.732438,0.732438,0.267562,reject,False
images/reject_weak/taco_00080_Paper_straw_1384911c.jpg,,reject_weak,reject,weak_reject_category,Paper straw,Paper straw|Glass cup,reject,0.745151,0.254849,0.745151,reject,True
images/reject_weak/taco_00081_Corrugated_carton_cdff2416.jpg,,reject_weak,reject,weak_reject_category,Corrugated carton,Corrugated carton|Food waste|Unlabeled litter,reject,0.995691,0.004309,0.995691,reject,True
images/reject_weak/taco_00082_Battery_f0fee36f.jpg,,reject_weak,reject,weak_reject_category,Battery,Aluminium blister pack|Battery|Aerosol|Plastic bottle cap|Squeezable tube,reject,0.945566,0.054434,0.945566,reject,True
images/accept_weak/taco_00083_Plastic_film_71e6f5bf.jpg,,accept_weak,accept,weak_accept_category,Plastic film,Plastic film,reject,0.808547,0.191453,0.808547,reject,False
images/reject_weak/taco_00084_Other_plastic_bottle_29d6819f.jpg,,reject_weak,reject,weak_reject_category,Other plastic bottle,Toilet tube|Other plastic bottle|Plastic bottle cap,reject,0.999997,0.000003,0.999997,reject,True
images/accept_weak/taco_00085_Garbage_bag_c9e1348c.jpg,,accept_weak,accept,weak_accept_category,Garbage bag,Drink can|Garbage bag|Pop tab,reject,0.898283,0.101717,0.898283,reject,False
images/accept_weak/taco_00086_Cigarette_f8b561a2.jpg,,accept_weak,accept,weak_accept_category,Cigarette,Rope & strings|Cigarette,accept,0.991496,0.991496,0.008504,accept,True
images/accept_weak/taco_00087_Other_plastic_wrapper_d115c481.jpg,,accept_weak,accept,weak_accept_category,Other plastic wrapper,Other plastic wrapper|Drink can,accept,0.628354,0.628354,0.371645,reject,True
images/accept_weak/taco_00088_Disposable_food_container_d321cd85.jpg,,accept_weak,accept,weak_accept_category,Disposable food container,Drink can|Disposable food container,accept,0.960134,0.960134,0.039866,accept,True
images/accept_weak/taco_00089_Disposable_food_container_84dd2e5e.jpg,,accept_weak,accept,weak_accept_category,Disposable food container,Meal carton|Clear plastic bottle|Plastic bottle cap|Drink can|Disposable food container|Normal paper|Unlabeled litter|Cigarette,reject,0.565476,0.434524,0.565476,reject,False
images/reject_weak/taco_00090_Paper_cup_baf705f6.jpg,,reject_weak,reject,weak_reject_category,Paper cup,Paper cup|Plastic lid|Unlabeled litter|Normal paper,reject,0.817345,0.182655,0.817345,reject,True
images/accept_weak/taco_00091_Crisp_packet_d7325183.jpg,,accept_weak,accept,weak_accept_category,Crisp packet,Crisp packet,accept,0.933264,0.933264,0.066736,accept,True
images/reject_weak/taco_00092_Food_waste_ad38ae83.jpg,,reject_weak,reject,weak_reject_category,Food waste,Food waste,accept,0.981001,0.981001,0.018999,accept,False
images/accept_weak/taco_00093_Plastic_film_bfca95b3.jpg,,accept_weak,accept,weak_accept_category,Plastic film,Plastic film|Cigarette,reject,0.526459,0.473541,0.526459,reject,False
images/reject_weak/taco_00094_Plastic_bottle_cap_9f441503.jpg,,reject_weak,reject,weak_reject_category,Plastic bottle cap,Plastic bottle cap|Metal bottle cap,accept,0.983173,0.983173,0.016827,accept,False
images/reject_weak/taco_00095_Metal_bottle_cap_832de290.jpg,,reject_weak,reject,weak_reject_category,Metal bottle cap,Metal bottle cap,accept,0.976286,0.976286,0.023714,accept,False
images/reject_weak/taco_00096_Drink_can_83ec39dc.jpg,,reject_weak,reject,weak_reject_category,Drink can,Drink can,accept,0.975470,0.975470,0.024530,accept,False
images/accept_weak/taco_00097_Styrofoam_piece_a67345e5.jpg,,accept_weak,accept,weak_accept_category,Styrofoam piece,Styrofoam piece|Aluminium foil,reject,0.999679,0.000321,0.999679,reject,False
images/accept_weak/taco_00098_Plastic_film_b0b773ca.jpg,,accept_weak,accept,weak_accept_category,Plastic film,Food Can|Plastic film|Garbage bag|Other carton|Disposable food container|Spread tub|Tissues,reject,0.848275,0.151725,0.848275,reject,False
images/accept_weak/taco_00099_Plastic_film_58ff63f7.jpg,,accept_weak,accept,weak_accept_category,Plastic film,Other carton|Drink carton|Drink can|Food Can|Toilet tube|Pop tab|Other plastic bottle|Plastic bottle cap|Plastic film|Aluminium foil,reject,0.988530,0.011470,0.988530,reject,False
images/reject_weak/taco_00100_Corrugated_carton_0c15c118.jpg,,reject_weak,reject,weak_reject_category,Corrugated carton,Corrugated carton|Food Can|Drink carton|Other carton|Egg carton,reject,0.992784,0.007216,0.992784,reject,True
images/reject_weak/taco_00101_Clear_plastic_bottle_ab5ac83a.jpg,,reject_weak,reject,weak_reject_category,Clear plastic bottle,Clear plastic bottle,accept,0.954004,0.954004,0.045996,accept,False
images/reject_weak/taco_00102_Other_plastic_bottle_57825ca5.jpg,,reject_weak,reject,weak_reject_category,Other plastic bottle,Other plastic bottle|Plastic bottle cap|Unlabeled litter|Squeezable tube|Clear plastic bottle,accept,0.841499,0.841499,0.158501,accept,False
images/accept_weak/taco_00103_Plastic_film_d7b411aa.jpg,,accept_weak,accept,weak_accept_category,Plastic film,Unlabeled litter|Other plastic|Clear plastic bottle|Plastic bottle cap|Plastic film,accept,0.705830,0.705830,0.294170,reject,True
images/accept_weak/taco_00104_Plastic_film_76a2f4d7.jpg,,accept_weak,accept,weak_accept_category,Plastic film,Plastic film|Clear plastic bottle|Other plastic wrapper|Disposable plastic cup|Unlabeled litter|Single-use carrier bag,accept,0.863275,0.863275,0.136725,accept,True
images/accept_weak/taco_00105_Single-use_carrier_bag_a2dcc089.jpg,,accept_weak,accept,weak_accept_category,Single-use carrier bag,Single-use carrier bag|Plastic film|Unlabeled litter,accept,0.792121,0.792121,0.207879,accept,True
images/accept_weak/taco_00106_Disposable_food_container_d418d7ec.jpg,,accept_weak,accept,weak_accept_category,Disposable food container,Other plastic container|Disposable food container|Plastic film|Clear plastic bottle|Other plastic wrapper|Other plastic|Unlabeled litter,accept,0.928419,0.928419,0.071581,accept,True
images/accept_weak/taco_00107_Single-use_carrier_bag_37cb96e9.jpg,,accept_weak,accept,weak_accept_category,Single-use carrier bag,Single-use carrier bag|Other plastic|Unlabeled litter,accept,0.962749,0.962749,0.037251,accept,True
images/reject_weak/taco_00108_Other_plastic_container_c973320a.jpg,,reject_weak,reject,weak_reject_category,Other plastic container,Other plastic container|Unlabeled litter,accept,0.888295,0.888295,0.111705,accept,False
images/accept_weak/taco_00109_Plastic_film_ef080cf9.jpg,,accept_weak,accept,weak_accept_category,Plastic film,Plastic film,accept,0.942832,0.942832,0.057168,accept,True
images/accept_weak/taco_00110_Single-use_carrier_bag_7c96d60b.jpg,,accept_weak,accept,weak_accept_category,Single-use carrier bag,Single-use carrier bag|Unlabeled litter,accept,0.593329,0.593329,0.406671,reject,True
images/reject_weak/taco_00111_Clear_plastic_bottle_f25693eb.jpg,,reject_weak,reject,weak_reject_category,Clear plastic bottle,Unlabeled litter|Clear plastic bottle,reject,0.607641,0.392359,0.607641,reject,True
images/accept_weak/taco_00112_Crisp_packet_1f0079a2.jpg,,accept_weak,accept,weak_accept_category,Crisp packet,Glass bottle|Crisp packet|Metal bottle cap|Glass cup|Tissues|Plastic film,reject,0.849953,0.150047,0.849953,reject,False
images/reject_weak/taco_00113_Clear_plastic_bottle_a8f21f35.jpg,,reject_weak,reject,weak_reject_category,Clear plastic bottle,Clear plastic bottle,reject,0.535044,0.464956,0.535044,reject,True
images/reject_weak/taco_00114_Glass_bottle_6f524061.jpg,,reject_weak,reject,weak_reject_category,Glass bottle,Glass bottle,accept,0.873538,0.873538,0.126462,accept,False
images/accept_weak/taco_00115_Tissues_3da7d936.jpg,,accept_weak,accept,weak_accept_category,Tissues,Glass bottle|Tissues,reject,0.734210,0.265790,0.734210,reject,False
images/reject_weak/taco_00116_Drink_can_b025ca09.jpg,,reject_weak,reject,weak_reject_category,Drink can,Drink can|Glass bottle|Clear plastic bottle|Unlabeled litter,accept,0.771371,0.771371,0.228629,accept,False
images/accept_weak/taco_00117_Plastic_film_682fa3de.jpg,,accept_weak,accept,weak_accept_category,Plastic film,Plastic film,reject,0.621605,0.378395,0.621605,reject,False
images/reject_weak/taco_00119_Aluminium_foil_1a6ff48e.jpg,,reject_weak,reject,weak_reject_category,Aluminium foil,Aluminium foil,accept,0.865610,0.865610,0.134390,accept,False
images/reject_weak/taco_00120_Normal_paper_c85a0acf.jpg,,reject_weak,reject,weak_reject_category,Normal paper,Normal paper,accept,0.893317,0.893317,0.106683,accept,False
images/accept_weak/taco_00121_Plastic_film_45983dbb.jpg,,accept_weak,accept,weak_accept_category,Plastic film,Plastic film|Cigarette,accept,0.941316,0.941316,0.058684,accept,True
images/accept_weak/taco_00122_Cigarette_2b36f456.jpg,,accept_weak,accept,weak_accept_category,Cigarette,Glass bottle|Cigarette,reject,0.689365,0.310635,0.689365,reject,False
images/accept_weak/taco_00123_Plastic_film_58f9ca97.jpg,,accept_weak,accept,weak_accept_category,Plastic film,Plastic film|Cigarette|Other plastic wrapper,reject,0.855905,0.144095,0.855905,reject,False
images/reject_weak/taco_00124_Clear_plastic_bottle_c60d33a6.jpg,,reject_weak,reject,weak_reject_category,Clear plastic bottle,Clear plastic bottle,reject,0.996244,0.003756,0.996244,reject,True
images/reject_weak/taco_00126_Drink_can_f2c08397.jpg,,reject_weak,reject,weak_reject_category,Drink can,Drink can,accept,0.989681,0.989681,0.010319,accept,False
images/reject_weak/taco_00127_Egg_carton_f8fb4e27.jpg,,reject_weak,reject,weak_reject_category,Egg carton,Egg carton|Polypropylene bag,reject,0.969240,0.030760,0.969240,reject,True
images/accept_weak/taco_00128_Cigarette_095e854a.jpg,,accept_weak,accept,weak_accept_category,Cigarette,Drink carton|Plastic straw|Cigarette|Other plastic,reject,0.987164,0.012836,0.987164,reject,False
images/reject_weak/taco_00129_Other_plastic_e4dfffcb.jpg,,reject_weak,reject,weak_reject_category,Other plastic,Other plastic,reject,0.886718,0.113282,0.886718,reject,True
images/reject_weak/taco_00130_Clear_plastic_bottle_bb90c754.jpg,,reject_weak,reject,weak_reject_category,Clear plastic bottle,Clear plastic bottle|Scrap metal,reject,0.970113,0.029887,0.970113,reject,True
images/reject_weak/taco_00131_Corrugated_carton_8a9e0077.jpg,,reject_weak,reject,weak_reject_category,Corrugated carton,Corrugated carton,reject,0.544265,0.455735,0.544265,reject,True
images/accept_weak/taco_00132_Cigarette_71b98f73.jpg,,accept_weak,accept,weak_accept_category,Cigarette,Corrugated carton|Cigarette,reject,0.692340,0.307660,0.692340,reject,False
images/accept_weak/taco_00133_Other_plastic_wrapper_ee43a88c.jpg,,accept_weak,accept,weak_accept_category,Other plastic wrapper,Other plastic wrapper,reject,0.862124,0.137876,0.862124,reject,False
images/reject_weak/taco_00134_Plastic_straw_919845e6.jpg,,reject_weak,reject,weak_reject_category,Plastic straw,Plastic straw|Unlabeled litter,reject,0.819001,0.180999,0.819001,reject,True
images/accept_weak/taco_00135_Cigarette_cf339392.jpg,,accept_weak,accept,weak_accept_category,Cigarette,Normal paper|Drink can|Cigarette|Unlabeled litter|Other plastic wrapper,reject,0.589610,0.410390,0.589610,reject,False
images/accept_weak/taco_00136_Tissues_9622027d.jpg,,accept_weak,accept,weak_accept_category,Tissues,Drink can|Pop tab|Tissues|Cigarette|Normal paper|Plastic film,accept,0.955709,0.955709,0.044291,accept,True
images/accept_weak/taco_00137_Cigarette_a9ea7463.jpg,,accept_weak,accept,weak_accept_category,Cigarette,Other carton|Cigarette|Unlabeled litter,accept,0.765592,0.765592,0.234408,accept,True
images/accept_weak/taco_00138_Cigarette_bcdcd744.jpg,,accept_weak,accept,weak_accept_category,Cigarette,Other carton|Cigarette,accept,0.805812,0.805812,0.194188,accept,True
images/reject_weak/taco_00139_Normal_paper_b4ead943.jpg,,reject_weak,reject,weak_reject_category,Normal paper,Normal paper|Magazine paper|Drink carton|Unlabeled litter,reject,0.985101,0.014899,0.985101,reject,True
images/reject_weak/taco_00140_Plastic_bottle_cap_11a437ab.jpg,,reject_weak,reject,weak_reject_category,Plastic bottle cap,Plastic bottle cap,accept,0.997197,0.997197,0.002803,accept,False
images/accept_weak/taco_00141_Plastic_film_003024d8.jpg,,accept_weak,accept,weak_accept_category,Plastic film,Unlabeled litter|Plastic film,reject,0.644471,0.355529,0.644471,reject,False
images/accept_weak/taco_00142_Cigarette_3de390a5.jpg,,accept_weak,accept,weak_accept_category,Cigarette,Cigarette|Plastic film,reject,0.615153,0.384847,0.615153,reject,False
images/accept_weak/taco_00143_Plastic_film_52cf78bd.jpg,,accept_weak,accept,weak_accept_category,Plastic film,Plastic film|Other plastic wrapper,reject,0.807323,0.192677,0.807323,reject,False
images/accept_weak/taco_00144_Cigarette_80358e2a.jpg,,accept_weak,accept,weak_accept_category,Cigarette,Cigarette|Plastic film,reject,0.729492,0.270508,0.729492,reject,False
images/reject_weak/taco_00145_Plastic_straw_b1a4df37.jpg,,reject_weak,reject,weak_reject_category,Plastic straw,Plastic straw,reject,0.946683,0.053317,0.946683,reject,True
images/reject_weak/taco_00146_Plastic_bottle_cap_5007fd73.jpg,,reject_weak,reject,weak_reject_category,Plastic bottle cap,Plastic bottle cap,accept,0.848320,0.848320,0.151680,accept,False
images/reject_weak/taco_00147_Other_carton_6ca2834b.jpg,,reject_weak,reject,weak_reject_category,Other carton,Other carton,reject,0.920907,0.079093,0.920907,reject,True
images/reject_weak/taco_00148_Clear_plastic_bottle_8d1c1332.jpg,,reject_weak,reject,weak_reject_category,Clear plastic bottle,Clear plastic bottle|Unlabeled litter,reject,0.792153,0.207847,0.792153,reject,True
images/accept_weak/taco_00149_Plastic_film_cbe9264d.jpg,,accept_weak,accept,weak_accept_category,Plastic film,Unlabeled litter|Broken glass|Plastic film,reject,0.505599,0.494401,0.505599,reject,False
images/accept_weak/taco_00150_Other_plastic_wrapper_8fb6391b.jpg,,accept_weak,accept,weak_accept_category,Other plastic wrapper,Other plastic wrapper|Unlabeled litter,reject,0.532406,0.467594,0.532406,reject,False
images/accept_weak/taco_00151_Plastic_film_b1b0386e.jpg,,accept_weak,accept,weak_accept_category,Plastic film,Plastic film|Unlabeled litter,accept,0.781599,0.781599,0.218401,accept,True
images/accept_weak/taco_00152_Styrofoam_piece_67d9c2be.jpg,,accept_weak,accept,weak_accept_category,Styrofoam piece,Styrofoam piece,reject,0.532461,0.467539,0.532461,reject,False
images/accept_weak/taco_00154_Plastic_film_50f4e661.jpg,,accept_weak,accept,weak_accept_category,Plastic film,Plastic film,reject,0.537291,0.462709,0.537291,reject,False
images/accept_weak/taco_00155_Plastic_film_1cc1ec79.jpg,,accept_weak,accept,weak_accept_category,Plastic film,Plastic film|Cigarette,reject,0.794667,0.205333,0.794667,reject,False
images/accept_weak/taco_00156_Plastic_film_d5baf3ea.jpg,,accept_weak,accept,weak_accept_category,Plastic film,Plastic film,reject,0.554432,0.445568,0.554432,reject,False
images/accept_weak/taco_00157_Plastic_film_d2c8c9d9.jpg,,accept_weak,accept,weak_accept_category,Plastic film,Plastic film,reject,0.632469,0.367531,0.632469,reject,False
images/accept_weak/taco_00158_Plastic_film_01d4bf80.jpg,,accept_weak,accept,weak_accept_category,Plastic film,Plastic film|Other plastic,reject,0.967332,0.032668,0.967332,reject,False
images/accept_weak/taco_00159_Plastic_film_ac549bf4.jpg,,accept_weak,accept,weak_accept_category,Plastic film,Plastic film,reject,0.816116,0.183884,0.816116,reject,False
images/accept_weak/taco_00160_Plastic_film_fce89847.jpg,,accept_weak,accept,weak_accept_category,Plastic film,Plastic film|Other plastic,reject,0.870495,0.129505,0.870495,reject,False
images/accept_weak/taco_00161_Plastic_film_26051e6e.jpg,,accept_weak,accept,weak_accept_category,Plastic film,Plastic film,reject,0.860935,0.139065,0.860935,reject,False
images/reject_weak/taco_00162_Aluminium_foil_8f0c7455.jpg,,reject_weak,reject,weak_reject_category,Aluminium foil,Aluminium foil,reject,0.991282,0.008718,0.991282,reject,True
images/accept_weak/taco_00163_Plastic_film_edd3ae87.jpg,,accept_weak,accept,weak_accept_category,Plastic film,Plastic film|Unlabeled litter,accept,0.678260,0.678260,0.321740,reject,True
images/accept_weak/taco_00164_Plastic_film_ee27aabb.jpg,,accept_weak,accept,weak_accept_category,Plastic film,Plastic film,reject,0.879004,0.120996,0.879004,reject,False
images/accept_weak/taco_00165_Cigarette_1135793a.jpg,,accept_weak,accept,weak_accept_category,Cigarette,Cigarette,reject,0.964849,0.035151,0.964849,reject,False
images/accept_weak/taco_00166_Plastic_film_ecd1e166.jpg,,accept_weak,accept,weak_accept_category,Plastic film,Plastic film,reject,0.698691,0.301309,0.698691,reject,False
images/accept_weak/taco_00167_Plastic_film_96871e12.jpg,,accept_weak,accept,weak_accept_category,Plastic film,Plastic film,reject,0.882557,0.117443,0.882557,reject,False
images/accept_weak/taco_00168_Plastic_film_1009d9a0.jpg,,accept_weak,accept,weak_accept_category,Plastic film,Plastic film,reject,0.675664,0.324336,0.675664,reject,False
images/accept_weak/taco_00169_Plastic_film_9b77c2f5.jpg,,accept_weak,accept,weak_accept_category,Plastic film,Plastic film,reject,0.814700,0.185300,0.814700,reject,False
images/reject_weak/taco_00172_Other_plastic_b86a4440.jpg,,reject_weak,reject,weak_reject_category,Other plastic,Other plastic|Unlabeled litter,reject,0.738048,0.261952,0.738048,reject,True
images/reject_weak/taco_00173_Other_plastic_e7897872.jpg,,reject_weak,reject,weak_reject_category,Other plastic,Other plastic|Rope & strings,reject,0.799947,0.200053,0.799947,reject,True
images/accept_weak/taco_00174_Plastic_film_5a83799f.jpg,,accept_weak,accept,weak_accept_category,Plastic film,Plastic film,reject,0.987948,0.012052,0.987948,reject,False
images/reject_weak/taco_00175_Other_plastic_291a884a.jpg,,reject_weak,reject,weak_reject_category,Other plastic,Other plastic,reject,0.996918,0.003082,0.996918,reject,True
images/accept_weak/taco_00176_Cigarette_542bc027.jpg,,accept_weak,accept,weak_accept_category,Cigarette,Clear plastic bottle|Cigarette,reject,0.856323,0.143677,0.856323,reject,False
images/accept_weak/taco_00177_Plastic_film_9f54e25e.jpg,,accept_weak,accept,weak_accept_category,Plastic film,Plastic film|Cigarette|Unlabeled litter,reject,0.601865,0.398135,0.601865,reject,False
images/accept_weak/taco_00178_Cigarette_e5df4844.jpg,,accept_weak,accept,weak_accept_category,Cigarette,Cigarette|Plastic film,reject,0.636792,0.363208,0.636792,reject,False
images/reject_weak/taco_00179_Other_plastic_6780e6ff.jpg,,reject_weak,reject,weak_reject_category,Other plastic,Other plastic,accept,0.654323,0.654323,0.345677,reject,False
images/reject_weak/taco_00181_Plastic_straw_3084473c.jpg,,reject_weak,reject,weak_reject_category,Plastic straw,Plastic straw,accept,0.624508,0.624508,0.375492,reject,False
images/accept_weak/taco_00182_Cigarette_e6e45a5c.jpg,,accept_weak,accept,weak_accept_category,Cigarette,Clear plastic bottle|Unlabeled litter|Cigarette,reject,0.637328,0.362672,0.637328,reject,False
images/reject_weak/taco_00183_Other_plastic_77009493.jpg,,reject_weak,reject,weak_reject_category,Other plastic,Other plastic,accept,0.509413,0.509413,0.490587,reject,False
images/accept_weak/taco_00184_Cigarette_91899103.jpg,,accept_weak,accept,weak_accept_category,Cigarette,Meal carton|Cigarette,reject,0.709776,0.290224,0.709776,reject,False
images/accept_weak/taco_00185_Garbage_bag_72c809e0.jpg,,accept_weak,accept,weak_accept_category,Garbage bag,Garbage bag|Other plastic|Unlabeled litter,reject,0.834898,0.165102,0.834898,reject,False
images/accept_weak/taco_00186_Plastic_film_55fdb5c1.jpg,,accept_weak,accept,weak_accept_category,Plastic film,Metal lid|Plastic film|Other plastic wrapper|Unlabeled litter|Broken glass|Metal bottle cap|Corrugated carton,reject,0.795313,0.204687,0.795313,reject,False
images/accept_weak/taco_00187_Other_plastic_wrapper_55f9b384.jpg,,accept_weak,accept,weak_accept_category,Other plastic wrapper,Plastic lid|Other plastic wrapper|Glass bottle|Cigarette|Unlabeled litter,reject,0.806517,0.193483,0.806517,reject,False
images/accept_weak/taco_00188_Cigarette_ec6926c9.jpg,,accept_weak,accept,weak_accept_category,Cigarette,Clear plastic bottle|Cigarette,reject,0.989286,0.010714,0.989286,reject,False
images/accept_weak/taco_00189_Tissues_b499ab3d.jpg,,accept_weak,accept,weak_accept_category,Tissues,Tissues|Other carton,reject,0.789494,0.210506,0.789494,reject,False
images/reject_weak/taco_00190_Disposable_plastic_cup_2d28b548.jpg,,reject_weak,reject,weak_reject_category,Disposable plastic cup,Disposable plastic cup|Unlabeled litter|Rope & strings,accept,0.512560,0.512560,0.487439,reject,False
images/accept_weak/taco_00191_Plastic_film_e1adfc48.jpg,,accept_weak,accept,weak_accept_category,Plastic film,Plastic film|Unlabeled litter,reject,0.906321,0.093679,0.906321,reject,False
images/accept_weak/taco_00192_Tissues_98bda311.jpg,,accept_weak,accept,weak_accept_category,Tissues,Glass bottle|Tissues|Unlabeled litter|Plastic film,accept,0.729397,0.729397,0.270603,reject,True
images/accept_weak/taco_00193_Plastic_film_3052923e.jpg,,accept_weak,accept,weak_accept_category,Plastic film,Plastic film|Unlabeled litter,reject,0.952025,0.047975,0.952025,reject,False
images/accept_weak/taco_00194_Other_plastic_wrapper_3c2e6921.jpg,,accept_weak,accept,weak_accept_category,Other plastic wrapper,Glass bottle|Other plastic wrapper|Unlabeled litter|Cigarette|Plastic film,accept,0.875977,0.875977,0.124023,accept,True
images/reject_weak/taco_00195_Disposable_plastic_cup_57fbcac7.jpg,,reject_weak,reject,weak_reject_category,Disposable plastic cup,Disposable plastic cup|Metal bottle cap|Aluminium blister pack|Unlabeled litter,reject,0.519029,0.480971,0.519029,reject,True
images/accept_weak/taco_00196_Cigarette_4fb8e190.jpg,,accept_weak,accept,weak_accept_category,Cigarette,Cigarette|Aluminium foil,accept,0.964587,0.964587,0.035413,accept,True
images/accept_weak/taco_00197_Cigarette_1c87d62c.jpg,,accept_weak,accept,weak_accept_category,Cigarette,Disposable plastic cup|Cigarette|Broken glass|Unlabeled litter,accept,0.878249,0.878249,0.121751,accept,True
images/reject_weak/taco_00198_Clear_plastic_bottle_d5ca3408.jpg,,reject_weak,reject,weak_reject_category,Clear plastic bottle,Clear plastic bottle|Plastic bottle cap,accept,0.926070,0.926070,0.073930,accept,False
images/accept_weak/taco_00199_Styrofoam_piece_a22ccebc.jpg,,accept_weak,accept,weak_accept_category,Styrofoam piece,Styrofoam piece|Corrugated carton,reject,0.997851,0.002149,0.997851,reject,False
images/accept_weak/taco_00200_Other_plastic_wrapper_7a2388e7.jpg,,accept_weak,accept,weak_accept_category,Other plastic wrapper,Other plastic wrapper,reject,0.696427,0.303573,0.696427,reject,False
images/accept_weak/taco_00201_Styrofoam_piece_d311e175.jpg,,accept_weak,accept,weak_accept_category,Styrofoam piece,Styrofoam piece|Corrugated carton,reject,0.948985,0.051015,0.948985,reject,False
images/accept_weak/taco_00202_Styrofoam_piece_40ada3f4.jpg,,accept_weak,accept,weak_accept_category,Styrofoam piece,Styrofoam piece|Corrugated carton,reject,0.898436,0.101564,0.898436,reject,False
images/accept_weak/taco_00203_Styrofoam_piece_6fc117e8.jpg,,accept_weak,accept,weak_accept_category,Styrofoam piece,Styrofoam piece,reject,0.740621,0.259379,0.740621,reject,False
images/accept_weak/taco_00204_Styrofoam_piece_c7eaa84b.jpg,,accept_weak,accept,weak_accept_category,Styrofoam piece,Corrugated carton|Styrofoam piece,reject,0.986033,0.013967,0.986033,reject,False
images/accept_weak/taco_00205_Styrofoam_piece_dba6bcb9.jpg,,accept_weak,accept,weak_accept_category,Styrofoam piece,Styrofoam piece|Corrugated carton,reject,0.992989,0.007011,0.992989,reject,False
images/accept_weak/taco_00206_Styrofoam_piece_4aac14fe.jpg,,accept_weak,accept,weak_accept_category,Styrofoam piece,Corrugated carton|Styrofoam piece,reject,0.982755,0.017245,0.982755,reject,False
images/reject_weak/taco_00207_Corrugated_carton_06ff35b2.jpg,,reject_weak,reject,weak_reject_category,Corrugated carton,Corrugated carton,reject,0.980391,0.019609,0.980391,reject,True
images/accept_weak/taco_00208_Styrofoam_piece_b696c936.jpg,,accept_weak,accept,weak_accept_category,Styrofoam piece,Styrofoam piece,reject,0.926853,0.073147,0.926853,reject,False
images/accept_weak/taco_00209_Styrofoam_piece_26d91ce4.jpg,,accept_weak,accept,weak_accept_category,Styrofoam piece,Styrofoam piece|Corrugated carton,reject,0.996554,0.003446,0.996554,reject,False
images/accept_weak/taco_00210_Garbage_bag_9146ef69.jpg,,accept_weak,accept,weak_accept_category,Garbage bag,Garbage bag|Corrugated carton,reject,0.732485,0.267515,0.732485,reject,False
images/reject_weak/taco_00211_Corrugated_carton_c956eb44.jpg,,reject_weak,reject,weak_reject_category,Corrugated carton,Corrugated carton,reject,0.976647,0.023353,0.976647,reject,True
images/reject_weak/taco_00212_Pizza_box_29bbfbe4.jpg,,reject_weak,reject,weak_reject_category,Pizza box,Pizza box|Corrugated carton,reject,0.953877,0.046123,0.953877,reject,True
images/reject_weak/taco_00213_Corrugated_carton_9f656148.jpg,,reject_weak,reject,weak_reject_category,Corrugated carton,Corrugated carton,reject,0.999996,0.000004,0.999996,reject,True
images/reject_weak/taco_00214_Corrugated_carton_ae59f747.jpg,,reject_weak,reject,weak_reject_category,Corrugated carton,Corrugated carton,reject,0.999918,0.000082,0.999918,reject,True
images/accept_weak/taco_00215_Styrofoam_piece_fb72b6bf.jpg,,accept_weak,accept,weak_accept_category,Styrofoam piece,Corrugated carton|Styrofoam piece,reject,0.582705,0.417295,0.582705,reject,False
images/accept_weak/taco_00216_Styrofoam_piece_48e1f0f8.jpg,,accept_weak,accept,weak_accept_category,Styrofoam piece,Styrofoam piece|Cigarette,accept,0.538813,0.538813,0.461187,reject,True
images/accept_weak/taco_00217_Styrofoam_piece_f46688d4.jpg,,accept_weak,accept,weak_accept_category,Styrofoam piece,Corrugated carton|Styrofoam piece,accept,0.776022,0.776022,0.223978,accept,True
images/accept_weak/taco_00218_Styrofoam_piece_734fcacb.jpg,,accept_weak,accept,weak_accept_category,Styrofoam piece,Styrofoam piece,reject,0.899140,0.100860,0.899140,reject,False
images/accept_weak/taco_00219_Plastic_film_dd572b42.jpg,,accept_weak,accept,weak_accept_category,Plastic film,Plastic film|Scrap metal,accept,0.930341,0.930341,0.069659,accept,True
images/accept_weak/taco_00220_Styrofoam_piece_f2bdf3cf.jpg,,accept_weak,accept,weak_accept_category,Styrofoam piece,Other plastic bottle|Plastic bottle cap|Styrofoam piece,reject,0.670680,0.329320,0.670680,reject,False
images/reject_weak/taco_00222_Other_plastic_bottle_28a948e1.jpg,,reject_weak,reject,weak_reject_category,Other plastic bottle,Other plastic bottle,accept,0.888943,0.888943,0.111057,accept,False
images/reject_weak/taco_00223_Spread_tub_6478a0ad.jpg,,reject_weak,reject,weak_reject_category,Spread tub,Spread tub,reject,0.922278,0.077722,0.922278,reject,True
images/reject_weak/taco_00224_Plastic_bottle_cap_9c35007b.jpg,,reject_weak,reject,weak_reject_category,Plastic bottle cap,Plastic bottle cap,accept,0.690996,0.690996,0.309004,reject,False
images/reject_weak/taco_00225_Plastic_bottle_cap_faafcc81.jpg,,reject_weak,reject,weak_reject_category,Plastic bottle cap,Plastic bottle cap,accept,0.826020,0.826020,0.173980,accept,False
images/reject_weak/taco_00227_Clear_plastic_bottle_ed98ae58.jpg,,reject_weak,reject,weak_reject_category,Clear plastic bottle,Clear plastic bottle|Plastic bottle cap|Plastic straw,reject,0.620631,0.379369,0.620631,reject,True
images/accept_weak/taco_00229_Styrofoam_piece_1268b8e6.jpg,,accept_weak,accept,weak_accept_category,Styrofoam piece,Styrofoam piece|Other plastic|Single-use carrier bag|Other plastic bottle,accept,0.835010,0.835010,0.164990,accept,True
images/reject_weak/taco_00230_Other_plastic_1d991550.jpg,,reject_weak,reject,weak_reject_category,Other plastic,Other plastic,accept,0.751746,0.751746,0.248254,reject,False
images/accept_weak/taco_00231_Plastic_film_391d3fb6.jpg,,accept_weak,accept,weak_accept_category,Plastic film,Plastic film,accept,0.991541,0.991541,0.008459,accept,True
images/reject_weak/taco_00232_Other_carton_52949235.jpg,,reject_weak,reject,weak_reject_category,Other carton,Other carton,accept,0.807925,0.807925,0.192075,accept,False
images/accept_weak/taco_00233_Plastic_film_2995d5ab.jpg,,accept_weak,accept,weak_accept_category,Plastic film,Plastic film,reject,0.993913,0.006087,0.993913,reject,False
images/accept_weak/taco_00234_Tissues_4893dfde.jpg,,accept_weak,accept,weak_accept_category,Tissues,Tissues,accept,0.970892,0.970892,0.029107,accept,True
images/reject_weak/taco_00235_Other_plastic_bottle_ca973a82.jpg,,reject_weak,reject,weak_reject_category,Other plastic bottle,Other plastic bottle,reject,0.978302,0.021698,0.978302,reject,True
images/accept_weak/taco_00236_Styrofoam_piece_9dbce359.jpg,,accept_weak,accept,weak_accept_category,Styrofoam piece,Styrofoam piece,reject,0.889587,0.110413,0.889587,reject,False
images/reject_weak/taco_00237_Other_plastic_bottle_98f8dabf.jpg,,reject_weak,reject,weak_reject_category,Other plastic bottle,Other plastic bottle,reject,0.995999,0.004001,0.995999,reject,True
images/reject_weak/taco_00238_Magazine_paper_eda80113.jpg,,reject_weak,reject,weak_reject_category,Magazine paper,Magazine paper,accept,0.953906,0.953906,0.046094,accept,False
images/reject_weak/taco_00239_Paper_cup_9446bbb2.jpg,,reject_weak,reject,weak_reject_category,Paper cup,Paper cup,reject,0.843518,0.156482,0.843518,reject,True
images/reject_weak/taco_00240_Meal_carton_1ab430a1.jpg,,reject_weak,reject,weak_reject_category,Meal carton,Meal carton|Unlabeled litter,accept,0.969278,0.969278,0.030722,accept,False
images/accept_weak/taco_00241_Other_plastic_wrapper_fd0d5579.jpg,,accept_weak,accept,weak_accept_category,Other plastic wrapper,Meal carton|Other plastic wrapper|Normal paper,accept,0.982388,0.982388,0.017612,accept,True
images/reject_weak/taco_00242_Drink_can_de24c7a1.jpg,,reject_weak,reject,weak_reject_category,Drink can,Drink can,accept,0.596154,0.596154,0.403846,reject,False
images/reject_weak/taco_00243_Paper_cup_bff6619c.jpg,,reject_weak,reject,weak_reject_category,Paper cup,Paper cup,accept,0.518522,0.518522,0.481478,reject,False
images/accept_weak/taco_00244_Other_plastic_wrapper_c3bbb670.jpg,,accept_weak,accept,weak_accept_category,Other plastic wrapper,Other plastic wrapper,accept,0.871243,0.871243,0.128757,accept,True
images/accept_weak/taco_00245_Garbage_bag_dd92fea9.jpg,,accept_weak,accept,weak_accept_category,Garbage bag,Garbage bag|Plastic film,accept,0.915714,0.915714,0.084286,accept,True
images/accept_weak/taco_00246_Other_plastic_wrapper_fe34cbb3.jpg,,accept_weak,accept,weak_accept_category,Other plastic wrapper,Other plastic wrapper,accept,0.658924,0.658924,0.341076,reject,True
images/accept_weak/taco_00247_Other_plastic_wrapper_97b00f77.jpg,,accept_weak,accept,weak_accept_category,Other plastic wrapper,Paper cup|Other plastic wrapper,accept,0.942422,0.942422,0.057578,accept,True
images/accept_weak/taco_00248_Other_plastic_wrapper_ccabb029.jpg,,accept_weak,accept,weak_accept_category,Other plastic wrapper,Other plastic wrapper,reject,0.893626,0.106374,0.893626,reject,False
images/reject_weak/taco_00249_Drink_can_663f2177.jpg,,reject_weak,reject,weak_reject_category,Drink can,Drink can|Pop tab,accept,0.524789,0.524789,0.475211,reject,False
images/accept_weak/taco_00251_Plastic_film_563d7741.jpg,,accept_weak,accept,weak_accept_category,Plastic film,Plastic film,accept,0.835962,0.835962,0.164038,accept,True
images/accept_weak/taco_00252_Other_plastic_wrapper_032e5b1c.jpg,,accept_weak,accept,weak_accept_category,Other plastic wrapper,Other plastic wrapper,accept,0.588642,0.588642,0.411358,reject,True
images/reject_weak/taco_00253_Plastic_lid_bb3ad123.jpg,,reject_weak,reject,weak_reject_category,Plastic lid,Plastic lid|Paper cup,accept,0.996180,0.996180,0.003820,accept,False
images/accept_weak/taco_00254_Plastic_film_785c4562.jpg,,accept_weak,accept,weak_accept_category,Plastic film,Other carton|Plastic film,accept,0.899814,0.899814,0.100186,accept,True
images/reject_weak/taco_00255_Corrugated_carton_eb511a78.jpg,,reject_weak,reject,weak_reject_category,Corrugated carton,Corrugated carton|Rope & strings,accept,0.594075,0.594075,0.405925,reject,False
images/accept_weak/taco_00256_Styrofoam_piece_f8ed64e7.jpg,,accept_weak,accept,weak_accept_category,Styrofoam piece,Styrofoam piece,accept,0.823273,0.823273,0.176727,accept,True
images/reject_weak/taco_00258_Plastic_bottle_cap_b5848a8b.jpg,,reject_weak,reject,weak_reject_category,Plastic bottle cap,Plastic bottle cap,accept,0.646102,0.646102,0.353898,reject,False
images/accept_weak/taco_00260_Plastic_film_0c0ba320.jpg,,accept_weak,accept,weak_accept_category,Plastic film,Aluminium foil|Unlabeled litter|Plastic film,accept,0.875054,0.875054,0.124946,accept,True
images/reject_weak/taco_00261_Other_plastic_2a5625a5.jpg,,reject_weak,reject,weak_reject_category,Other plastic,Polypropylene bag|Other plastic,reject,0.837657,0.162343,0.837657,reject,True
images/accept_weak/taco_00262_Plastic_film_c9d09fb0.jpg,,accept_weak,accept,weak_accept_category,Plastic film,Plastic film|Unlabeled litter,accept,0.527393,0.527393,0.472607,reject,True
images/accept_weak/taco_00263_Styrofoam_piece_929496d1.jpg,,accept_weak,accept,weak_accept_category,Styrofoam piece,Styrofoam piece,accept,0.752871,0.752871,0.247129,reject,True
images/accept_weak/taco_00264_Single-use_carrier_bag_f6537a3b.jpg,,accept_weak,accept,weak_accept_category,Single-use carrier bag,Single-use carrier bag|Plastic film|Unlabeled litter,reject,0.855267,0.144733,0.855267,reject,False
images/accept_weak/taco_00265_Plastic_film_59c81bc1.jpg,,accept_weak,accept,weak_accept_category,Plastic film,Plastic film,reject,0.950670,0.049330,0.950670,reject,False
images/accept_weak/taco_00266_Single-use_carrier_bag_3336fbae.jpg,,accept_weak,accept,weak_accept_category,Single-use carrier bag,Single-use carrier bag,reject,0.502239,0.497761,0.502239,reject,False
images/accept_weak/taco_00267_Plastic_film_c9a9510f.jpg,,accept_weak,accept,weak_accept_category,Plastic film,Plastic film,accept,0.927942,0.927942,0.072058,accept,True
images/reject_weak/taco_00268_Drink_carton_ac3baf1a.jpg,,reject_weak,reject,weak_reject_category,Drink carton,Drink carton|Plastic straw,accept,0.857569,0.857569,0.142431,accept,False
images/accept_weak/taco_00269_Styrofoam_piece_be37b3d6.jpg,,accept_weak,accept,weak_accept_category,Styrofoam piece,Styrofoam piece,accept,0.924653,0.924653,0.075347,accept,True
images/accept_weak/taco_00270_Plastic_film_807b33b3.jpg,,accept_weak,accept,weak_accept_category,Plastic film,Plastic film|Styrofoam piece,accept,0.669208,0.669208,0.330792,reject,True
images/reject_weak/taco_00271_Clear_plastic_bottle_efee19f9.jpg,,reject_weak,reject,weak_reject_category,Clear plastic bottle,Clear plastic bottle|Plastic bottle cap,accept,0.938265,0.938265,0.061735,accept,False
images/accept_weak/taco_00272_Plastic_film_ea2b1c24.jpg,,accept_weak,accept,weak_accept_category,Plastic film,Plastic film|Styrofoam piece,accept,0.995962,0.995962,0.004038,accept,True
images/accept_weak/taco_00273_Other_plastic_wrapper_18cc0d34.jpg,,accept_weak,accept,weak_accept_category,Other plastic wrapper,Other plastic wrapper,accept,0.734912,0.734912,0.265088,reject,True
images/accept_weak/taco_00274_Plastic_film_885b3a45.jpg,,accept_weak,accept,weak_accept_category,Plastic film,Plastic film|Unlabeled litter,reject,0.651498,0.348502,0.651498,reject,False
images/accept_weak/taco_00275_Styrofoam_piece_83c88073.jpg,,accept_weak,accept,weak_accept_category,Styrofoam piece,Styrofoam piece|Plastic film|Other plastic,reject,0.654555,0.345445,0.654555,reject,False
images/accept_weak/taco_00276_Styrofoam_piece_a4823858.jpg,,accept_weak,accept,weak_accept_category,Styrofoam piece,Styrofoam piece|Clear plastic bottle|Plastic bottle cap|Plastic film,reject,0.592210,0.407790,0.592210,reject,False
images/accept_weak/taco_00277_Styrofoam_piece_029cf87f.jpg,,accept_weak,accept,weak_accept_category,Styrofoam piece,Styrofoam piece|Plastic film,accept,0.633871,0.633871,0.366129,reject,True
images/accept_weak/taco_00278_Styrofoam_piece_2262a2b2.jpg,,accept_weak,accept,weak_accept_category,Styrofoam piece,Styrofoam piece|Unlabeled litter,accept,0.994722,0.994722,0.005278,accept,True
images/accept_weak/taco_00279_Styrofoam_piece_b9de3277.jpg,,accept_weak,accept,weak_accept_category,Styrofoam piece,Styrofoam piece,accept,0.988049,0.988049,0.011951,accept,True
images/accept_weak/taco_00280_Plastic_film_f9f7f237.jpg,,accept_weak,accept,weak_accept_category,Plastic film,Plastic film|Other plastic|Styrofoam piece,accept,0.854961,0.854961,0.145039,accept,True
images/accept_weak/taco_00281_Plastic_film_f9f991f0.jpg,,accept_weak,accept,weak_accept_category,Plastic film,Plastic film|Garbage bag,accept,0.805567,0.805567,0.194433,accept,True
images/accept_weak/taco_00282_Styrofoam_piece_6f6b125e.jpg,,accept_weak,accept,weak_accept_category,Styrofoam piece,Styrofoam piece,accept,0.912845,0.912845,0.087155,accept,True
images/accept_weak/taco_00283_Other_plastic_wrapper_1fa20183.jpg,,accept_weak,accept,weak_accept_category,Other plastic wrapper,Other plastic wrapper|Plastic film,accept,0.868659,0.868659,0.131341,accept,True
images/accept_weak/taco_00284_Plastic_film_2e1458fb.jpg,,accept_weak,accept,weak_accept_category,Plastic film,Plastic film,accept,0.664309,0.664309,0.335691,reject,True
images/accept_weak/taco_00285_Plastic_film_5326badd.jpg,,accept_weak,accept,weak_accept_category,Plastic film,Plastic film,accept,0.514888,0.514888,0.485112,reject,True
images/reject_weak/taco_00286_Plastic_bottle_cap_38b5fee9.jpg,,reject_weak,reject,weak_reject_category,Plastic bottle cap,Plastic bottle cap,accept,0.815134,0.815134,0.184866,accept,False
images/accept_weak/taco_00287_Other_plastic_wrapper_cf9700d3.jpg,,accept_weak,accept,weak_accept_category,Other plastic wrapper,Other plastic wrapper,accept,0.989489,0.989489,0.010510,accept,True
images/accept_weak/taco_00288_Plastic_film_5878fcf1.jpg,,accept_weak,accept,weak_accept_category,Plastic film,Plastic film,accept,0.793920,0.793920,0.206080,accept,True
images/reject_weak/taco_00289_Paper_cup_3aba1880.jpg,,reject_weak,reject,weak_reject_category,Paper cup,Paper cup|Unlabeled litter,accept,0.552923,0.552923,0.447077,reject,False
images/reject_weak/taco_00290_Other_carton_3d927d10.jpg,,reject_weak,reject,weak_reject_category,Other carton,Other carton,reject,0.978044,0.021956,0.978044,reject,True
images/accept_weak/taco_00291_Cigarette_75cca0e1.jpg,,accept_weak,accept,weak_accept_category,Cigarette,Clear plastic bottle|Cigarette,accept,0.608958,0.608958,0.391042,reject,True
images/accept_weak/taco_00292_Cigarette_36b869ce.jpg,,accept_weak,accept,weak_accept_category,Cigarette,Cigarette,reject,0.988715,0.011285,0.988715,reject,False
images/accept_weak/taco_00293_Other_plastic_wrapper_91c10944.jpg,,accept_weak,accept,weak_accept_category,Other plastic wrapper,Other plastic wrapper,accept,0.992939,0.992939,0.007061,accept,True
images/reject_weak/taco_00294_Plastic_bottle_cap_50cf39ef.jpg,,reject_weak,reject,weak_reject_category,Plastic bottle cap,Plastic bottle cap,accept,0.799541,0.799541,0.200459,accept,False
images/reject_weak/taco_00295_Clear_plastic_bottle_0e53660c.jpg,,reject_weak,reject,weak_reject_category,Clear plastic bottle,Clear plastic bottle|Wrapping paper,reject,0.667291,0.332709,0.667291,reject,True
images/accept_weak/taco_00296_Plastic_film_79e7a99b.jpg,,accept_weak,accept,weak_accept_category,Plastic film,Clear plastic bottle|Plastic bottle cap|Other plastic|Plastic film|Unlabeled litter,accept,0.923065,0.923065,0.076935,accept,True
images/accept_weak/taco_00297_Cigarette_be2c4f51.jpg,,accept_weak,accept,weak_accept_category,Cigarette,Drink carton|Plastic straw|Cigarette,accept,0.732837,0.732837,0.267163,reject,True
images/accept_weak/taco_00298_Cigarette_bb3597ce.jpg,,accept_weak,accept,weak_accept_category,Cigarette,Drink carton|Unlabeled litter|Plastic straw|Other plastic container|Cigarette,reject,0.974770,0.025230,0.974770,reject,False
images/accept_weak/taco_00299_Cigarette_7e18002e.jpg,,accept_weak,accept,weak_accept_category,Cigarette,Glass bottle|Cigarette,reject,0.983046,0.016954,0.983046,reject,False
images/reject_weak/taco_00300_Clear_plastic_bottle_8071481e.jpg,,reject_weak,reject,weak_reject_category,Clear plastic bottle,Clear plastic bottle|Plastic bottle cap,accept,0.773523,0.773523,0.226477,accept,False
images/accept_weak/taco_00301_Other_plastic_wrapper_9dce4831.jpg,,accept_weak,accept,weak_accept_category,Other plastic wrapper,Clear plastic bottle|Plastic bottle cap|Other plastic wrapper|Cigarette|Unlabeled litter|Other plastic,accept,0.991262,0.991262,0.008738,accept,True
images/reject_weak/taco_00302_Paper_cup_29d1e81c.jpg,,reject_weak,reject,weak_reject_category,Paper cup,Paper cup|Unlabeled litter,accept,0.882896,0.882896,0.117104,accept,False
images/reject_weak/taco_00303_Plastic_bottle_cap_7b8dc20a.jpg,,reject_weak,reject,weak_reject_category,Plastic bottle cap,Plastic bottle cap,accept,0.776026,0.776026,0.223974,accept,False
images/accept_weak/taco_00304_Cigarette_a3855f27.jpg,,accept_weak,accept,weak_accept_category,Cigarette,Cigarette,accept,0.670065,0.670065,0.329935,reject,True
images/accept_weak/taco_00305_Plastic_film_909a59b0.jpg,,accept_weak,accept,weak_accept_category,Plastic film,Other carton|Plastic film,accept,0.746191,0.746191,0.253809,reject,True
images/accept_weak/taco_00306_Plastic_film_3e86d0ef.jpg,,accept_weak,accept,weak_accept_category,Plastic film,Plastic film,accept,0.898432,0.898432,0.101568,accept,True
images/reject_weak/taco_00307_Plastic_bottle_cap_1f65eced.jpg,,reject_weak,reject,weak_reject_category,Plastic bottle cap,Plastic bottle cap,reject,0.500777,0.499223,0.500777,reject,True
images/accept_weak/taco_00308_Crisp_packet_efac9502.jpg,,accept_weak,accept,weak_accept_category,Crisp packet,Crisp packet|Other plastic wrapper,accept,0.606217,0.606217,0.393783,reject,True
images/reject_weak/taco_00309_Drink_can_7d0bd8d0.jpg,,reject_weak,reject,weak_reject_category,Drink can,Drink can,reject,0.895633,0.104367,0.895633,reject,True
images/accept_weak/taco_00310_Other_plastic_wrapper_65f4355d.jpg,,accept_weak,accept,weak_accept_category,Other plastic wrapper,Other plastic wrapper|Tissues|Plastic straw,reject,0.761046,0.238954,0.761046,reject,False
images/accept_weak/taco_00311_Plastic_film_718a1b63.jpg,,accept_weak,accept,weak_accept_category,Plastic film,Plastic film|Other plastic wrapper,accept,0.575833,0.575833,0.424167,reject,True
images/reject_weak/taco_00312_Wrapping_paper_d3b1fc8f.jpg,,reject_weak,reject,weak_reject_category,Wrapping paper,Wrapping paper,reject,0.647005,0.352995,0.647005,reject,True
images/reject_weak/taco_00313_Clear_plastic_bottle_a1f38df8.jpg,,reject_weak,reject,weak_reject_category,Clear plastic bottle,Clear plastic bottle,reject,0.873984,0.126016,0.873984,reject,True
images/reject_weak/taco_00314_Clear_plastic_bottle_f15cfb99.jpg,,reject_weak,reject,weak_reject_category,Clear plastic bottle,Clear plastic bottle|Plastic bottle cap,accept,0.726930,0.726930,0.273070,reject,False
images/reject_weak/taco_00315_Plastic_bottle_cap_cc1eda30.jpg,,reject_weak,reject,weak_reject_category,Plastic bottle cap,Plastic bottle cap,reject,0.993955,0.006045,0.993955,reject,True
images/accept_weak/taco_00316_Cigarette_8569fb71.jpg,,accept_weak,accept,weak_accept_category,Cigarette,Cigarette|Plastic bottle cap|Scrap metal,accept,0.999010,0.999010,0.000990,accept,True
images/accept_weak/taco_00317_Disposable_food_container_1bd7d4ba.jpg,,accept_weak,accept,weak_accept_category,Disposable food container,Disposable food container,accept,0.761738,0.761738,0.238262,accept,True
images/accept_weak/taco_00318_Crisp_packet_718e7e10.jpg,,accept_weak,accept,weak_accept_category,Crisp packet,Paper cup|Crisp packet|Disposable plastic cup,reject,0.874769,0.125231,0.874769,reject,False
images/reject_weak/taco_00319_Drink_can_0fe41f45.jpg,,reject_weak,reject,weak_reject_category,Drink can,Drink can,accept,0.638412,0.638412,0.361588,reject,False
images/accept_weak/taco_00320_Plastic_film_6705bad4.jpg,,accept_weak,accept,weak_accept_category,Plastic film,Plastic film|Foam cup|Plastic utensils|Clear plastic bottle|Plastic bottle cap|Disposable food container,accept,0.743393,0.743393,0.256607,reject,True
images/accept_weak/taco_00321_Cigarette_4dbf3812.jpg,,accept_weak,accept,weak_accept_category,Cigarette,Cigarette|Paper cup,reject,0.516310,0.483690,0.516310,reject,False
images/reject_weak/taco_00322_Clear_plastic_bottle_7fb3d83a.jpg,,reject_weak,reject,weak_reject_category,Clear plastic bottle,Clear plastic bottle|Other plastic,reject,0.630537,0.369463,0.630537,reject,True
images/reject_weak/taco_00323_Disposable_plastic_cup_f7a4f15f.jpg,,reject_weak,reject,weak_reject_category,Disposable plastic cup,Disposable plastic cup,reject,0.995076,0.004924,0.995076,reject,True
images/reject_weak/taco_00324_Drink_can_c6336f81.jpg,,reject_weak,reject,weak_reject_category,Drink can,Drink can|Unlabeled litter|Other plastic,reject,0.951681,0.048319,0.951681,reject,True
images/accept_weak/taco_00325_Cigarette_d5302a6b.jpg,,accept_weak,accept,weak_accept_category,Cigarette,Clear plastic bottle|Cigarette|Unlabeled litter,reject,0.966979,0.033021,0.966979,reject,False
images/accept_weak/taco_00326_Cigarette_299e730b.jpg,,accept_weak,accept,weak_accept_category,Cigarette,Cigarette|Metal bottle cap|Unlabeled litter|Other plastic,accept,0.759849,0.759849,0.240151,reject,True
images/accept_weak/taco_00327_Cigarette_89f2a85c.jpg,,accept_weak,accept,weak_accept_category,Cigarette,Cigarette|Paper cup|Unlabeled litter|Wrapping paper,reject,0.918787,0.081212,0.918787,reject,False
images/accept_weak/taco_00328_Cigarette_e690f40d.jpg,,accept_weak,accept,weak_accept_category,Cigarette,Paper cup|Cigarette|Other plastic,reject,0.543879,0.456121,0.543879,reject,False
images/accept_weak/taco_00329_Other_plastic_wrapper_06dc00a6.jpg,,accept_weak,accept,weak_accept_category,Other plastic wrapper,Unlabeled litter|Aluminium blister pack|Other plastic wrapper|Plastic straw|Tissues,accept,0.665089,0.665089,0.334911,reject,True
images/reject_weak/taco_00330_Plastic_straw_8ee5daac.jpg,,reject_weak,reject,weak_reject_category,Plastic straw,Plastic straw|Clear plastic bottle|Plastic bottle cap|Normal paper|Unlabeled litter,accept,0.784303,0.784303,0.215697,accept,False
images/accept_weak/taco_00331_Other_plastic_wrapper_e8e2d7ae.jpg,,accept_weak,accept,weak_accept_category,Other plastic wrapper,Unlabeled litter|Other plastic wrapper,accept,0.903047,0.903047,0.096953,accept,True
images/accept_weak/taco_00332_Other_plastic_wrapper_b2bd1e09.jpg,,accept_weak,accept,weak_accept_category,Other plastic wrapper,Other plastic wrapper|Garbage bag|Cigarette|Paper bag|Unlabeled litter,accept,0.574009,0.574009,0.425991,reject,True
images/accept_weak/taco_00333_Cigarette_d25fd8b2.jpg,,accept_weak,accept,weak_accept_category,Cigarette,Cigarette|Other plastic wrapper,accept,0.993198,0.993198,0.006801,accept,True
images/accept_weak/taco_00334_Other_plastic_wrapper_0f2b42f2.jpg,,accept_weak,accept,weak_accept_category,Other plastic wrapper,Other plastic wrapper|Drink carton|Plastic straw|Plastic film|Other plastic bottle|Plastic bottle cap|Other plastic,reject,0.755926,0.244074,0.755926,reject,False
images/accept_weak/taco_00335_Other_plastic_wrapper_6fc86dcd.jpg,,accept_weak,accept,weak_accept_category,Other plastic wrapper,Other plastic wrapper|Other plastic|Drink can|Clear plastic bottle|Plastic bottle cap,accept,0.800487,0.800487,0.199513,accept,True
images/accept_weak/taco_00336_Plastic_film_d3619b9c.jpg,,accept_weak,accept,weak_accept_category,Plastic film,Other carton|Paper cup|Plastic film|Aluminium foil,accept,0.815677,0.815677,0.184323,accept,True
images/accept_weak/taco_00339_Plastic_film_2cc8ff45.jpg,,accept_weak,accept,weak_accept_category,Plastic film,Plastic film|Clear plastic bottle|Unlabeled litter,reject,0.736887,0.263113,0.736887,reject,False
images/accept_weak/taco_00340_Other_plastic_wrapper_94dead4f.jpg,,accept_weak,accept,weak_accept_category,Other plastic wrapper,Normal paper|Other plastic wrapper|Single-use carrier bag,reject,0.624504,0.375496,0.624504,reject,False
images/accept_weak/taco_00341_Plastic_film_91a5e1e6.jpg,,accept_weak,accept,weak_accept_category,Plastic film,Plastic film,reject,0.603931,0.396069,0.603931,reject,False
images/reject_weak/taco_00342_Plastic_bottle_cap_bbea66fa.jpg,,reject_weak,reject,weak_reject_category,Plastic bottle cap,Plastic bottle cap|Unlabeled litter,reject,0.928023,0.071977,0.928023,reject,True
images/reject_weak/taco_00343_Plastic_bottle_cap_9052d177.jpg,,reject_weak,reject,weak_reject_category,Plastic bottle cap,Plastic bottle cap,accept,0.690806,0.690806,0.309194,reject,False
images/accept_weak/taco_00344_Single-use_carrier_bag_06c93fab.jpg,,accept_weak,accept,weak_accept_category,Single-use carrier bag,Drink can|Single-use carrier bag|Plastic film|Other carton|Clear plastic bottle|Plastic bottle cap,accept,0.773757,0.773757,0.226243,accept,True
images/reject_weak/taco_00345_Drink_can_8b1025d9.jpg,,reject_weak,reject,weak_reject_category,Drink can,Drink can,accept,0.585018,0.585018,0.414982,reject,False
images/reject_weak/taco_00346_Clear_plastic_bottle_e0b95c78.jpg,,reject_weak,reject,weak_reject_category,Clear plastic bottle,Clear plastic bottle,accept,0.735730,0.735730,0.264270,reject,False
images/accept_weak/taco_00347_Cigarette_c652d1e8.jpg,,accept_weak,accept,weak_accept_category,Cigarette,Disposable plastic cup|Plastic straw|Plastic lid|Cigarette,accept,0.521284,0.521284,0.478716,reject,True
images/accept_weak/taco_00348_Other_plastic_wrapper_33f99651.jpg,,accept_weak,accept,weak_accept_category,Other plastic wrapper,Corrugated carton|Clear plastic bottle|Plastic bottle cap|Disposable plastic cup|Other plastic wrapper|Plastic film|Cigarette,reject,0.556864,0.443136,0.556864,reject,False
images/reject_weak/taco_00349_Other_plastic_05a2582e.jpg,,reject_weak,reject,weak_reject_category,Other plastic,Other plastic|Rope & strings,accept,0.880496,0.880496,0.119504,accept,False
images/reject_weak/taco_00350_Disposable_plastic_cup_150a85bc.jpg,,reject_weak,reject,weak_reject_category,Disposable plastic cup,Disposable plastic cup|Unlabeled litter,reject,0.718146,0.281854,0.718146,reject,True
images/accept_weak/taco_00351_Cigarette_4f8f519e.jpg,,accept_weak,accept,weak_accept_category,Cigarette,Cigarette|Rope & strings|Plastic bottle cap|Other plastic|Unlabeled litter,accept,0.881014,0.881014,0.118986,accept,True
images/accept_weak/taco_00352_Cigarette_ece55891.jpg,,accept_weak,accept,weak_accept_category,Cigarette,Other plastic|Cigarette|Unlabeled litter,accept,0.647775,0.647775,0.352225,reject,True
images/reject_weak/taco_00353_Disposable_plastic_cup_5064c7c0.jpg,,reject_weak,reject,weak_reject_category,Disposable plastic cup,Disposable plastic cup,reject,0.541740,0.458260,0.541740,reject,True
images/reject_weak/taco_00354_Drink_can_d7574117.jpg,,reject_weak,reject,weak_reject_category,Drink can,Drink can,accept,0.623273,0.623273,0.376727,reject,False
images/reject_weak/taco_00355_Disposable_plastic_cup_f6ffccc9.jpg,,reject_weak,reject,weak_reject_category,Disposable plastic cup,Disposable plastic cup,reject,0.846978,0.153022,0.846978,reject,True
images/accept_weak/taco_00356_Other_plastic_wrapper_68785c5d.jpg,,accept_weak,accept,weak_accept_category,Other plastic wrapper,Other plastic wrapper|Crisp packet,accept,0.969783,0.969783,0.030217,accept,True
images/accept_weak/taco_00357_Other_plastic_wrapper_cdbd2a3c.jpg,,accept_weak,accept,weak_accept_category,Other plastic wrapper,Other plastic wrapper,accept,0.703868,0.703868,0.296132,reject,True
images/accept_weak/taco_00358_Crisp_packet_5905ba82.jpg,,accept_weak,accept,weak_accept_category,Crisp packet,Crisp packet|Plastic film|Unlabeled litter|Glass bottle|Cigarette,accept,0.955426,0.955426,0.044574,accept,True
images/accept_weak/taco_00359_Single-use_carrier_bag_497990d6.jpg,,accept_weak,accept,weak_accept_category,Single-use carrier bag,Single-use carrier bag|Normal paper|Other plastic wrapper|Other carton|Unlabeled litter,reject,0.937779,0.062221,0.937779,reject,False
images/accept_weak/taco_00360_Other_plastic_wrapper_7f2c5ac2.jpg,,accept_weak,accept,weak_accept_category,Other plastic wrapper,Clear plastic bottle|Other plastic wrapper|Plastic bottle cap,reject,0.685132,0.314868,0.685132,reject,False
images/accept_weak/taco_00361_Other_plastic_wrapper_3e19ee1f.jpg,,accept_weak,accept,weak_accept_category,Other plastic wrapper,Other plastic wrapper,reject,0.967110,0.032890,0.967110,reject,False
images/accept_weak/taco_00362_Other_plastic_wrapper_47973753.jpg,,accept_weak,accept,weak_accept_category,Other plastic wrapper,Other plastic wrapper|Plastic film|Unlabeled litter|Crisp packet|Other plastic bottle,accept,0.968896,0.968896,0.031104,accept,True
images/accept_weak/taco_00363_Plastic_film_7b704d5d.jpg,,accept_weak,accept,weak_accept_category,Plastic film,Plastic film|Normal paper|Other plastic wrapper|Unlabeled litter|Plastic straw|Plastic lid|Styrofoam piece|Other plastic container,accept,0.930991,0.930991,0.069009,accept,True
images/accept_weak/taco_00364_Plastic_film_f05a5f1d.jpg,,accept_weak,accept,weak_accept_category,Plastic film,Drink carton|Plastic film,reject,0.785513,0.214487,0.785513,reject,False
images/accept_weak/taco_00365_Plastic_film_8636ac5f.jpg,,accept_weak,accept,weak_accept_category,Plastic film,Plastic film,reject,0.752264,0.247736,0.752264,reject,False
images/accept_weak/taco_00366_Plastic_film_23444775.jpg,,accept_weak,accept,weak_accept_category,Plastic film,Plastic film,reject,0.975660,0.024340,0.975660,reject,False
images/accept_weak/taco_00367_Other_plastic_wrapper_d3233967.jpg,,accept_weak,accept,weak_accept_category,Other plastic wrapper,Carded blister pack|Other plastic wrapper|Unlabeled litter,reject,0.579678,0.420322,0.579678,reject,False
images/reject_weak/taco_00368_Plastic_straw_fc9cded0.jpg,,reject_weak,reject,weak_reject_category,Plastic straw,Plastic straw|Disposable plastic cup,accept,0.713046,0.713046,0.286954,reject,False
images/reject_weak/taco_00369_Glass_bottle_80cbd87a.jpg,,reject_weak,reject,weak_reject_category,Glass bottle,Glass bottle,reject,0.579402,0.420598,0.579402,reject,True
images/accept_weak/taco_00370_Single-use_carrier_bag_da95dea3.jpg,,accept_weak,accept,weak_accept_category,Single-use carrier bag,Single-use carrier bag,reject,0.704797,0.295203,0.704797,reject,False
images/accept_weak/taco_00371_Plastic_film_103c4ad7.jpg,,accept_weak,accept,weak_accept_category,Plastic film,Plastic film,accept,0.797875,0.797875,0.202125,accept,True
images/accept_weak/taco_00372_Single-use_carrier_bag_56ccde92.jpg,,accept_weak,accept,weak_accept_category,Single-use carrier bag,Single-use carrier bag,accept,0.829393,0.829393,0.170607,accept,True
images/reject_weak/taco_00373_Disposable_plastic_cup_ef9e3b08.jpg,,reject_weak,reject,weak_reject_category,Disposable plastic cup,Disposable plastic cup,reject,0.631323,0.368677,0.631323,reject,True
images/accept_weak/taco_00374_Plastic_film_d10cd287.jpg,,accept_weak,accept,weak_accept_category,Plastic film,Plastic film,accept,0.956040,0.956040,0.043960,accept,True
images/accept_weak/taco_00375_Other_plastic_wrapper_31d6f204.jpg,,accept_weak,accept,weak_accept_category,Other plastic wrapper,Disposable plastic cup|Plastic straw|Unlabeled litter|Other plastic wrapper,accept,0.738205,0.738205,0.261795,reject,True
images/reject_weak/taco_00376_Plastic_straw_3412a3e8.jpg,,reject_weak,reject,weak_reject_category,Plastic straw,Plastic straw,accept,0.774105,0.774105,0.225895,accept,False
images/reject_weak/taco_00377_Drink_can_ada8d4a0.jpg,,reject_weak,reject,weak_reject_category,Drink can,Drink can,accept,0.752219,0.752219,0.247781,reject,False
images/reject_weak/taco_00378_Drink_can_583a5507.jpg,,reject_weak,reject,weak_reject_category,Drink can,Drink can,reject,0.562800,0.437201,0.562800,reject,True
images/accept_weak/taco_00379_Other_plastic_wrapper_54611cd6.jpg,,accept_weak,accept,weak_accept_category,Other plastic wrapper,Other plastic wrapper,accept,0.720815,0.720815,0.279185,reject,True
images/reject_weak/taco_00380_Clear_plastic_bottle_2c4e8da1.jpg,,reject_weak,reject,weak_reject_category,Clear plastic bottle,Clear plastic bottle|Plastic bottle cap,accept,0.912388,0.912388,0.087612,accept,False
images/reject_weak/taco_00381_Normal_paper_ab2dd5bd.jpg,,reject_weak,reject,weak_reject_category,Normal paper,Normal paper,accept,0.902577,0.902577,0.097423,accept,False
images/accept_weak/taco_00382_Other_plastic_wrapper_b3fe418d.jpg,,accept_weak,accept,weak_accept_category,Other plastic wrapper,Other plastic wrapper,accept,0.943646,0.943646,0.056354,accept,True
images/accept_weak/taco_00383_Other_plastic_wrapper_2caabe57.jpg,,accept_weak,accept,weak_accept_category,Other plastic wrapper,Other plastic wrapper,accept,0.775727,0.775727,0.224273,accept,True
images/accept_weak/taco_00384_Plastic_film_ec6c85c7.jpg,,accept_weak,accept,weak_accept_category,Plastic film,Plastic film,accept,0.924791,0.924791,0.075209,accept,True
images/accept_weak/taco_00385_Single-use_carrier_bag_1f9b261f.jpg,,accept_weak,accept,weak_accept_category,Single-use carrier bag,Plastic lid|Paper bag|Single-use carrier bag|Clear plastic bottle|Plastic film|Drink can,accept,0.741982,0.741982,0.258018,reject,True
images/accept_weak/taco_00386_Plastic_film_cc6fe241.jpg,,accept_weak,accept,weak_accept_category,Plastic film,Plastic film|Plastic lid|Other plastic,accept,0.998004,0.998004,0.001996,accept,True
images/accept_weak/taco_00387_Plastic_film_a5f33718.jpg,,accept_weak,accept,weak_accept_category,Plastic film,Meal carton|Plastic film|Single-use carrier bag,accept,0.922134,0.922134,0.077866,accept,True
images/accept_weak/taco_00388_Plastic_film_cf98d328.jpg,,accept_weak,accept,weak_accept_category,Plastic film,Disposable plastic cup|Plastic film|Meal carton|Single-use carrier bag,accept,0.943380,0.943380,0.056620,accept,True
images/accept_weak/taco_00389_Plastic_film_dff8a0ff.jpg,,accept_weak,accept,weak_accept_category,Plastic film,Clear plastic bottle|Plastic bottle cap|Plastic lid|Plastic film|Plastic straw|Unlabeled litter|Other plastic wrapper|Foam food container,reject,0.819507,0.180493,0.819507,reject,False
images/accept_weak/taco_00390_Plastic_film_e882573a.jpg,,accept_weak,accept,weak_accept_category,Plastic film,Plastic straw|Plastic film|Disposable plastic cup,accept,0.502629,0.502629,0.497371,reject,True
images/accept_weak/taco_00391_Other_plastic_wrapper_4dd4c4dd.jpg,,accept_weak,accept,weak_accept_category,Other plastic wrapper,Other plastic wrapper|Plastic bottle cap|Clear plastic bottle|Unlabeled litter,accept,0.863423,0.863423,0.136577,accept,True
images/accept_weak/taco_00392_Plastic_film_647e5b8a.jpg,,accept_weak,accept,weak_accept_category,Plastic film,Plastic straw|Plastic lid|Disposable plastic cup|Plastic film|Other plastic wrapper,accept,0.823408,0.823408,0.176592,accept,True
images/accept_weak/taco_00393_Other_plastic_wrapper_fd9637b2.jpg,,accept_weak,accept,weak_accept_category,Other plastic wrapper,Disposable plastic cup|Other plastic wrapper|Plastic lid,accept,0.778002,0.778002,0.221998,accept,True
images/accept_weak/taco_00394_Plastic_film_1836db1a.jpg,,accept_weak,accept,weak_accept_category,Plastic film,Clear plastic bottle|Other plastic|Plastic film|Unlabeled litter,reject,0.559213,0.440787,0.559213,reject,False
images/reject_weak/taco_00395_Plastic_bottle_cap_938efe3d.jpg,,reject_weak,reject,weak_reject_category,Plastic bottle cap,Plastic bottle cap|Clear plastic bottle|Unlabeled litter,reject,0.703475,0.296525,0.703475,reject,True
images/accept_weak/taco_00396_Foam_food_container_5a35177d.jpg,,accept_weak,accept,weak_accept_category,Foam food container,Unlabeled litter|Foam food container,accept,0.833436,0.833436,0.166564,accept,True
images/accept_weak/taco_00397_Single-use_carrier_bag_fb40d155.jpg,,accept_weak,accept,weak_accept_category,Single-use carrier bag,Single-use carrier bag,accept,0.828443,0.828443,0.171557,accept,True
images/accept_weak/taco_00398_Plastic_film_9fc3b538.jpg,,accept_weak,accept,weak_accept_category,Plastic film,Plastic film|Plastic straw|Cigarette,reject,0.988869,0.011131,0.988869,reject,False
images/reject_weak/taco_00399_Normal_paper_1157f879.jpg,,reject_weak,reject,weak_reject_category,Normal paper,Normal paper,accept,0.945460,0.945460,0.054540,accept,False
images/accept_weak/taco_00400_Plastic_film_10a2fa45.jpg,,accept_weak,accept,weak_accept_category,Plastic film,Plastic film,reject,0.828524,0.171476,0.828524,reject,False
images/accept_weak/taco_00402_Plastic_utensils_0f8175c3.jpg,,accept_weak,accept,weak_accept_category,Plastic utensils,Plastic utensils,accept,0.968197,0.968197,0.031803,accept,True
images/reject_weak/taco_00403_Wrapping_paper_30ce96e9.jpg,,reject_weak,reject,weak_reject_category,Wrapping paper,Wrapping paper,accept,0.514927,0.514927,0.485073,reject,False
images/accept_weak/taco_00404_Single-use_carrier_bag_233986b6.jpg,,accept_weak,accept,weak_accept_category,Single-use carrier bag,Single-use carrier bag|Unlabeled litter|Meal carton,accept,0.936850,0.936850,0.063150,accept,True
images/accept_weak/taco_00405_Other_plastic_wrapper_fe7499d5.jpg,,accept_weak,accept,weak_accept_category,Other plastic wrapper,Disposable plastic cup|Plastic straw|Other plastic wrapper,reject,0.523376,0.476624,0.523376,reject,False
images/accept_weak/taco_00406_Other_plastic_wrapper_1724da0d.jpg,,accept_weak,accept,weak_accept_category,Other plastic wrapper,Other plastic wrapper|Plastic film|Other carton,reject,0.886554,0.113446,0.886554,reject,False
images/accept_weak/taco_00407_Other_plastic_wrapper_076fbfa1.jpg,,accept_weak,accept,weak_accept_category,Other plastic wrapper,Other plastic wrapper,reject,0.997162,0.002838,0.997162,reject,False
images/accept_weak/taco_00408_Cigarette_2795b785.jpg,,accept_weak,accept,weak_accept_category,Cigarette,Plastic straw|Cigarette,accept,0.759046,0.759046,0.240954,reject,True
images/accept_weak/taco_00409_Plastic_film_7111218a.jpg,,accept_weak,accept,weak_accept_category,Plastic film,Disposable plastic cup|Plastic lid|Plastic straw|Plastic film,accept,0.623550,0.623550,0.376450,reject,True
images/accept_weak/taco_00410_Other_plastic_wrapper_dd575b80.jpg,,accept_weak,accept,weak_accept_category,Other plastic wrapper,Other plastic wrapper|Plastic film|Other carton|Clear plastic bottle|Plastic bottle cap,accept,0.838715,0.838715,0.161285,accept,True
images/accept_weak/taco_00411_Cigarette_72d693b6.jpg,,accept_weak,accept,weak_accept_category,Cigarette,Disposable plastic cup|Plastic lid|Plastic straw|Cigarette,reject,0.502014,0.497986,0.502014,reject,False
images/accept_weak/taco_00412_Single-use_carrier_bag_4537be68.jpg,,accept_weak,accept,weak_accept_category,Single-use carrier bag,Single-use carrier bag,accept,0.586346,0.586346,0.413654,reject,True
images/reject_weak/taco_00413_Plastic_bottle_cap_a1f648c3.jpg,,reject_weak,reject,weak_reject_category,Plastic bottle cap,Plastic bottle cap,accept,0.935841,0.935841,0.064159,accept,False
images/accept_weak/taco_00414_Other_plastic_wrapper_951f0514.jpg,,accept_weak,accept,weak_accept_category,Other plastic wrapper,Other plastic wrapper|Other plastic bottle|Plastic straw|Drink carton|Unlabeled litter,reject,0.514540,0.485460,0.514540,reject,False
images/accept_weak/taco_00415_Other_plastic_wrapper_dbd374a9.jpg,,accept_weak,accept,weak_accept_category,Other plastic wrapper,Disposable plastic cup|Unlabeled litter|Other plastic wrapper|Other plastic,accept,0.603662,0.603662,0.396338,reject,True
images/accept_weak/taco_00416_Plastic_utensils_a2e13620.jpg,,accept_weak,accept,weak_accept_category,Plastic utensils,Plastic straw|Plastic utensils|Disposable plastic cup|Other plastic wrapper|Other carton,reject,0.947999,0.052001,0.947999,reject,False
images/reject_weak/taco_00417_Drink_carton_8e6fc27a.jpg,,reject_weak,reject,weak_reject_category,Drink carton,Drink carton|Plastic straw,accept,0.917914,0.917914,0.082086,accept,False
images/reject_weak/taco_00418_Disposable_plastic_cup_d39f510b.jpg,,reject_weak,reject,weak_reject_category,Disposable plastic cup,Disposable plastic cup,accept,0.888562,0.888562,0.111438,accept,False
images/accept_weak/taco_00419_Other_plastic_wrapper_3ddf1179.jpg,,accept_weak,accept,weak_accept_category,Other plastic wrapper,Other plastic wrapper,accept,0.788323,0.788323,0.211677,accept,True
images/accept_weak/taco_00420_Plastic_film_48e32848.jpg,,accept_weak,accept,weak_accept_category,Plastic film,Plastic straw|Other plastic|Drink carton|Plastic film,accept,0.971858,0.971858,0.028142,accept,True
images/accept_weak/taco_00421_Plastic_film_ddeab03a.jpg,,accept_weak,accept,weak_accept_category,Plastic film,Plastic straw|Plastic film,reject,0.521784,0.478216,0.521784,reject,False
images/reject_weak/taco_00422_Plastic_straw_aa1d10d3.jpg,,reject_weak,reject,weak_reject_category,Plastic straw,Plastic straw,accept,0.890994,0.890994,0.109006,accept,False
images/accept_weak/taco_00423_Plastic_film_d9e7f9de.jpg,,accept_weak,accept,weak_accept_category,Plastic film,Plastic straw|Disposable plastic cup|Plastic film|Plastic lid|Other plastic,accept,0.821789,0.821789,0.178211,accept,True
images/accept_weak/taco_00424_Other_plastic_wrapper_5323124c.jpg,,accept_weak,accept,weak_accept_category,Other plastic wrapper,Other plastic wrapper,reject,0.975205,0.024795,0.975205,reject,False
images/accept_weak/taco_00425_Plastic_film_577cd57a.jpg,,accept_weak,accept,weak_accept_category,Plastic film,Plastic film,accept,0.961451,0.961451,0.038549,accept,True
images/accept_weak/taco_00426_Plastic_film_e7fea7e8.jpg,,accept_weak,accept,weak_accept_category,Plastic film,Plastic straw|Plastic film|Drink carton|Other plastic wrapper|Unlabeled litter|Cigarette|Other plastic,reject,0.766682,0.233318,0.766682,reject,False
images/reject_weak/taco_00427_Drink_can_8b6873cd.jpg,,reject_weak,reject,weak_reject_category,Drink can,Drink can|Plastic bottle cap|Other plastic bottle,reject,0.768375,0.231625,0.768375,reject,True
images/reject_weak/taco_00428_Drink_can_c72483a8.jpg,,reject_weak,reject,weak_reject_category,Drink can,Drink can|Pop tab,reject,0.531189,0.468811,0.531189,reject,True
images/reject_weak/taco_00429_Plastic_bottle_cap_84bde073.jpg,,reject_weak,reject,weak_reject_category,Plastic bottle cap,Plastic bottle cap|Clear plastic bottle,reject,0.906302,0.093698,0.906302,reject,True
images/accept_weak/taco_00430_Styrofoam_piece_d8593837.jpg,,accept_weak,accept,weak_accept_category,Styrofoam piece,Styrofoam piece,accept,0.547103,0.547103,0.452897,reject,True
images/accept_weak/taco_00432_Plastic_film_97a9ef9d.jpg,,accept_weak,accept,weak_accept_category,Plastic film,Plastic film|Other plastic,accept,0.523054,0.523054,0.476946,reject,True
images/reject_weak/taco_00433_Plastic_lid_7b3846db.jpg,,reject_weak,reject,weak_reject_category,Plastic lid,Plastic lid,accept,0.734168,0.734168,0.265832,reject,False
images/reject_weak/taco_00434_Aluminium_foil_098a91cb.jpg,,reject_weak,reject,weak_reject_category,Aluminium foil,Aluminium foil,reject,0.747297,0.252703,0.747297,reject,True
images/reject_weak/taco_00435_Other_plastic_bottle_dad9c752.jpg,,reject_weak,reject,weak_reject_category,Other plastic bottle,Other plastic bottle,reject,0.876023,0.123977,0.876023,reject,True
images/accept_weak/taco_00436_Other_plastic_wrapper_9aa2de79.jpg,,accept_weak,accept,weak_accept_category,Other plastic wrapper,Other plastic wrapper|Other plastic,accept,0.887842,0.887842,0.112158,accept,True
images/reject_weak/taco_00437_Plastic_bottle_cap_1ee5c34d.jpg,,reject_weak,reject,weak_reject_category,Plastic bottle cap,Plastic bottle cap|Clear plastic bottle,accept,0.765976,0.765976,0.234024,accept,False
images/reject_weak/taco_00438_Drink_can_4159205e.jpg,,reject_weak,reject,weak_reject_category,Drink can,Drink can,reject,0.786192,0.213808,0.786192,reject,True
images/accept_weak/taco_00439_Plastic_film_a12da192.jpg,,accept_weak,accept,weak_accept_category,Plastic film,Plastic film,accept,0.725448,0.725448,0.274552,reject,True
images/reject_weak/taco_00440_Clear_plastic_bottle_2056839b.jpg,,reject_weak,reject,weak_reject_category,Clear plastic bottle,Clear plastic bottle|Plastic bottle cap,accept,0.701830,0.701830,0.298170,reject,False
images/accept_weak/taco_00441_Other_plastic_wrapper_1ae1f4a9.jpg,,accept_weak,accept,weak_accept_category,Other plastic wrapper,Other plastic wrapper,accept,0.668645,0.668645,0.331355,reject,True
images/accept_weak/taco_00442_Plastic_film_36955af1.jpg,,accept_weak,accept,weak_accept_category,Plastic film,Plastic straw|Plastic film,accept,0.824070,0.824070,0.175930,accept,True
images/reject_weak/taco_00443_Clear_plastic_bottle_73b32455.jpg,,reject_weak,reject,weak_reject_category,Clear plastic bottle,Clear plastic bottle,reject,0.646642,0.353358,0.646642,reject,True
images/reject_weak/taco_00444_Clear_plastic_bottle_ed728c9b.jpg,,reject_weak,reject,weak_reject_category,Clear plastic bottle,Clear plastic bottle|Plastic bottle cap,accept,0.736209,0.736209,0.263791,reject,False
images/accept_weak/taco_00445_Plastic_utensils_d81fd89b.jpg,,accept_weak,accept,weak_accept_category,Plastic utensils,Plastic utensils|Other plastic wrapper|Unlabeled litter,accept,0.788325,0.788325,0.211675,accept,True
images/reject_weak/taco_00446_Drink_can_13965f95.jpg,,reject_weak,reject,weak_reject_category,Drink can,Drink can|Pop tab,reject,0.992925,0.007075,0.992925,reject,True
images/accept_weak/taco_00447_Plastic_film_06544904.jpg,,accept_weak,accept,weak_accept_category,Plastic film,Plastic film,reject,0.574001,0.425999,0.574001,reject,False
images/accept_weak/taco_00448_Plastic_utensils_0d4fe2a5.jpg,,accept_weak,accept,weak_accept_category,Plastic utensils,Plastic utensils|Plastic straw,accept,0.827875,0.827875,0.172125,accept,True
images/reject_weak/taco_00449_Drink_carton_a9dfea93.jpg,,reject_weak,reject,weak_reject_category,Drink carton,Drink carton,reject,0.983288,0.016712,0.983288,reject,True
images/accept_weak/taco_00450_Styrofoam_piece_c9207f96.jpg,,accept_weak,accept,weak_accept_category,Styrofoam piece,Styrofoam piece|Rope & strings,accept,0.993966,0.993966,0.006034,accept,True
images/accept_weak/taco_00451_Cigarette_63f498f2.jpg,,accept_weak,accept,weak_accept_category,Cigarette,Unlabeled litter|Cigarette,reject,0.546035,0.453965,0.546035,reject,False
images/accept_weak/taco_00452_Other_plastic_wrapper_db63ffc8.jpg,,accept_weak,accept,weak_accept_category,Other plastic wrapper,Other plastic wrapper,accept,0.736956,0.736956,0.263044,reject,True
images/reject_weak/taco_00453_Other_carton_409884eb.jpg,,reject_weak,reject,weak_reject_category,Other carton,Other carton|Other plastic,reject,0.662410,0.337590,0.662410,reject,True
images/accept_weak/taco_00454_Styrofoam_piece_7bc55532.jpg,,accept_weak,accept,weak_accept_category,Styrofoam piece,Styrofoam piece|Other carton,reject,0.604879,0.395121,0.604879,reject,False
images/reject_weak/taco_00455_Corrugated_carton_01f2bf64.jpg,,reject_weak,reject,weak_reject_category,Corrugated carton,Corrugated carton|Drink can|Pop tab,accept,0.746968,0.746968,0.253032,reject,False
images/reject_weak/taco_00456_Battery_6384ce82.jpg,,reject_weak,reject,weak_reject_category,Battery,Battery,accept,0.873862,0.873862,0.126138,accept,False
images/accept_weak/taco_00457_Tissues_8376cc14.jpg,,accept_weak,accept,weak_accept_category,Tissues,Tissues|Disposable plastic cup|Plastic straw|Plastic lid|Normal paper|Cigarette|Other carton|Paper bag,accept,0.572823,0.572823,0.427177,reject,True
images/accept_weak/taco_00458_Other_plastic_wrapper_c1f0ade5.jpg,,accept_weak,accept,weak_accept_category,Other plastic wrapper,Other plastic wrapper,accept,0.959119,0.959119,0.040881,accept,True
images/accept_weak/taco_00459_Plastic_film_c3c50f1d.jpg,,accept_weak,accept,weak_accept_category,Plastic film,Plastic film,accept,0.841996,0.841996,0.158004,accept,True
images/accept_weak/taco_00460_Disposable_food_container_e45a0207.jpg,,accept_weak,accept,weak_accept_category,Disposable food container,Foam cup|Glass bottle|Plastic lid|Disposable plastic cup|Paper cup|Drink can|Disposable food container|Unlabeled litter|Paper straw,accept,0.719568,0.719568,0.280432,reject,True
images/accept_weak/taco_00461_Plastic_utensils_302d026e.jpg,,accept_weak,accept,weak_accept_category,Plastic utensils,Plastic utensils,accept,0.728874,0.728874,0.271126,reject,True
images/accept_weak/taco_00462_Other_plastic_wrapper_0f72027f.jpg,,accept_weak,accept,weak_accept_category,Other plastic wrapper,Other plastic wrapper,reject,0.764531,0.235469,0.764531,reject,False
images/reject_weak/taco_00463_Scrap_metal_61b2c3b2.jpg,,reject_weak,reject,weak_reject_category,Scrap metal,Scrap metal,accept,0.996044,0.996044,0.003956,accept,False
images/accept_weak/taco_00464_Styrofoam_piece_8641bf20.jpg,,accept_weak,accept,weak_accept_category,Styrofoam piece,Styrofoam piece,accept,0.937998,0.937998,0.062002,accept,True
images/reject_weak/taco_00465_Tupperware_802a7678.jpg,,reject_weak,reject,weak_reject_category,Tupperware,Tupperware,reject,0.813231,0.186769,0.813231,reject,True
images/accept_weak/taco_00466_Plastic_film_09b73746.jpg,,accept_weak,accept,weak_accept_category,Plastic film,Plastic film,accept,0.590842,0.590842,0.409158,reject,True
images/reject_weak/taco_00467_Metal_bottle_cap_9ab84b7f.jpg,,reject_weak,reject,weak_reject_category,Metal bottle cap,Metal bottle cap,reject,0.553801,0.446199,0.553801,reject,True
images/reject_weak/taco_00468_Glass_bottle_df08548d.jpg,,reject_weak,reject,weak_reject_category,Glass bottle,Glass bottle,reject,0.550733,0.449267,0.550733,reject,True
images/reject_weak/taco_00469_Other_plastic_e380a0a4.jpg,,reject_weak,reject,weak_reject_category,Other plastic,Other plastic,reject,0.720258,0.279742,0.720258,reject,True
images/reject_weak/taco_00471_Pop_tab_3f4a5030.jpg,,reject_weak,reject,weak_reject_category,Pop tab,Pop tab,reject,0.561996,0.438004,0.561996,reject,True
images/reject_weak/taco_00472_Other_carton_2d04f385.jpg,,reject_weak,reject,weak_reject_category,Other carton,Other carton,accept,0.885804,0.885804,0.114196,accept,False
images/reject_weak/taco_00473_Other_plastic_162e30af.jpg,,reject_weak,reject,weak_reject_category,Other plastic,Other plastic,reject,0.897932,0.102068,0.897932,reject,True
images/reject_weak/taco_00474_Plastic_bottle_cap_ca84baf9.jpg,,reject_weak,reject,weak_reject_category,Plastic bottle cap,Plastic bottle cap,reject,0.691692,0.308308,0.691692,reject,True
images/accept_weak/taco_00475_Plastic_film_c81b677d.jpg,,accept_weak,accept,weak_accept_category,Plastic film,Plastic film,accept,0.511974,0.511974,0.488026,reject,True
images/reject_weak/taco_00476_Other_plastic_2a9ae1fc.jpg,,reject_weak,reject,weak_reject_category,Other plastic,Other plastic,accept,0.757468,0.757468,0.242532,reject,False
images/accept_weak/taco_00477_Plastic_film_937f0228.jpg,,accept_weak,accept,weak_accept_category,Plastic film,Plastic film,reject,0.614910,0.385090,0.614910,reject,False
images/reject_weak/taco_00478_Metal_bottle_cap_9e1ceb0e.jpg,,reject_weak,reject,weak_reject_category,Metal bottle cap,Metal bottle cap,reject,0.788716,0.211284,0.788716,reject,True
images/accept_weak/taco_00479_Plastic_film_72a18ac2.jpg,,accept_weak,accept,weak_accept_category,Plastic film,Other carton|Plastic film,reject,0.980632,0.019368,0.980632,reject,False
images/reject_weak/taco_00480_Metal_bottle_cap_6519c2b9.jpg,,reject_weak,reject,weak_reject_category,Metal bottle cap,Metal bottle cap,reject,0.687591,0.312409,0.687591,reject,True
images/accept_weak/taco_00481_Single-use_carrier_bag_6d1bcf12.jpg,,accept_weak,accept,weak_accept_category,Single-use carrier bag,Single-use carrier bag|Normal paper,accept,0.862776,0.862776,0.137224,accept,True
images/reject_weak/taco_00482_Metal_bottle_cap_bb934b55.jpg,,reject_weak,reject,weak_reject_category,Metal bottle cap,Metal bottle cap,reject,0.958270,0.041730,0.958270,reject,True
images/reject_weak/taco_00483_Drink_can_9e353d79.jpg,,reject_weak,reject,weak_reject_category,Drink can,Drink can,reject,0.986513,0.013487,0.986513,reject,True
images/accept_weak/taco_00484_Other_plastic_wrapper_aace0446.jpg,,accept_weak,accept,weak_accept_category,Other plastic wrapper,Other plastic wrapper|Plastic film|Unlabeled litter|Cigarette,reject,0.776507,0.223493,0.776507,reject,False
images/reject_weak/taco_00485_Metal_bottle_cap_dde915f0.jpg,,reject_weak,reject,weak_reject_category,Metal bottle cap,Metal bottle cap,reject,0.982008,0.017992,0.982008,reject,True
images/accept_weak/taco_00486_Plastic_film_50ed1068.jpg,,accept_weak,accept,weak_accept_category,Plastic film,Plastic film,reject,0.532387,0.467613,0.532387,reject,False
images/reject_weak/taco_00487_Clear_plastic_bottle_faf9b546.jpg,,reject_weak,reject,weak_reject_category,Clear plastic bottle,Clear plastic bottle,accept,0.904247,0.904247,0.095753,accept,False
images/accept_weak/taco_00488_Cigarette_14bc1e9c.jpg,,accept_weak,accept,weak_accept_category,Cigarette,Cigarette|Other plastic,accept,0.891178,0.891178,0.108821,accept,True
images/reject_weak/taco_00489_Drink_can_0d519e40.jpg,,reject_weak,reject,weak_reject_category,Drink can,Drink can,reject,0.537489,0.462511,0.537489,reject,True
images/accept_weak/taco_00490_Cigarette_fde3ea9c.jpg,,accept_weak,accept,weak_accept_category,Cigarette,Cigarette,reject,0.659470,0.340530,0.659470,reject,False
images/reject_weak/taco_00491_Metal_bottle_cap_ed3686f3.jpg,,reject_weak,reject,weak_reject_category,Metal bottle cap,Metal bottle cap,accept,0.580312,0.580312,0.419688,reject,False
images/reject_weak/taco_00492_Plastic_lid_1b774e6e.jpg,,reject_weak,reject,weak_reject_category,Plastic lid,Plastic lid,reject,0.585502,0.414499,0.585502,reject,True
images/reject_weak/taco_00493_Clear_plastic_bottle_316f93de.jpg,,reject_weak,reject,weak_reject_category,Clear plastic bottle,Clear plastic bottle|Plastic bottle cap,reject,0.741889,0.258111,0.741889,reject,True
images/reject_weak/taco_00494_Clear_plastic_bottle_211715f2.jpg,,reject_weak,reject,weak_reject_category,Clear plastic bottle,Clear plastic bottle,accept,0.563513,0.563513,0.436487,reject,False
images/reject_weak/taco_00495_Drink_can_ca54e4fe.jpg,,reject_weak,reject,weak_reject_category,Drink can,Drink can|Pop tab,reject,0.902789,0.097211,0.902789,reject,True
images/reject_weak/taco_00496_Clear_plastic_bottle_43127155.jpg,,reject_weak,reject,weak_reject_category,Clear plastic bottle,Clear plastic bottle|Plastic bottle cap,reject,0.572016,0.427984,0.572016,reject,True
images/reject_weak/taco_00497_Other_plastic_c3a3bd86.jpg,,reject_weak,reject,weak_reject_category,Other plastic,Other plastic,accept,0.806718,0.806718,0.193282,accept,False
images/reject_weak/taco_00498_Other_plastic_b2f70716.jpg,,reject_weak,reject,weak_reject_category,Other plastic,Other plastic,accept,0.984948,0.984948,0.015052,accept,False
images/accept_weak/taco_00499_Disposable_food_container_005018eb.jpg,,accept_weak,accept,weak_accept_category,Disposable food container,Disposable food container,accept,0.748837,0.748837,0.251163,reject,True
images/accept_weak/taco_00500_Plastic_film_45dd6359.jpg,,accept_weak,accept,weak_accept_category,Plastic film,Plastic film,accept,0.816250,0.816250,0.183750,accept,True
images/accept_weak/taco_00501_Other_plastic_wrapper_a4bce369.jpg,,accept_weak,accept,weak_accept_category,Other plastic wrapper,Other plastic wrapper,reject,0.953222,0.046778,0.953222,reject,False
images/reject_weak/taco_00502_Disposable_plastic_cup_48f0ca87.jpg,,reject_weak,reject,weak_reject_category,Disposable plastic cup,Disposable plastic cup,accept,0.945558,0.945558,0.054443,accept,False
images/reject_weak/taco_00503_Paper_cup_0993a286.jpg,,reject_weak,reject,weak_reject_category,Paper cup,Paper cup|Rope & strings,accept,0.569984,0.569984,0.430016,reject,False
images/accept_weak/taco_00504_Plastic_film_f58a28fc.jpg,,accept_weak,accept,weak_accept_category,Plastic film,Plastic film|Cigarette,accept,0.777485,0.777485,0.222515,accept,True
images/accept_weak/taco_00505_Other_plastic_wrapper_72cd3716.jpg,,accept_weak,accept,weak_accept_category,Other plastic wrapper,Other plastic wrapper,accept,0.604601,0.604601,0.395399,reject,True
images/reject_weak/taco_00506_Plastic_straw_cacfd94d.jpg,,reject_weak,reject,weak_reject_category,Plastic straw,Plastic straw,reject,0.886888,0.113112,0.886888,reject,True
images/reject_weak/taco_00507_Other_plastic_bottle_a5669156.jpg,,reject_weak,reject,weak_reject_category,Other plastic bottle,Other plastic bottle|Plastic bottle cap,reject,0.999643,0.000357,0.999643,reject,True
images/reject_weak/taco_00508_Other_plastic_bottle_9f922e04.jpg,,reject_weak,reject,weak_reject_category,Other plastic bottle,Other plastic bottle|Plastic bottle cap,reject,0.984102,0.015898,0.984102,reject,True
images/reject_weak/taco_00509_Metal_bottle_cap_4f57f2f6.jpg,,reject_weak,reject,weak_reject_category,Metal bottle cap,Metal bottle cap,reject,0.945642,0.054358,0.945642,reject,True
images/reject_weak/taco_00510_Other_plastic_4316e966.jpg,,reject_weak,reject,weak_reject_category,Other plastic,Other plastic|Unlabeled litter,accept,0.986110,0.986110,0.013890,accept,False
images/accept_weak/taco_00511_Plastic_film_005fec89.jpg,,accept_weak,accept,weak_accept_category,Plastic film,Plastic film,reject,0.851279,0.148721,0.851279,reject,False
images/accept_weak/taco_00512_Cigarette_4617d2e8.jpg,,accept_weak,accept,weak_accept_category,Cigarette,Cigarette,reject,0.770294,0.229706,0.770294,reject,False
images/accept_weak/taco_00513_Plastic_film_0791bc0a.jpg,,accept_weak,accept,weak_accept_category,Plastic film,Plastic film,reject,0.571997,0.428003,0.571997,reject,False
images/reject_weak/taco_00514_Clear_plastic_bottle_38bcf645.jpg,,reject_weak,reject,weak_reject_category,Clear plastic bottle,Clear plastic bottle|Plastic bottle cap,reject,0.512064,0.487936,0.512064,reject,True
images/reject_weak/taco_00515_Pop_tab_3cd15b36.jpg,,reject_weak,reject,weak_reject_category,Pop tab,Pop tab,reject,0.629571,0.370429,0.629571,reject,True
images/accept_weak/taco_00516_Plastic_utensils_0fc58770.jpg,,accept_weak,accept,weak_accept_category,Plastic utensils,Plastic utensils|Clear plastic bottle|Unlabeled litter,reject,0.648043,0.351957,0.648043,reject,False
images/accept_weak/taco_00517_Tissues_52632e83.jpg,,accept_weak,accept,weak_accept_category,Tissues,Tissues,accept,0.634280,0.634280,0.365720,reject,True
images/reject_weak/taco_00518_Other_carton_69f98d38.jpg,,reject_weak,reject,weak_reject_category,Other carton,Other carton,reject,0.911597,0.088403,0.911597,reject,True
images/accept_weak/taco_00519_Plastic_film_faf13bb3.jpg,,accept_weak,accept,weak_accept_category,Plastic film,Plastic film,reject,0.760214,0.239786,0.760214,reject,False
images/reject_weak/taco_00520_Clear_plastic_bottle_6f840c8b.jpg,,reject_weak,reject,weak_reject_category,Clear plastic bottle,Clear plastic bottle|Plastic bottle cap,accept,0.641601,0.641601,0.358398,reject,False
images/reject_weak/taco_00521_Other_carton_f423cf28.jpg,,reject_weak,reject,weak_reject_category,Other carton,Other carton,accept,0.595623,0.595623,0.404377,reject,False
images/reject_weak/taco_00522_Drink_can_8c8e9d2f.jpg,,reject_weak,reject,weak_reject_category,Drink can,Drink can|Other plastic bottle|Other carton|Pop tab,reject,0.561724,0.438276,0.561724,reject,True
images/reject_weak/taco_00523_Paper_bag_57f7dceb.jpg,,reject_weak,reject,weak_reject_category,Paper bag,Paper bag|Plastic lid|Paper cup|Wrapping paper,accept,0.624323,0.624323,0.375677,reject,False
images/reject_weak/taco_00524_Clear_plastic_bottle_ee0f8107.jpg,,reject_weak,reject,weak_reject_category,Clear plastic bottle,Clear plastic bottle|Plastic bottle cap,accept,0.961466,0.961466,0.038534,accept,False
images/reject_weak/taco_00525_Drink_can_45fb0a5d.jpg,,reject_weak,reject,weak_reject_category,Drink can,Drink can,accept,0.985402,0.985402,0.014598,accept,False
images/reject_weak/taco_00526_Clear_plastic_bottle_6b12602b.jpg,,reject_weak,reject,weak_reject_category,Clear plastic bottle,Clear plastic bottle|Plastic bottle cap,accept,0.904487,0.904487,0.095513,accept,False
images/accept_weak/taco_00527_Plastic_film_c371db04.jpg,,accept_weak,accept,weak_accept_category,Plastic film,Plastic film,accept,0.944900,0.944900,0.055100,accept,True
images/accept_weak/taco_00528_Plastic_film_ccde25ec.jpg,,accept_weak,accept,weak_accept_category,Plastic film,Plastic film,accept,0.940169,0.940169,0.059831,accept,True
images/accept_weak/taco_00529_Plastic_film_6db65bb2.jpg,,accept_weak,accept,weak_accept_category,Plastic film,Plastic film,accept,0.771966,0.771966,0.228034,accept,True
images/reject_weak/taco_00530_Plastic_bottle_cap_ac4009a1.jpg,,reject_weak,reject,weak_reject_category,Plastic bottle cap,Plastic bottle cap,accept,0.861852,0.861852,0.138148,accept,False
images/reject_weak/taco_00531_Plastic_bottle_cap_4ba0ab8a.jpg,,reject_weak,reject,weak_reject_category,Plastic bottle cap,Plastic bottle cap,accept,0.987924,0.987924,0.012076,accept,False
images/reject_weak/taco_00532_Disposable_plastic_cup_00245c44.jpg,,reject_weak,reject,weak_reject_category,Disposable plastic cup,Disposable plastic cup,accept,0.553655,0.553655,0.446345,reject,False
images/accept_weak/taco_00533_Cigarette_aa01cd6e.jpg,,accept_weak,accept,weak_accept_category,Cigarette,Cigarette|Paper bag,accept,0.889391,0.889391,0.110608,accept,True
images/reject_weak/taco_00534_Disposable_plastic_cup_25f92989.jpg,,reject_weak,reject,weak_reject_category,Disposable plastic cup,Disposable plastic cup,accept,0.758569,0.758569,0.241431,reject,False
images/accept_weak/taco_00535_Plastic_film_c98ffa9f.jpg,,accept_weak,accept,weak_accept_category,Plastic film,Plastic film,accept,0.575133,0.575133,0.424867,reject,True
images/accept_weak/taco_00536_Other_plastic_wrapper_e2aba4f4.jpg,,accept_weak,accept,weak_accept_category,Other plastic wrapper,Other plastic wrapper,accept,0.771901,0.771901,0.228099,accept,True
images/reject_weak/taco_00537_Drink_can_3900d992.jpg,,reject_weak,reject,weak_reject_category,Drink can,Drink can|Pop tab,reject,0.848645,0.151355,0.848645,reject,True
images/reject_weak/taco_00538_Clear_plastic_bottle_1e43b025.jpg,,reject_weak,reject,weak_reject_category,Clear plastic bottle,Clear plastic bottle|Plastic bottle cap|Aluminium foil,accept,0.574938,0.574938,0.425062,reject,False
images/reject_weak/taco_00539_Glass_bottle_15b9eebf.jpg,,reject_weak,reject,weak_reject_category,Glass bottle,Glass bottle,accept,0.958150,0.958150,0.041850,accept,False
images/reject_weak/taco_00540_Glass_bottle_da178cea.jpg,,reject_weak,reject,weak_reject_category,Glass bottle,Glass bottle,accept,0.973178,0.973178,0.026822,accept,False
images/reject_weak/taco_00541_Metal_bottle_cap_8a6d7638.jpg,,reject_weak,reject,weak_reject_category,Metal bottle cap,Metal bottle cap,accept,0.937461,0.937461,0.062539,accept,False
images/reject_weak/taco_00542_Plastic_straw_754cede4.jpg,,reject_weak,reject,weak_reject_category,Plastic straw,Plastic straw,accept,0.975759,0.975759,0.024241,accept,False
images/reject_weak/taco_00543_Other_plastic_bottle_268362d7.jpg,,reject_weak,reject,weak_reject_category,Other plastic bottle,Other plastic bottle|Plastic bottle cap,accept,0.899184,0.899184,0.100816,accept,False
images/reject_weak/taco_00544_Metal_bottle_cap_aa499c35.jpg,,reject_weak,reject,weak_reject_category,Metal bottle cap,Metal bottle cap|Unlabeled litter,accept,0.993581,0.993581,0.006419,accept,False
images/reject_weak/taco_00545_Metal_bottle_cap_12dcdc6c.jpg,,reject_weak,reject,weak_reject_category,Metal bottle cap,Metal bottle cap,reject,0.571696,0.428304,0.571696,reject,True
images/accept_weak/taco_00546_Cigarette_670b8a5d.jpg,,accept_weak,accept,weak_accept_category,Cigarette,Cigarette,accept,0.929081,0.929081,0.070919,accept,True
images/accept_weak/taco_00548_Cigarette_df5b4df5.jpg,,accept_weak,accept,weak_accept_category,Cigarette,Drink can|Pop tab|Cigarette,reject,0.937766,0.062234,0.937766,reject,False
images/accept_weak/taco_00549_Plastic_film_158d51ed.jpg,,accept_weak,accept,weak_accept_category,Plastic film,Clear plastic bottle|Plastic film,reject,0.966146,0.033854,0.966146,reject,False
images/reject_weak/taco_00550_Broken_glass_19d6cb10.jpg,,reject_weak,reject,weak_reject_category,Broken glass,Broken glass,accept,0.950599,0.950599,0.049401,accept,False
images/reject_weak/taco_00552_Plastic_bottle_cap_bfb4c42f.jpg,,reject_weak,reject,weak_reject_category,Plastic bottle cap,Plastic bottle cap,reject,0.567706,0.432294,0.567706,reject,True
images/accept_weak/taco_00553_Styrofoam_piece_fa615138.jpg,,accept_weak,accept,weak_accept_category,Styrofoam piece,Styrofoam piece,accept,0.831037,0.831037,0.168963,accept,True
images/reject_weak/taco_00554_Other_plastic_0c7f387d.jpg,,reject_weak,reject,weak_reject_category,Other plastic,Other plastic,reject,0.906340,0.093660,0.906340,reject,True
images/reject_weak/taco_00555_Other_plastic_208cfd33.jpg,,reject_weak,reject,weak_reject_category,Other plastic,Other plastic,reject,0.999305,0.000695,0.999305,reject,True
images/reject_weak/taco_00557_Plastic_bottle_cap_389c470b.jpg,,reject_weak,reject,weak_reject_category,Plastic bottle cap,Plastic bottle cap,accept,0.983775,0.983775,0.016225,accept,False
images/accept_weak/taco_00558_Plastic_film_832d1631.jpg,,accept_weak,accept,weak_accept_category,Plastic film,Plastic film,reject,0.871647,0.128353,0.871647,reject,False
images/accept_weak/taco_00559_Styrofoam_piece_33acb63f.jpg,,accept_weak,accept,weak_accept_category,Styrofoam piece,Styrofoam piece,reject,0.909521,0.090479,0.909521,reject,False
images/reject_weak/taco_00560_Other_carton_f15915f4.jpg,,reject_weak,reject,weak_reject_category,Other carton,Other carton,accept,0.891296,0.891296,0.108704,accept,False
images/reject_weak/taco_00561_Other_plastic_e8f9bc06.jpg,,reject_weak,reject,weak_reject_category,Other plastic,Other plastic,accept,0.895246,0.895246,0.104754,accept,False
images/reject_weak/taco_00562_Normal_paper_a7817620.jpg,,reject_weak,reject,weak_reject_category,Normal paper,Normal paper,reject,0.830065,0.169935,0.830065,reject,True
images/accept_weak/taco_00563_Plastic_film_10155ba6.jpg,,accept_weak,accept,weak_accept_category,Plastic film,Plastic film|Other carton,accept,0.763543,0.763543,0.236457,accept,True
images/accept_weak/taco_00565_Plastic_film_e57e6464.jpg,,accept_weak,accept,weak_accept_category,Plastic film,Plastic film,accept,0.945465,0.945465,0.054535,accept,True
images/accept_weak/taco_00566_Other_plastic_wrapper_b14ef60e.jpg,,accept_weak,accept,weak_accept_category,Other plastic wrapper,Other plastic wrapper,reject,0.606425,0.393575,0.606425,reject,False
images/reject_weak/taco_00567_Disposable_plastic_cup_edc86e82.jpg,,reject_weak,reject,weak_reject_category,Disposable plastic cup,Disposable plastic cup,accept,0.810069,0.810069,0.189931,accept,False
images/accept_weak/taco_00568_Other_plastic_wrapper_4ec7e1de.jpg,,accept_weak,accept,weak_accept_category,Other plastic wrapper,Other plastic wrapper|Plastic film,accept,0.858899,0.858899,0.141101,accept,True
images/accept_weak/taco_00569_Other_plastic_wrapper_c2007816.jpg,,accept_weak,accept,weak_accept_category,Other plastic wrapper,Other plastic wrapper,accept,0.714431,0.714431,0.285569,reject,True
images/reject_weak/taco_00570_Drink_can_d6eeca2e.jpg,,reject_weak,reject,weak_reject_category,Drink can,Drink can|Pop tab,accept,0.591040,0.591040,0.408960,reject,False
images/reject_weak/taco_00571_Other_plastic_947bf565.jpg,,reject_weak,reject,weak_reject_category,Other plastic,Other plastic,accept,0.757265,0.757265,0.242735,reject,False
images/reject_weak/taco_00572_Other_carton_b60b025b.jpg,,reject_weak,reject,weak_reject_category,Other carton,Other carton,accept,0.902891,0.902891,0.097109,accept,False
images/reject_weak/taco_00573_Normal_paper_a89200fc.jpg,,reject_weak,reject,weak_reject_category,Normal paper,Normal paper,reject,0.567090,0.432910,0.567090,reject,True
images/reject_weak/taco_00574_Other_plastic_d935cbe2.jpg,,reject_weak,reject,weak_reject_category,Other plastic,Other plastic,reject,0.724075,0.275925,0.724075,reject,True
images/accept_weak/taco_00575_Styrofoam_piece_75dfbefb.jpg,,accept_weak,accept,weak_accept_category,Styrofoam piece,Styrofoam piece,accept,0.716511,0.716511,0.283489,reject,True
images/reject_weak/taco_00576_Metal_bottle_cap_1ce71ef7.jpg,,reject_weak,reject,weak_reject_category,Metal bottle cap,Metal bottle cap,accept,0.638524,0.638524,0.361476,reject,False
images/reject_weak/taco_00578_Other_plastic_bottle_a067e361.jpg,,reject_weak,reject,weak_reject_category,Other plastic bottle,Other plastic bottle|Plastic bottle cap,reject,0.787342,0.212658,0.787342,reject,True
images/reject_weak/taco_00579_Plastic_bottle_cap_2c3b89dd.jpg,,reject_weak,reject,weak_reject_category,Plastic bottle cap,Plastic bottle cap,reject,0.704563,0.295437,0.704563,reject,True
images/reject_weak/taco_00580_Clear_plastic_bottle_fee79482.jpg,,reject_weak,reject,weak_reject_category,Clear plastic bottle,Clear plastic bottle|Drink can|Other plastic,accept,0.623763,0.623763,0.376236,reject,False
images/reject_weak/taco_00581_Other_plastic_43100b91.jpg,,reject_weak,reject,weak_reject_category,Other plastic,Other plastic,accept,0.984998,0.984998,0.015002,accept,False
images/reject_weak/taco_00582_Glass_bottle_7edddce4.jpg,,reject_weak,reject,weak_reject_category,Glass bottle,Glass bottle|Drink can|Scrap metal|Unlabeled litter,reject,0.699928,0.300072,0.699928,reject,True
images/accept_weak/taco_00584_Other_plastic_wrapper_7eab1451.jpg,,accept_weak,accept,weak_accept_category,Other plastic wrapper,Other plastic wrapper|Unlabeled litter,accept,0.718289,0.718289,0.281711,reject,True
images/accept_weak/taco_00585_Other_plastic_wrapper_bf1aba81.jpg,,accept_weak,accept,weak_accept_category,Other plastic wrapper,Other plastic wrapper,accept,0.617022,0.617022,0.382978,reject,True
images/accept_weak/taco_00586_Other_plastic_wrapper_94642d58.jpg,,accept_weak,accept,weak_accept_category,Other plastic wrapper,Other plastic wrapper,reject,0.742792,0.257208,0.742792,reject,False
images/accept_weak/taco_00587_Plastic_film_93fa8e33.jpg,,accept_weak,accept,weak_accept_category,Plastic film,Plastic film,reject,0.800372,0.199628,0.800372,reject,False
images/accept_weak/taco_00588_Other_plastic_wrapper_54985de5.jpg,,accept_weak,accept,weak_accept_category,Other plastic wrapper,Other plastic wrapper|Plastic straw,accept,0.916447,0.916447,0.083553,accept,True
images/accept_weak/taco_00589_Styrofoam_piece_171d59d9.jpg,,accept_weak,accept,weak_accept_category,Styrofoam piece,Other plastic|Styrofoam piece,accept,0.620533,0.620533,0.379467,reject,True
images/accept_weak/taco_00590_Other_plastic_wrapper_522a1d6a.jpg,,accept_weak,accept,weak_accept_category,Other plastic wrapper,Other plastic wrapper,accept,0.505637,0.505637,0.494363,reject,True
images/accept_weak/taco_00591_Other_plastic_wrapper_863e33d5.jpg,,accept_weak,accept,weak_accept_category,Other plastic wrapper,Other plastic wrapper,reject,0.959819,0.040181,0.959819,reject,False
images/reject_weak/taco_00592_Plastic_bottle_cap_eac601f0.jpg,,reject_weak,reject,weak_reject_category,Plastic bottle cap,Plastic bottle cap,accept,0.863953,0.863953,0.136047,accept,False
images/reject_weak/taco_00593_Meal_carton_9e29a93b.jpg,,reject_weak,reject,weak_reject_category,Meal carton,Meal carton,accept,0.722519,0.722519,0.277481,reject,False
images/accept_weak/taco_00594_Other_plastic_wrapper_819c339d.jpg,,accept_weak,accept,weak_accept_category,Other plastic wrapper,Other plastic|Other plastic wrapper|Unlabeled litter,accept,0.765168,0.765168,0.234832,accept,True
images/reject_weak/taco_00595_Other_plastic_bottle_7adcd82c.jpg,,reject_weak,reject,weak_reject_category,Other plastic bottle,Other plastic bottle|Plastic bottle cap|Food Can|Pop tab,accept,0.513262,0.513262,0.486738,reject,False
images/reject_weak/taco_00596_Normal_paper_326a1d50.jpg,,reject_weak,reject,weak_reject_category,Normal paper,Normal paper,reject,0.582521,0.417479,0.582521,reject,True
images/reject_weak/taco_00597_Glass_bottle_890c6c0e.jpg,,reject_weak,reject,weak_reject_category,Glass bottle,Glass bottle,accept,0.968393,0.968393,0.031607,accept,False
images/reject_weak/taco_00598_Broken_glass_a02c0314.jpg,,reject_weak,reject,weak_reject_category,Broken glass,Broken glass,reject,0.510149,0.489851,0.510149,reject,True
images/reject_weak/taco_00600_Plastic_lid_9b3c973f.jpg,,reject_weak,reject,weak_reject_category,Plastic lid,Plastic lid|Unlabeled litter,accept,0.951340,0.951340,0.048660,accept,False
images/reject_weak/taco_00601_Drink_can_dccf28fe.jpg,,reject_weak,reject,weak_reject_category,Drink can,Foam cup|Drink can|Pop tab|Unlabeled litter,accept,0.926218,0.926218,0.073782,accept,False
images/reject_weak/taco_00602_Plastic_bottle_cap_daf22d67.jpg,,reject_weak,reject,weak_reject_category,Plastic bottle cap,Plastic bottle cap,reject,0.693444,0.306556,0.693444,reject,True
images/reject_weak/taco_00603_Paper_cup_a23a0b26.jpg,,reject_weak,reject,weak_reject_category,Paper cup,Paper cup|Plastic straw,accept,0.611894,0.611894,0.388106,reject,False
images/reject_weak/taco_00604_Other_plastic_bottle_2b910c83.jpg,,reject_weak,reject,weak_reject_category,Other plastic bottle,Unlabeled litter|Other plastic bottle,accept,0.955168,0.955168,0.044832,accept,False
images/reject_weak/taco_00605_Glass_bottle_a6d0d0e1.jpg,,reject_weak,reject,weak_reject_category,Glass bottle,Glass bottle|Other plastic,accept,0.834679,0.834679,0.165321,accept,False
images/accept_weak/taco_00606_Single-use_carrier_bag_fb41a41b.jpg,,accept_weak,accept,weak_accept_category,Single-use carrier bag,Single-use carrier bag|Unlabeled litter,accept,0.527808,0.527808,0.472192,reject,True
images/reject_weak/taco_00607_Disposable_plastic_cup_3276a7d8.jpg,,reject_weak,reject,weak_reject_category,Disposable plastic cup,Disposable plastic cup|Plastic lid,reject,0.673549,0.326451,0.673549,reject,True
images/accept_weak/taco_00608_Plastic_film_51c791ab.jpg,,accept_weak,accept,weak_accept_category,Plastic film,Normal paper|Meal carton|Plastic film|Tissues|Other plastic|Unlabeled litter,reject,0.688227,0.311773,0.688227,reject,False
images/reject_weak/taco_00609_Wrapping_paper_6366093b.jpg,,reject_weak,reject,weak_reject_category,Wrapping paper,Wrapping paper,reject,0.574328,0.425672,0.574328,reject,True
images/reject_weak/taco_00610_Other_carton_ef4ef937.jpg,,reject_weak,reject,weak_reject_category,Other carton,Other carton|Unlabeled litter|Other plastic,reject,0.600229,0.399771,0.600229,reject,True
images/reject_weak/taco_00611_Other_plastic_dfe61552.jpg,,reject_weak,reject,weak_reject_category,Other plastic,Other plastic|Paper bag|Unlabeled litter,accept,0.682607,0.682607,0.317393,reject,False
images/accept_weak/taco_00612_Plastic_film_f0c00314.jpg,,accept_weak,accept,weak_accept_category,Plastic film,Plastic film|Cigarette,reject,0.820031,0.179969,0.820031,reject,False
images/accept_weak/taco_00613_Other_plastic_wrapper_9bab0bf8.jpg,,accept_weak,accept,weak_accept_category,Other plastic wrapper,Plastic lid|Other plastic wrapper,accept,0.888665,0.888665,0.111335,accept,True
images/accept_weak/taco_00614_Disposable_food_container_96aa7d40.jpg,,accept_weak,accept,weak_accept_category,Disposable food container,Drink can|Pop tab|Plastic bottle cap|Unlabeled litter|Disposable food container,accept,0.734881,0.734881,0.265119,reject,True
images/accept_weak/taco_00615_Plastic_utensils_ce9d640e.jpg,,accept_weak,accept,weak_accept_category,Plastic utensils,Plastic utensils,reject,0.892886,0.107114,0.892886,reject,False
images/accept_weak/taco_00616_Plastic_film_764753ca.jpg,,accept_weak,accept,weak_accept_category,Plastic film,Glass bottle|Unlabeled litter|Clear plastic bottle|Disposable plastic cup|Plastic bottle cap|Plastic film,reject,0.979197,0.020803,0.979197,reject,False
images/accept_weak/taco_00617_Cigarette_1aec8bfb.jpg,,accept_weak,accept,weak_accept_category,Cigarette,Broken glass|Cigarette,accept,0.736404,0.736404,0.263596,reject,True
images/accept_weak/taco_00618_Cigarette_c1265015.jpg,,accept_weak,accept,weak_accept_category,Cigarette,Clear plastic bottle|Plastic bottle cap|Plastic straw|Cigarette,accept,0.897880,0.897880,0.102120,accept,True
images/reject_weak/taco_00619_Glass_bottle_8424c6d1.jpg,,reject_weak,reject,weak_reject_category,Glass bottle,Glass bottle|Unlabeled litter,reject,0.743157,0.256843,0.743157,reject,True
images/accept_weak/taco_00620_Plastic_utensils_c6207215.jpg,,accept_weak,accept,weak_accept_category,Plastic utensils,Unlabeled litter|Disposable plastic cup|Clear plastic bottle|Plastic utensils,reject,0.692600,0.307400,0.692600,reject,False
images/reject_weak/taco_00621_Drink_can_7ae9c3fa.jpg,,reject_weak,reject,weak_reject_category,Drink can,Drink can|Pop tab|Unlabeled litter,reject,0.636678,0.363322,0.636678,reject,True
images/accept_weak/taco_00622_Styrofoam_piece_c9b464ba.jpg,,accept_weak,accept,weak_accept_category,Styrofoam piece,Styrofoam piece|Other plastic wrapper,accept,0.505699,0.505699,0.494301,reject,True
images/accept_weak/taco_00623_Plastic_film_3ebe8dcd.jpg,,accept_weak,accept,weak_accept_category,Plastic film,Plastic film|Styrofoam piece|Other plastic wrapper|Broken glass|Unlabeled litter,reject,0.605235,0.394765,0.605235,reject,False
images/reject_weak/taco_00624_Wrapping_paper_4ed08531.jpg,,reject_weak,reject,weak_reject_category,Wrapping paper,Wrapping paper|Plastic straw,reject,0.923891,0.076109,0.923891,reject,True
images/accept_weak/taco_00625_Cigarette_7be41cc3.jpg,,accept_weak,accept,weak_accept_category,Cigarette,Pop tab|Other plastic|Unlabeled litter|Cigarette,accept,0.901432,0.901432,0.098568,accept,True
images/accept_weak/taco_00626_Cigarette_edb08358.jpg,,accept_weak,accept,weak_accept_category,Cigarette,Pop tab|Cigarette,reject,0.756005,0.243996,0.756005,reject,False
images/accept_weak/taco_00627_Plastic_film_4f1a1001.jpg,,accept_weak,accept,weak_accept_category,Plastic film,Plastic film|Other plastic,accept,0.568622,0.568622,0.431378,reject,True
images/reject_weak/taco_00628_Plastic_lid_185465a5.jpg,,reject_weak,reject,weak_reject_category,Plastic lid,Plastic lid,reject,0.998292,0.001708,0.998292,reject,True
images/accept_weak/taco_00629_Cigarette_5c94231e.jpg,,accept_weak,accept,weak_accept_category,Cigarette,Plastic straw|Plastic bottle cap|Unlabeled litter|Cigarette|Other plastic|Other plastic wrapper|Wrapping paper,accept,0.730165,0.730165,0.269835,reject,True
images/accept_weak/taco_00630_Plastic_film_e347c3c2.jpg,,accept_weak,accept,weak_accept_category,Plastic film,Plastic film|Plastic bottle cap|Plastic straw|Unlabeled litter|Cigarette|Plastic utensils|Other plastic wrapper|Disposable food container|Tissues,accept,0.693320,0.693320,0.306680,reject,True
images/accept_weak/taco_00631_Cigarette_1a05adf9.jpg,,accept_weak,accept,weak_accept_category,Cigarette,Cigarette|Drink can,accept,0.666643,0.666643,0.333357,reject,True
images/accept_weak/taco_00632_Cigarette_2851659b.jpg,,accept_weak,accept,weak_accept_category,Cigarette,Cigarette|Plastic film|Unlabeled litter,reject,0.958049,0.041951,0.958049,reject,False
images/accept_weak/taco_00633_Plastic_film_14118dc3.jpg,,accept_weak,accept,weak_accept_category,Plastic film,Foam cup|Paper cup|Unlabeled litter|Plastic film,reject,0.601082,0.398918,0.601082,reject,False
images/reject_weak/taco_00634_Plastic_lid_2b5f2819.jpg,,reject_weak,reject,weak_reject_category,Plastic lid,Plastic lid,reject,0.985626,0.014374,0.985626,reject,True
images/reject_weak/taco_00635_Plastic_lid_8f04bcec.jpg,,reject_weak,reject,weak_reject_category,Plastic lid,Plastic lid,reject,0.777058,0.222942,0.777058,reject,True
images/reject_weak/taco_00636_Drink_can_36b8cd12.jpg,,reject_weak,reject,weak_reject_category,Drink can,Drink can|Unlabeled litter,accept,0.605037,0.605037,0.394963,reject,False
images/reject_weak/taco_00637_Paper_cup_bae1acbd.jpg,,reject_weak,reject,weak_reject_category,Paper cup,Paper cup|Plastic lid|Unlabeled litter|Broken glass,reject,0.631953,0.368047,0.631953,reject,True
images/reject_weak/taco_00638_Paper_cup_4a875ae9.jpg,,reject_weak,reject,weak_reject_category,Paper cup,Paper cup,accept,0.872151,0.872151,0.127849,accept,False
images/accept_weak/taco_00639_Plastic_utensils_f66da97a.jpg,,accept_weak,accept,weak_accept_category,Plastic utensils,Plastic utensils|Other plastic|Metal bottle cap,accept,0.972276,0.972276,0.027724,accept,True
images/accept_weak/taco_00640_Other_plastic_wrapper_a0d10422.jpg,,accept_weak,accept,weak_accept_category,Other plastic wrapper,Other plastic wrapper,reject,0.725992,0.274008,0.725992,reject,False
images/reject_weak/taco_00641_Disposable_plastic_cup_0d692e9b.jpg,,reject_weak,reject,weak_reject_category,Disposable plastic cup,Disposable plastic cup,reject,0.628247,0.371753,0.628247,reject,True
images/accept_weak/taco_00642_Tissues_8f7f4c21.jpg,,accept_weak,accept,weak_accept_category,Tissues,Tissues|Cigarette,reject,0.896368,0.103632,0.896368,reject,False
images/reject_weak/taco_00643_Disposable_plastic_cup_19b3aeb8.jpg,,reject_weak,reject,weak_reject_category,Disposable plastic cup,Disposable plastic cup,reject,0.764687,0.235313,0.764687,reject,True
images/reject_weak/taco_00644_Other_plastic_f11d3da7.jpg,,reject_weak,reject,weak_reject_category,Other plastic,Other plastic,accept,0.777309,0.777309,0.222691,accept,False
images/reject_weak/taco_00645_Metal_bottle_cap_f3e48373.jpg,,reject_weak,reject,weak_reject_category,Metal bottle cap,Metal bottle cap,reject,0.833808,0.166192,0.833808,reject,True
images/accept_weak/taco_00646_Styrofoam_piece_733e5f4a.jpg,,accept_weak,accept,weak_accept_category,Styrofoam piece,Styrofoam piece,accept,0.822654,0.822654,0.177346,accept,True
images/reject_weak/taco_00647_Other_plastic_4a6ebff3.jpg,,reject_weak,reject,weak_reject_category,Other plastic,Other plastic,reject,0.930829,0.069171,0.930829,reject,True
images/accept_weak/taco_00648_Other_plastic_wrapper_52f3cca5.jpg,,accept_weak,accept,weak_accept_category,Other plastic wrapper,Other plastic wrapper|Metal bottle cap|Unlabeled litter,accept,0.691855,0.691855,0.308145,reject,True
images/reject_weak/taco_00649_Disposable_plastic_cup_6db27324.jpg,,reject_weak,reject,weak_reject_category,Disposable plastic cup,Disposable plastic cup|Unlabeled litter,accept,0.773330,0.773330,0.226670,accept,False
images/reject_weak/taco_00650_Clear_plastic_bottle_7c34c170.jpg,,reject_weak,reject,weak_reject_category,Clear plastic bottle,Clear plastic bottle|Plastic bottle cap|Plastic straw,reject,0.978007,0.021993,0.978007,reject,True
images/reject_weak/taco_00651_Glass_bottle_7dc700f6.jpg,,reject_weak,reject,weak_reject_category,Glass bottle,Glass bottle,accept,0.669774,0.669774,0.330226,reject,False
images/accept_weak/taco_00652_Plastic_utensils_7386de6a.jpg,,accept_weak,accept,weak_accept_category,Plastic utensils,Plastic utensils|Tissues|Other plastic wrapper,accept,0.996852,0.996852,0.003148,accept,True
images/accept_weak/taco_00653_Other_plastic_wrapper_0600555e.jpg,,accept_weak,accept,weak_accept_category,Other plastic wrapper,Other plastic wrapper|Cigarette|Plastic film|Scrap metal,reject,0.894810,0.105190,0.894810,reject,False
images/reject_weak/taco_00654_Plastic_bottle_cap_8c8cd9f0.jpg,,reject_weak,reject,weak_reject_category,Plastic bottle cap,Plastic bottle cap|Clear plastic bottle,reject,0.764946,0.235054,0.764946,reject,True
images/reject_weak/taco_00655_Plastic_bottle_cap_5b109d2b.jpg,,reject_weak,reject,weak_reject_category,Plastic bottle cap,Plastic bottle cap,accept,0.976539,0.976539,0.023461,accept,False
images/accept_weak/taco_00656_Crisp_packet_4ab8fd1b.jpg,,accept_weak,accept,weak_accept_category,Crisp packet,Crisp packet|Styrofoam piece,reject,0.614743,0.385257,0.614743,reject,False
images/accept_weak/taco_00657_Plastic_film_3c5ab10a.jpg,,accept_weak,accept,weak_accept_category,Plastic film,Clear plastic bottle|Normal paper|Plastic film|Other plastic wrapper|Other plastic,accept,0.814415,0.814415,0.185585,accept,True
images/reject_weak/taco_00658_Clear_plastic_bottle_5008103d.jpg,,reject_weak,reject,weak_reject_category,Clear plastic bottle,Clear plastic bottle|Plastic bottle cap,reject,0.655730,0.344270,0.655730,reject,True
images/accept_weak/taco_00659_Plastic_film_03201b03.jpg,,accept_weak,accept,weak_accept_category,Plastic film,Other carton|Plastic film,accept,0.758560,0.758560,0.241440,reject,True
images/reject_weak/taco_00660_Plastic_straw_793cf4bb.jpg,,reject_weak,reject,weak_reject_category,Plastic straw,Plastic straw,accept,0.792963,0.792963,0.207037,accept,False
images/reject_weak/taco_00661_Plastic_straw_7578d9b1.jpg,,reject_weak,reject,weak_reject_category,Plastic straw,Plastic straw,reject,0.809783,0.190217,0.809783,reject,True
images/accept_weak/taco_00662_Plastic_utensils_a0f1de75.jpg,,accept_weak,accept,weak_accept_category,Plastic utensils,Plastic utensils,accept,0.989778,0.989778,0.010222,accept,True
images/accept_weak/taco_00663_Plastic_film_6f4b50bd.jpg,,accept_weak,accept,weak_accept_category,Plastic film,Clear plastic bottle|Plastic film|Unlabeled litter,reject,0.552986,0.447014,0.552986,reject,False
images/reject_weak/taco_00664_Metal_bottle_cap_7c25e634.jpg,,reject_weak,reject,weak_reject_category,Metal bottle cap,Metal bottle cap|Other plastic,accept,0.977547,0.977547,0.022453,accept,False
images/accept_weak/taco_00665_Foam_food_container_524a5413.jpg,,accept_weak,accept,weak_accept_category,Foam food container,Foam food container|Other plastic|Cigarette|Unlabeled litter,reject,0.895370,0.104630,0.895370,reject,False
images/reject_weak/taco_00666_Drink_can_96ebf173.jpg,,reject_weak,reject,weak_reject_category,Drink can,Drink can|Plastic straw|Pop tab|Other plastic,reject,0.792970,0.207030,0.792970,reject,True
images/accept_weak/taco_00667_Plastic_utensils_f38e875c.jpg,,accept_weak,accept,weak_accept_category,Plastic utensils,Plastic utensils|Other plastic|Broken glass,accept,0.979255,0.979255,0.020745,accept,True
images/reject_weak/taco_00668_Metal_bottle_cap_994a4c3c.jpg,,reject_weak,reject,weak_reject_category,Metal bottle cap,Metal bottle cap,accept,0.678914,0.678914,0.321086,reject,False
images/reject_weak/taco_00669_Metal_bottle_cap_51668eee.jpg,,reject_weak,reject,weak_reject_category,Metal bottle cap,Metal bottle cap,accept,0.501225,0.501225,0.498775,reject,False
images/reject_weak/taco_00670_Plastic_straw_38b2f434.jpg,,reject_weak,reject,weak_reject_category,Plastic straw,Plastic straw,accept,0.632955,0.632955,0.367045,reject,False
images/reject_weak/taco_00671_Plastic_straw_75bf0dcd.jpg,,reject_weak,reject,weak_reject_category,Plastic straw,Plastic straw,accept,0.978402,0.978402,0.021598,accept,False
images/reject_weak/taco_00672_Clear_plastic_bottle_1bfbd375.jpg,,reject_weak,reject,weak_reject_category,Clear plastic bottle,Clear plastic bottle|Plastic bottle cap|Unlabeled litter,accept,0.993113,0.993113,0.006887,accept,False
images/reject_weak/taco_00673_Clear_plastic_bottle_1576e9ae.jpg,,reject_weak,reject,weak_reject_category,Clear plastic bottle,Clear plastic bottle,accept,0.687458,0.687458,0.312542,reject,False
images/accept_weak/taco_00674_Garbage_bag_840d2134.jpg,,accept_weak,accept,weak_accept_category,Garbage bag,Foam cup|Garbage bag,accept,0.617388,0.617388,0.382612,reject,True
images/accept_weak/taco_00675_Other_plastic_wrapper_a9400688.jpg,,accept_weak,accept,weak_accept_category,Other plastic wrapper,Other plastic wrapper|Plastic film,accept,0.942083,0.942083,0.057917,accept,True
images/accept_weak/taco_00676_Plastic_film_00e73379.jpg,,accept_weak,accept,weak_accept_category,Plastic film,Plastic film,accept,0.888013,0.888013,0.111987,accept,True
images/reject_weak/taco_00677_Drink_can_d9782c34.jpg,,reject_weak,reject,weak_reject_category,Drink can,Drink can|Paper bag|Pop tab|Disposable plastic cup|Normal paper,reject,0.768193,0.231807,0.768193,reject,True
images/reject_weak/taco_00678_Paper_cup_6cfdc318.jpg,,reject_weak,reject,weak_reject_category,Paper cup,Paper cup|Plastic lid,reject,0.826377,0.173623,0.826377,reject,True
images/reject_weak/taco_00679_Drink_can_da23ce61.jpg,,reject_weak,reject,weak_reject_category,Drink can,Drink can|Plastic straw|Other plastic bottle|Paper bag,reject,0.973594,0.026406,0.973594,reject,True
images/accept_weak/taco_00680_Other_plastic_wrapper_c2fca5be.jpg,,accept_weak,accept,weak_accept_category,Other plastic wrapper,Other plastic wrapper,reject,0.641603,0.358397,0.641603,reject,False
images/accept_weak/taco_00681_Cigarette_3729ac3d.jpg,,accept_weak,accept,weak_accept_category,Cigarette,Plastic straw|Cigarette,accept,0.763916,0.763916,0.236084,accept,True
images/accept_weak/taco_00682_Other_plastic_wrapper_88f564d1.jpg,,accept_weak,accept,weak_accept_category,Other plastic wrapper,Other plastic wrapper,accept,0.988118,0.988118,0.011882,accept,True
images/reject_weak/taco_00683_Normal_paper_80afcdb7.jpg,,reject_weak,reject,weak_reject_category,Normal paper,Normal paper,accept,0.841725,0.841725,0.158275,accept,False
images/reject_weak/taco_00684_Paper_cup_67867c54.jpg,,reject_weak,reject,weak_reject_category,Paper cup,Paper cup,accept,0.886293,0.886293,0.113707,accept,False
images/accept_weak/taco_00685_Tissues_ebc6122b.jpg,,accept_weak,accept,weak_accept_category,Tissues,Glass bottle|Tissues,reject,0.952847,0.047153,0.952847,reject,False
images/reject_weak/taco_00686_Other_plastic_bottle_5360902e.jpg,,reject_weak,reject,weak_reject_category,Other plastic bottle,Other plastic bottle|Plastic bottle cap,reject,0.943736,0.056264,0.943736,reject,True
images/accept_weak/taco_00687_Other_plastic_wrapper_267be5e5.jpg,,accept_weak,accept,weak_accept_category,Other plastic wrapper,Glass bottle|Other plastic wrapper,accept,0.630151,0.630151,0.369849,reject,True
images/accept_weak/taco_00688_Disposable_food_container_8121a203.jpg,,accept_weak,accept,weak_accept_category,Disposable food container,Disposable food container|Other plastic wrapper,reject,0.994020,0.005980,0.994020,reject,False
images/accept_weak/taco_00689_Crisp_packet_24ae7c53.jpg,,accept_weak,accept,weak_accept_category,Crisp packet,Crisp packet|Other plastic wrapper|Garbage bag|Normal paper|Other carton|Meal carton|Plastic film,reject,0.967692,0.032308,0.967692,reject,False
images/accept_weak/taco_00690_Crisp_packet_cb56e7c4.jpg,,accept_weak,accept,weak_accept_category,Crisp packet,Crisp packet,accept,0.745273,0.745273,0.254727,reject,True
images/accept_weak/taco_00691_Cigarette_dd342d6d.jpg,,accept_weak,accept,weak_accept_category,Cigarette,Drink can|Cigarette,reject,0.948162,0.051838,0.948162,reject,False
images/reject_weak/taco_00692_Other_carton_d1ebeed3.jpg,,reject_weak,reject,weak_reject_category,Other carton,Other carton,reject,0.930885,0.069115,0.930885,reject,True
images/reject_weak/taco_00693_Paper_cup_600fdd59.jpg,,reject_weak,reject,weak_reject_category,Paper cup,Paper cup|Plastic lid|Paper straw,reject,0.983550,0.016450,0.983550,reject,True
images/accept_weak/taco_00694_Disposable_food_container_195706cf.jpg,,accept_weak,accept,weak_accept_category,Disposable food container,Plastic lid|Disposable food container|Plastic film|Unlabeled litter,reject,0.998509,0.001491,0.998509,reject,False
images/reject_weak/taco_00695_Meal_carton_e16a4f97.jpg,,reject_weak,reject,weak_reject_category,Meal carton,Meal carton,accept,0.878454,0.878454,0.121546,accept,False
images/accept_weak/taco_00696_Other_plastic_wrapper_0e154d41.jpg,,accept_weak,accept,weak_accept_category,Other plastic wrapper,Other plastic wrapper|Cigarette,accept,0.998681,0.998681,0.001319,accept,True
images/reject_weak/taco_00697_Other_carton_286ff31a.jpg,,reject_weak,reject,weak_reject_category,Other carton,Other carton,reject,0.627098,0.372902,0.627098,reject,True
images/accept_weak/taco_00698_Crisp_packet_a5dc8621.jpg,,accept_weak,accept,weak_accept_category,Crisp packet,Crisp packet,reject,0.984132,0.015868,0.984132,reject,False
images/reject_weak/taco_00699_Wrapping_paper_84933c35.jpg,,reject_weak,reject,weak_reject_category,Wrapping paper,Wrapping paper,accept,0.697273,0.697273,0.302727,reject,False
images/reject_weak/taco_00700_Clear_plastic_bottle_1ee04dd3.jpg,,reject_weak,reject,weak_reject_category,Clear plastic bottle,Clear plastic bottle,reject,0.998332,0.001668,0.998332,reject,True
images/reject_weak/taco_00701_Clear_plastic_bottle_25f390e6.jpg,,reject_weak,reject,weak_reject_category,Clear plastic bottle,Clear plastic bottle,reject,0.864308,0.135692,0.864308,reject,True
images/accept_weak/taco_00702_Other_plastic_wrapper_2a34a50f.jpg,,accept_weak,accept,weak_accept_category,Other plastic wrapper,Other plastic wrapper,accept,0.810102,0.810102,0.189898,accept,True
images/reject_weak/taco_00703_Disposable_plastic_cup_b0fc45cf.jpg,,reject_weak,reject,weak_reject_category,Disposable plastic cup,Disposable plastic cup|Plastic lid|Plastic straw,reject,0.953166,0.046834,0.953166,reject,True
images/reject_weak/taco_00704_Plastic_bottle_cap_23688bd7.jpg,,reject_weak,reject,weak_reject_category,Plastic bottle cap,Plastic bottle cap|Food waste|Unlabeled litter|Normal paper,reject,0.999994,0.000006,0.999994,reject,True
images/accept_weak/taco_00705_Crisp_packet_6ecf01c5.jpg,,accept_weak,accept,weak_accept_category,Crisp packet,Crisp packet|Garbage bag,reject,0.979746,0.020254,0.979746,reject,False
images/reject_weak/taco_00706_Metal_bottle_cap_184f9c05.jpg,,reject_weak,reject,weak_reject_category,Metal bottle cap,Metal bottle cap|Glass bottle,reject,0.994452,0.005548,0.994452,reject,True
images/reject_weak/taco_00707_Glass_bottle_286ba923.jpg,,reject_weak,reject,weak_reject_category,Glass bottle,Glass bottle|Unlabeled litter,reject,0.999979,0.000021,0.999979,reject,True
images/accept_weak/taco_00708_Crisp_packet_a46753af.jpg,,accept_weak,accept,weak_accept_category,Crisp packet,Drink can|Paper cup|Unlabeled litter|Crisp packet,reject,0.883083,0.116917,0.883083,reject,False
images/reject_weak/taco_00709_Drink_can_d4336edc.jpg,,reject_weak,reject,weak_reject_category,Drink can,Drink can,reject,0.938641,0.061359,0.938641,reject,True
images/reject_weak/taco_00710_Drink_can_08a8ba07.jpg,,reject_weak,reject,weak_reject_category,Drink can,Drink can,accept,0.921212,0.921212,0.078788,accept,False
images/accept_weak/taco_00711_Foam_food_container_49ae4c4e.jpg,,accept_weak,accept,weak_accept_category,Foam food container,Foam food container,accept,0.930070,0.930070,0.069930,accept,True
images/accept_weak/taco_00712_Foam_food_container_51dca26f.jpg,,accept_weak,accept,weak_accept_category,Foam food container,Foam food container|Tissues,reject,0.952496,0.047504,0.952496,reject,False
images/accept_weak/taco_00713_Cigarette_3eed0af1.jpg,,accept_weak,accept,weak_accept_category,Cigarette,Drink can|Unlabeled litter|Cigarette,accept,0.951990,0.951990,0.048010,accept,True
images/accept_weak/taco_00714_Cigarette_e3d7a8e7.jpg,,accept_weak,accept,weak_accept_category,Cigarette,Glass bottle|Cigarette,accept,0.942167,0.942167,0.057833,accept,True
images/accept_weak/taco_00715_Other_plastic_wrapper_7fee6495.jpg,,accept_weak,accept,weak_accept_category,Other plastic wrapper,Drink can|Other plastic wrapper|Plastic film|Other carton,reject,0.695931,0.304069,0.695931,reject,False
images/accept_weak/taco_00716_Cigarette_c0b0c92d.jpg,,accept_weak,accept,weak_accept_category,Cigarette,Clear plastic bottle|Cigarette,reject,0.875317,0.124684,0.875317,reject,False
images/reject_weak/taco_00717_Clear_plastic_bottle_903495b2.jpg,,reject_weak,reject,weak_reject_category,Clear plastic bottle,Clear plastic bottle|Unlabeled litter,accept,0.991677,0.991677,0.008323,accept,False
images/accept_weak/taco_00718_Cigarette_5683a037.jpg,,accept_weak,accept,weak_accept_category,Cigarette,Disposable plastic cup|Other plastic|Cigarette,accept,0.973825,0.973825,0.026175,accept,True
images/reject_weak/taco_00719_Drink_can_64b245b8.jpg,,reject_weak,reject,weak_reject_category,Drink can,Drink can|Unlabeled litter,accept,0.876231,0.876231,0.123769,accept,False
images/reject_weak/taco_00720_Disposable_plastic_cup_54a4f7ba.jpg,,reject_weak,reject,weak_reject_category,Disposable plastic cup,Disposable plastic cup,accept,0.927180,0.927180,0.072820,accept,False
images/reject_weak/taco_00721_Drink_can_da200dc7.jpg,,reject_weak,reject,weak_reject_category,Drink can,Drink can|Pop tab,accept,0.923747,0.923747,0.076253,accept,False
images/accept_weak/taco_00722_Cigarette_50973b63.jpg,,accept_weak,accept,weak_accept_category,Cigarette,Drink can|Cigarette,accept,0.761398,0.761398,0.238602,accept,True
images/reject_weak/taco_00723_Drink_can_89a0b19f.jpg,,reject_weak,reject,weak_reject_category,Drink can,Drink can,reject,0.639778,0.360222,0.639778,reject,True
images/accept_weak/taco_00724_Cigarette_f96605c2.jpg,,accept_weak,accept,weak_accept_category,Cigarette,Clear plastic bottle|Plastic bottle cap|Cigarette,reject,0.986015,0.013985,0.986015,reject,False
images/reject_weak/taco_00725_Drink_can_4cb996d2.jpg,,reject_weak,reject,weak_reject_category,Drink can,Drink can,accept,0.985864,0.985864,0.014136,accept,False
images/reject_weak/taco_00726_Paper_cup_352aa57d.jpg,,reject_weak,reject,weak_reject_category,Paper cup,Paper cup|Drink can,accept,0.930629,0.930629,0.069371,accept,False
images/accept_weak/taco_00727_Cigarette_514c7f8a.jpg,,accept_weak,accept,weak_accept_category,Cigarette,Drink can|Pop tab|Unlabeled litter|Cigarette,reject,0.809363,0.190637,0.809363,reject,False
images/accept_weak/taco_00728_Cigarette_e83fbfb3.jpg,,accept_weak,accept,weak_accept_category,Cigarette,Disposable plastic cup|Plastic straw|Plastic lid|Cigarette,reject,0.510904,0.489096,0.510904,reject,False
images/reject_weak/taco_00729_Clear_plastic_bottle_3aae95c7.jpg,,reject_weak,reject,weak_reject_category,Clear plastic bottle,Clear plastic bottle|Plastic bottle cap,reject,0.703795,0.296205,0.703795,reject,True
images/accept_weak/taco_00730_Cigarette_4d0c5a30.jpg,,accept_weak,accept,weak_accept_category,Cigarette,Plastic straw|Normal paper|Cigarette,reject,0.982860,0.017140,0.982860,reject,False
images/reject_weak/taco_00731_Plastic_straw_f6c01a0b.jpg,,reject_weak,reject,weak_reject_category,Plastic straw,Plastic straw|Metal bottle cap,accept,0.757327,0.757327,0.242673,reject,False
images/accept_weak/taco_00732_Plastic_film_cecfafa2.jpg,,accept_weak,accept,weak_accept_category,Plastic film,Six pack rings|Plastic lid|Plastic film|Unlabeled litter|Aluminium foil,accept,0.785125,0.785125,0.214875,accept,True
images/reject_weak/taco_00733_Plastic_lid_e8d8e4f4.jpg,,reject_weak,reject,weak_reject_category,Plastic lid,Plastic lid,accept,0.692994,0.692994,0.307006,reject,False
images/accept_weak/taco_00734_Crisp_packet_d39ee126.jpg,,accept_weak,accept,weak_accept_category,Crisp packet,Crisp packet,accept,0.768462,0.768462,0.231538,accept,True
images/accept_weak/taco_00735_Other_plastic_wrapper_9daef8d0.jpg,,accept_weak,accept,weak_accept_category,Other plastic wrapper,Other plastic wrapper,accept,0.725490,0.725490,0.274510,reject,True
images/accept_weak/taco_00736_Other_plastic_wrapper_a240211c.jpg,,accept_weak,accept,weak_accept_category,Other plastic wrapper,Other plastic wrapper,accept,0.991805,0.991805,0.008195,accept,True
images/reject_weak/taco_00737_Disposable_plastic_cup_66fb1703.jpg,,reject_weak,reject,weak_reject_category,Disposable plastic cup,Disposable plastic cup|Other plastic|Normal paper,accept,0.995088,0.995088,0.004912,accept,False
images/reject_weak/taco_00739_Other_plastic_230cb631.jpg,,reject_weak,reject,weak_reject_category,Other plastic,Other plastic,accept,0.842045,0.842045,0.157955,accept,False
images/reject_weak/taco_00740_Metal_bottle_cap_ac1bde40.jpg,,reject_weak,reject,weak_reject_category,Metal bottle cap,Metal bottle cap,accept,0.965838,0.965838,0.034162,accept,False
images/reject_weak/taco_00741_Metal_bottle_cap_302840bf.jpg,,reject_weak,reject,weak_reject_category,Metal bottle cap,Metal bottle cap,accept,0.884956,0.884956,0.115044,accept,False
images/reject_weak/taco_00742_Normal_paper_a3501bd3.jpg,,reject_weak,reject,weak_reject_category,Normal paper,Normal paper,accept,0.922475,0.922475,0.077525,accept,False
images/accept_weak/taco_00743_Plastic_film_b1ef5f03.jpg,,accept_weak,accept,weak_accept_category,Plastic film,Plastic film|Cigarette,accept,0.931901,0.931901,0.068098,accept,True
images/accept_weak/taco_00744_Other_plastic_wrapper_ea900d4c.jpg,,accept_weak,accept,weak_accept_category,Other plastic wrapper,Other plastic wrapper,reject,0.989833,0.010167,0.989833,reject,False
images/reject_weak/taco_00745_Corrugated_carton_d879175b.jpg,,reject_weak,reject,weak_reject_category,Corrugated carton,Corrugated carton|Aluminium foil,reject,0.572327,0.427673,0.572327,reject,True
images/reject_weak/taco_00746_Other_carton_77d9be49.jpg,,reject_weak,reject,weak_reject_category,Other carton,Other carton,accept,0.846516,0.846516,0.153484,accept,False
images/accept_weak/taco_00747_Crisp_packet_a9a93105.jpg,,accept_weak,accept,weak_accept_category,Crisp packet,Crisp packet,accept,0.996914,0.996914,0.003086,accept,True
images/reject_weak/taco_00748_Plastic_straw_034c0306.jpg,,reject_weak,reject,weak_reject_category,Plastic straw,Plastic straw,accept,0.972936,0.972936,0.027064,accept,False
images/reject_weak/taco_00749_Plastic_bottle_cap_62584f3a.jpg,,reject_weak,reject,weak_reject_category,Plastic bottle cap,Plastic bottle cap,accept,0.983590,0.983590,0.016410,accept,False
images/accept_weak/taco_00750_Plastic_film_82d0f31f.jpg,,accept_weak,accept,weak_accept_category,Plastic film,Meal carton|Plastic film|Other plastic wrapper,reject,0.876210,0.123790,0.876210,reject,False
images/reject_weak/taco_00751_Glass_bottle_d8e018ca.jpg,,reject_weak,reject,weak_reject_category,Glass bottle,Glass bottle|Plastic straw|Unlabeled litter,reject,0.618370,0.381630,0.618370,reject,True
images/accept_weak/taco_00752_Cigarette_e5848666.jpg,,accept_weak,accept,weak_accept_category,Cigarette,Drink can|Cigarette,accept,0.713865,0.713865,0.286135,reject,True
images/accept_weak/taco_00753_Cigarette_94f7f8c9.jpg,,accept_weak,accept,weak_accept_category,Cigarette,Clear plastic bottle|Metal bottle cap|Cigarette,accept,0.826021,0.826021,0.173979,accept,True
images/reject_weak/taco_00754_Paper_bag_1544f8ab.jpg,,reject_weak,reject,weak_reject_category,Paper bag,Paper bag|Shoe,accept,0.588468,0.588468,0.411532,reject,False
images/accept_weak/taco_00755_Cigarette_1ff36e45.jpg,,accept_weak,accept,weak_accept_category,Cigarette,Other carton|Other plastic bottle|Shoe|Cigarette,accept,0.956777,0.956777,0.043223,accept,True
images/accept_weak/taco_00756_Cigarette_193ec1a7.jpg,,accept_weak,accept,weak_accept_category,Cigarette,Drink can|Unlabeled litter|Cigarette,accept,0.606033,0.606033,0.393967,reject,True
images/accept_weak/taco_00757_Crisp_packet_b35df66d.jpg,,accept_weak,accept,weak_accept_category,Crisp packet,Crisp packet|Cigarette,reject,0.731132,0.268868,0.731132,reject,False
images/accept_weak/taco_00758_Plastic_film_0b7273de.jpg,,accept_weak,accept,weak_accept_category,Plastic film,Glass bottle|Unlabeled litter|Plastic film|Cigarette,accept,0.923766,0.923766,0.076234,accept,True
images/reject_weak/taco_00759_Other_carton_2cc88bcd.jpg,,reject_weak,reject,weak_reject_category,Other carton,Other carton,accept,0.989974,0.989974,0.010026,accept,False
images/reject_weak/taco_00760_Plastic_straw_63bbc886.jpg,,reject_weak,reject,weak_reject_category,Plastic straw,Plastic straw,reject,0.676992,0.323008,0.676992,reject,True
images/reject_weak/taco_00761_Drink_can_7e8af2fb.jpg,,reject_weak,reject,weak_reject_category,Drink can,Drink can|Pop tab,accept,0.822124,0.822124,0.177876,accept,False
images/accept_weak/taco_00762_Other_plastic_wrapper_05c1fcfc.jpg,,accept_weak,accept,weak_accept_category,Other plastic wrapper,Other plastic wrapper,reject,0.657766,0.342234,0.657766,reject,False
images/accept_weak/taco_00763_Foam_food_container_8e8387ec.jpg,,accept_weak,accept,weak_accept_category,Foam food container,Foam food container|Plastic film|Normal paper|Cigarette,accept,0.938355,0.938355,0.061645,accept,True
images/accept_weak/taco_00764_Cigarette_195812bd.jpg,,accept_weak,accept,weak_accept_category,Cigarette,Drink can|Clear plastic bottle|Glass bottle|Disposable plastic cup|Plastic lid|Plastic straw|Cigarette,reject,0.656396,0.343604,0.656396,reject,False
images/reject_weak/taco_00765_Clear_plastic_bottle_ac970196.jpg,,reject_weak,reject,weak_reject_category,Clear plastic bottle,Clear plastic bottle|Plastic bottle cap,accept,0.976188,0.976188,0.023812,accept,False
images/accept_weak/taco_00766_Plastic_film_a70262b7.jpg,,accept_weak,accept,weak_accept_category,Plastic film,Plastic film,accept,0.722133,0.722133,0.277867,reject,True
images/accept_weak/taco_00767_Plastic_film_e21e62cd.jpg,,accept_weak,accept,weak_accept_category,Plastic film,Plastic film,reject,0.986088,0.013912,0.986088,reject,False
images/accept_weak/taco_00768_Other_plastic_wrapper_845d6d15.jpg,,accept_weak,accept,weak_accept_category,Other plastic wrapper,Other plastic wrapper,accept,0.617172,0.617172,0.382828,reject,True
images/accept_weak/taco_00769_Other_plastic_wrapper_b8e650be.jpg,,accept_weak,accept,weak_accept_category,Other plastic wrapper,Other plastic wrapper,accept,0.990019,0.990019,0.009981,accept,True
images/reject_weak/taco_00770_Plastic_bottle_cap_73a98749.jpg,,reject_weak,reject,weak_reject_category,Plastic bottle cap,Plastic bottle cap,accept,0.945106,0.945106,0.054894,accept,False
images/accept_weak/taco_00771_Crisp_packet_17c5646f.jpg,,accept_weak,accept,weak_accept_category,Crisp packet,Crisp packet,accept,0.952634,0.952634,0.047366,accept,True
images/accept_weak/taco_00772_Crisp_packet_5ad6bcb6.jpg,,accept_weak,accept,weak_accept_category,Crisp packet,Crisp packet,accept,0.682345,0.682345,0.317655,reject,True
images/accept_weak/taco_00773_Plastic_film_f0d2bec9.jpg,,accept_weak,accept,weak_accept_category,Plastic film,Meal carton|Plastic film,accept,0.859636,0.859636,0.140364,accept,True
images/reject_weak/taco_00774_Meal_carton_3580198d.jpg,,reject_weak,reject,weak_reject_category,Meal carton,Meal carton,accept,0.969137,0.969137,0.030863,accept,False
images/accept_weak/taco_00775_Cigarette_6d547191.jpg,,accept_weak,accept,weak_accept_category,Cigarette,Drink can|Cigarette,accept,0.700114,0.700114,0.299886,reject,True
images/accept_weak/taco_00776_Single-use_carrier_bag_54f711e2.jpg,,accept_weak,accept,weak_accept_category,Single-use carrier bag,Single-use carrier bag,reject,0.676337,0.323663,0.676337,reject,False
images/accept_weak/taco_00777_Other_plastic_wrapper_716eefd9.jpg,,accept_weak,accept,weak_accept_category,Other plastic wrapper,Other plastic wrapper|Cigarette,accept,0.992709,0.992709,0.007291,accept,True
images/accept_weak/taco_00778_Cigarette_f19ddced.jpg,,accept_weak,accept,weak_accept_category,Cigarette,Pop tab|Cigarette,accept,0.988888,0.988888,0.011112,accept,True
images/reject_weak/taco_00779_Drink_can_21550462.jpg,,reject_weak,reject,weak_reject_category,Drink can,Drink can,reject,0.851767,0.148233,0.851767,reject,True
images/reject_weak/taco_00780_Drink_can_8a7ccebe.jpg,,reject_weak,reject,weak_reject_category,Drink can,Drink can|Pop tab,reject,0.817231,0.182770,0.817231,reject,True
images/accept_weak/taco_00781_Other_plastic_wrapper_86096650.jpg,,accept_weak,accept,weak_accept_category,Other plastic wrapper,Other plastic wrapper|Cigarette,reject,0.508187,0.491813,0.508187,reject,False
images/reject_weak/taco_00782_Clear_plastic_bottle_a90a39f7.jpg,,reject_weak,reject,weak_reject_category,Clear plastic bottle,Clear plastic bottle|Plastic bottle cap,accept,0.917908,0.917908,0.082092,accept,False
images/reject_weak/taco_00783_Disposable_plastic_cup_2cb8fee5.jpg,,reject_weak,reject,weak_reject_category,Disposable plastic cup,Disposable plastic cup|Glass bottle|Scrap metal,reject,0.528144,0.471856,0.528144,reject,True
images/reject_weak/taco_00784_Clear_plastic_bottle_e2c468db.jpg,,reject_weak,reject,weak_reject_category,Clear plastic bottle,Clear plastic bottle|Plastic bottle cap|Drink can|Pop tab,reject,0.502875,0.497125,0.502875,reject,True
images/reject_weak/taco_00785_Drink_can_00302a53.jpg,,reject_weak,reject,weak_reject_category,Drink can,Drink can|Unlabeled litter,accept,0.902769,0.902769,0.097231,accept,False
images/reject_weak/taco_00786_Drink_can_981d1f82.jpg,,reject_weak,reject,weak_reject_category,Drink can,Drink can,accept,0.953756,0.953756,0.046244,accept,False
images/accept_weak/taco_00787_Plastic_utensils_b748700c.jpg,,accept_weak,accept,weak_accept_category,Plastic utensils,Plastic utensils|Meal carton,accept,0.690641,0.690641,0.309359,reject,True
images/accept_weak/taco_00788_Plastic_utensils_c1481733.jpg,,accept_weak,accept,weak_accept_category,Plastic utensils,Plastic utensils|Unlabeled litter|Cigarette,accept,0.983525,0.983525,0.016475,accept,True
images/accept_weak/taco_00789_Tissues_84635535.jpg,,accept_weak,accept,weak_accept_category,Tissues,Tissues|Clear plastic bottle,reject,0.989322,0.010678,0.989322,reject,False
images/reject_weak/taco_00790_Plastic_lid_c2b035bf.jpg,,reject_weak,reject,weak_reject_category,Plastic lid,Unlabeled litter|Plastic lid,accept,0.870095,0.870095,0.129905,accept,False
images/accept_weak/taco_00791_Crisp_packet_2bc3e2f0.jpg,,accept_weak,accept,weak_accept_category,Crisp packet,Crisp packet,reject,0.871922,0.128078,0.871922,reject,False
images/accept_weak/taco_00792_Crisp_packet_dcf089a7.jpg,,accept_weak,accept,weak_accept_category,Crisp packet,Crisp packet,reject,0.936676,0.063324,0.936676,reject,False
images/reject_weak/taco_00793_Glass_bottle_85c32763.jpg,,reject_weak,reject,weak_reject_category,Glass bottle,Glass bottle,reject,0.873914,0.126086,0.873914,reject,True
images/reject_weak/taco_00794_Clear_plastic_bottle_e68af571.jpg,,reject_weak,reject,weak_reject_category,Clear plastic bottle,Clear plastic bottle,accept,0.974841,0.974841,0.025159,accept,False
images/reject_weak/taco_00795_Other_carton_b470f6dd.jpg,,reject_weak,reject,weak_reject_category,Other carton,Other carton,reject,0.977042,0.022958,0.977042,reject,True
images/accept_weak/taco_00796_Other_plastic_wrapper_1a14307d.jpg,,accept_weak,accept,weak_accept_category,Other plastic wrapper,Other carton|Other plastic wrapper,reject,0.725892,0.274108,0.725892,reject,False
images/reject_weak/taco_00797_Food_Can_e22a1e45.jpg,,reject_weak,reject,weak_reject_category,Food Can,Food Can|Pop tab|Glass jar|Metal lid,reject,0.697514,0.302486,0.697514,reject,True
images/accept_weak/taco_00798_Other_plastic_wrapper_98c4472f.jpg,,accept_weak,accept,weak_accept_category,Other plastic wrapper,Other plastic wrapper,reject,0.999533,0.000467,0.999533,reject,False
images/accept_weak/taco_00799_Plastic_film_e7b962b5.jpg,,accept_weak,accept,weak_accept_category,Plastic film,Plastic film,reject,0.999718,0.000282,0.999718,reject,False
images/reject_weak/taco_00800_Aerosol_85e3aa01.jpg,,reject_weak,reject,weak_reject_category,Aerosol,Aerosol|Plastic lid,reject,0.995447,0.004553,0.995447,reject,True
images/reject_weak/taco_00801_Pop_tab_62cc1a3c.jpg,,reject_weak,reject,weak_reject_category,Pop tab,Pop tab,reject,0.999894,0.000106,0.999894,reject,True
images/reject_weak/taco_00802_Meal_carton_f8dd4ed9.jpg,,reject_weak,reject,weak_reject_category,Meal carton,Meal carton,reject,0.832148,0.167852,0.832148,reject,True
images/reject_weak/taco_00803_Other_plastic_bottle_fcb20204.jpg,,reject_weak,reject,weak_reject_category,Other plastic bottle,Other plastic bottle|Clear plastic bottle|Plastic bottle cap,reject,0.595173,0.404827,0.595173,reject,True
images/reject_weak/taco_00804_Disposable_plastic_cup_53836f1b.jpg,,reject_weak,reject,weak_reject_category,Disposable plastic cup,Disposable plastic cup|Paper cup|Plastic lid|Drink can|Unlabeled litter|Plastic straw,reject,0.990378,0.009622,0.990378,reject,True
images/reject_weak/taco_00805_Drink_can_c01c0654.jpg,,reject_weak,reject,weak_reject_category,Drink can,Drink can|Pop tab,accept,0.668315,0.668315,0.331685,reject,False
images/reject_weak/taco_00806_Disposable_plastic_cup_a4a10d45.jpg,,reject_weak,reject,weak_reject_category,Disposable plastic cup,Disposable plastic cup,accept,0.645333,0.645333,0.354667,reject,False
images/reject_weak/taco_00807_Drink_can_34c80179.jpg,,reject_weak,reject,weak_reject_category,Drink can,Drink can,accept,0.602094,0.602094,0.397905,reject,False
images/reject_weak/taco_00808_Drink_can_6ef88af7.jpg,,reject_weak,reject,weak_reject_category,Drink can,Drink can,accept,0.616649,0.616649,0.383351,reject,False
images/accept_weak/taco_00809_Disposable_food_container_c51e3b93.jpg,,accept_weak,accept,weak_accept_category,Disposable food container,Disposable food container|Cigarette,accept,0.641820,0.641820,0.358180,reject,True
images/accept_weak/taco_00810_Cigarette_7a16b6e1.jpg,,accept_weak,accept,weak_accept_category,Cigarette,Plastic lid|Cigarette,reject,0.990861,0.009139,0.990861,reject,False
images/reject_weak/taco_00811_Paper_cup_0b0985f0.jpg,,reject_weak,reject,weak_reject_category,Paper cup,Paper cup,reject,0.549931,0.450069,0.549931,reject,True
images/reject_weak/taco_00812_Other_carton_6de2cefd.jpg,,reject_weak,reject,weak_reject_category,Other carton,Other carton,accept,0.802692,0.802692,0.197308,accept,False
images/accept_weak/taco_00813_Plastic_film_ff9af0d7.jpg,,accept_weak,accept,weak_accept_category,Plastic film,Plastic film,accept,0.681841,0.681841,0.318159,reject,True
images/accept_weak/taco_00814_Plastic_film_e8dd9cf3.jpg,,accept_weak,accept,weak_accept_category,Plastic film,Plastic film,reject,0.986730,0.013270,0.986730,reject,False
images/accept_weak/taco_00815_Plastic_film_cb790ea4.jpg,,accept_weak,accept,weak_accept_category,Plastic film,Plastic film|Crisp packet|Tissues,reject,0.979648,0.020352,0.979648,reject,False
images/accept_weak/taco_00816_Cigarette_0c819024.jpg,,accept_weak,accept,weak_accept_category,Cigarette,Meal carton|Aluminium foil|Plastic bottle cap|Cigarette,reject,0.993329,0.006671,0.993329,reject,False
images/accept_weak/taco_00817_Plastic_film_cdb81850.jpg,,accept_weak,accept,weak_accept_category,Plastic film,Other carton|Plastic film,reject,0.981541,0.018459,0.981541,reject,False
images/reject_weak/taco_00818_Drink_can_310a8ce8.jpg,,reject_weak,reject,weak_reject_category,Drink can,Drink can|Pop tab,reject,0.999231,0.000769,0.999231,reject,True
images/accept_weak/taco_00819_Plastic_film_b01333a4.jpg,,accept_weak,accept,weak_accept_category,Plastic film,Plastic film,reject,0.856827,0.143173,0.856827,reject,False
images/accept_weak/taco_00820_Plastic_film_3a93f4d7.jpg,,accept_weak,accept,weak_accept_category,Plastic film,Plastic film|Corrugated carton,reject,0.938582,0.061418,0.938582,reject,False
images/reject_weak/taco_00821_Corrugated_carton_eef5f685.jpg,,reject_weak,reject,weak_reject_category,Corrugated carton,Corrugated carton|Other carton,reject,0.999052,0.000948,0.999052,reject,True
images/accept_weak/taco_00822_Disposable_food_container_341eb6e4.jpg,,accept_weak,accept,weak_accept_category,Disposable food container,Disposable food container|Plastic film,reject,0.999979,0.000021,0.999979,reject,False
images/accept_weak/taco_00823_Plastic_film_df6ff875.jpg,,accept_weak,accept,weak_accept_category,Plastic film,Other carton|Plastic film,reject,0.961054,0.038946,0.961054,reject,False
images/accept_weak/taco_00824_Plastic_film_0138f779.jpg,,accept_weak,accept,weak_accept_category,Plastic film,Other carton|Plastic film,reject,0.983301,0.016699,0.983301,reject,False
images/reject_weak/taco_00825_Spread_tub_c7073b12.jpg,,reject_weak,reject,weak_reject_category,Spread tub,Spread tub,reject,0.776434,0.223566,0.776434,reject,True
images/reject_weak/taco_00826_Other_plastic_b0485c45.jpg,,reject_weak,reject,weak_reject_category,Other plastic,Other plastic|Aluminium foil,accept,0.828443,0.828443,0.171557,accept,False
images/reject_weak/taco_00827_Drink_can_367615d5.jpg,,reject_weak,reject,weak_reject_category,Drink can,Drink can|Unlabeled litter,accept,0.972916,0.972916,0.027084,accept,False
images/reject_weak/taco_00828_Drink_can_c7f47ebe.jpg,,reject_weak,reject,weak_reject_category,Drink can,Drink can|Unlabeled litter,accept,0.972742,0.972742,0.027258,accept,False
images/accept_weak/taco_00829_Plastic_film_b8092a1f.jpg,,accept_weak,accept,weak_accept_category,Plastic film,Plastic film|Unlabeled litter|Cigarette,reject,0.765103,0.234897,0.765103,reject,False
images/reject_weak/taco_00830_Clear_plastic_bottle_19b24bed.jpg,,reject_weak,reject,weak_reject_category,Clear plastic bottle,Clear plastic bottle|Normal paper,accept,0.614162,0.614162,0.385838,reject,False
images/accept_weak/taco_00831_Other_plastic_wrapper_9acfe74a.jpg,,accept_weak,accept,weak_accept_category,Other plastic wrapper,Other plastic wrapper|Plastic film,accept,0.776632,0.776632,0.223368,accept,True
images/accept_weak/taco_00832_Plastic_film_03dd1354.jpg,,accept_weak,accept,weak_accept_category,Plastic film,Plastic film,accept,0.678267,0.678267,0.321733,reject,True
images/accept_weak/taco_00833_Single-use_carrier_bag_97172be5.jpg,,accept_weak,accept,weak_accept_category,Single-use carrier bag,Single-use carrier bag,reject,0.735315,0.264685,0.735315,reject,False
images/accept_weak/taco_00834_Other_plastic_wrapper_b612e631.jpg,,accept_weak,accept,weak_accept_category,Other plastic wrapper,Other plastic wrapper|Unlabeled litter|Other carton,accept,0.718016,0.718016,0.281984,reject,True
images/accept_weak/taco_00835_Disposable_food_container_330a23ff.jpg,,accept_weak,accept,weak_accept_category,Disposable food container,Disposable food container|Plastic film|Unlabeled litter,accept,0.734431,0.734431,0.265569,reject,True
images/accept_weak/taco_00837_Disposable_food_container_a742652a.jpg,,accept_weak,accept,weak_accept_category,Disposable food container,Disposable food container|Plastic film,accept,0.702107,0.702107,0.297893,reject,True
images/accept_weak/taco_00838_Single-use_carrier_bag_e2a01f49.jpg,,accept_weak,accept,weak_accept_category,Single-use carrier bag,Single-use carrier bag|Metal lid|Glass jar,reject,0.996477,0.003523,0.996477,reject,False
images/reject_weak/taco_00839_Glass_jar_5befc9e8.jpg,,reject_weak,reject,weak_reject_category,Glass jar,Glass jar|Metal lid|Metal bottle cap,reject,0.826653,0.173347,0.826653,reject,True
images/reject_weak/taco_00840_Other_plastic_bottle_9e6c96c4.jpg,,reject_weak,reject,weak_reject_category,Other plastic bottle,Other plastic bottle,reject,0.999595,0.000405,0.999595,reject,True
images/accept_weak/taco_00841_Disposable_food_container_0223a6d5.jpg,,accept_weak,accept,weak_accept_category,Disposable food container,Disposable food container|Food waste,reject,0.674176,0.325824,0.674176,reject,False
images/reject_weak/taco_00842_Metal_bottle_cap_1418676b.jpg,,reject_weak,reject,weak_reject_category,Metal bottle cap,Metal bottle cap,reject,0.927287,0.072713,0.927287,reject,True
images/reject_weak/taco_00843_Drink_can_76061858.jpg,,reject_weak,reject,weak_reject_category,Drink can,Drink can|Pop tab|Unlabeled litter,reject,0.550457,0.449543,0.550457,reject,True
images/accept_weak/taco_00844_Foam_food_container_7b3d4384.jpg,,accept_weak,accept,weak_accept_category,Foam food container,Foam food container|Unlabeled litter,accept,0.511419,0.511419,0.488581,reject,True
images/reject_weak/taco_00845_Paper_straw_039cad04.jpg,,reject_weak,reject,weak_reject_category,Paper straw,Paper straw|Disposable plastic cup,accept,0.925887,0.925887,0.074113,accept,False
images/accept_weak/taco_00846_Disposable_food_container_f7e50262.jpg,,accept_weak,accept,weak_accept_category,Disposable food container,Disposable food container|Plastic film|Cigarette,accept,0.544275,0.544275,0.455725,reject,True
images/reject_weak/taco_00847_Aluminium_foil_dad4b787.jpg,,reject_weak,reject,weak_reject_category,Aluminium foil,Aluminium foil,reject,0.963454,0.036546,0.963454,reject,True
images/accept_weak/taco_00848_Plastic_utensils_9059f66b.jpg,,accept_weak,accept,weak_accept_category,Plastic utensils,Plastic utensils|Unlabeled litter,reject,0.502173,0.497827,0.502173,reject,False
images/accept_weak/taco_00849_Cigarette_3d0c0bfc.jpg,,accept_weak,accept,weak_accept_category,Cigarette,Clear plastic bottle|Cigarette,accept,0.986043,0.986043,0.013957,accept,True
images/reject_weak/taco_00850_Normal_paper_abe7d81c.jpg,,reject_weak,reject,weak_reject_category,Normal paper,Normal paper,accept,0.985328,0.985328,0.014672,accept,False
images/reject_weak/taco_00851_Plastic_straw_6da5749b.jpg,,reject_weak,reject,weak_reject_category,Plastic straw,Plastic straw|Unlabeled litter,accept,0.834575,0.834575,0.165425,accept,False
images/reject_weak/taco_00852_Paper_cup_137f4385.jpg,,reject_weak,reject,weak_reject_category,Paper cup,Paper cup|Plastic lid|Paper bag,reject,0.998988,0.001012,0.998988,reject,True
images/accept_weak/taco_00853_Other_plastic_wrapper_ae432ce6.jpg,,accept_weak,accept,weak_accept_category,Other plastic wrapper,Clear plastic bottle|Glass bottle|Other plastic|Unlabeled litter|Normal paper|Pop tab|Other plastic wrapper|Paper bag|Plastic straw|Shoe|Cigarette,reject,0.958418,0.041582,0.958418,reject,False
images/accept_weak/taco_00854_Plastic_utensils_0f573ab1.jpg,,accept_weak,accept,weak_accept_category,Plastic utensils,Plastic utensils,accept,0.643096,0.643096,0.356904,reject,True
images/reject_weak/taco_00855_Clear_plastic_bottle_6dd21a9e.jpg,,reject_weak,reject,weak_reject_category,Clear plastic bottle,Clear plastic bottle,accept,0.689428,0.689428,0.310572,reject,False
images/accept_weak/taco_00856_Plastic_film_bbc46391.jpg,,accept_weak,accept,weak_accept_category,Plastic film,Plastic film,reject,0.813286,0.186714,0.813286,reject,False
images/accept_weak/taco_00857_Single-use_carrier_bag_13802b93.jpg,,accept_weak,accept,weak_accept_category,Single-use carrier bag,Single-use carrier bag,accept,0.662739,0.662739,0.337261,reject,True
images/accept_weak/taco_00858_Plastic_film_76a108fb.jpg,,accept_weak,accept,weak_accept_category,Plastic film,Plastic film|Other plastic|Unlabeled litter,reject,0.700318,0.299682,0.700318,reject,False
images/reject_weak/taco_00859_Plastic_straw_82a75a19.jpg,,reject_weak,reject,weak_reject_category,Plastic straw,Plastic straw|Other plastic|Disposable plastic cup,reject,0.602949,0.397051,0.602949,reject,True
images/accept_weak/taco_00860_Other_plastic_wrapper_70bca3d9.jpg,,accept_weak,accept,weak_accept_category,Other plastic wrapper,Clear plastic bottle|Glass bottle|Drink carton|Unlabeled litter|Paper cup|Other plastic wrapper|Drink can,reject,0.992156,0.007844,0.992156,reject,False
images/reject_weak/taco_00861_Plastic_bottle_cap_bf040a3a.jpg,,reject_weak,reject,weak_reject_category,Plastic bottle cap,Plastic bottle cap,accept,0.989696,0.989696,0.010304,accept,False
images/accept_weak/taco_00862_Plastic_film_4d2539b9.jpg,,accept_weak,accept,weak_accept_category,Plastic film,Plastic film|Unlabeled litter|Cigarette,accept,0.981009,0.981009,0.018991,accept,True
images/accept_weak/taco_00863_Plastic_film_b649e5d8.jpg,,accept_weak,accept,weak_accept_category,Plastic film,Plastic film,reject,0.552274,0.447726,0.552274,reject,False
images/accept_weak/taco_00864_Tissues_b6a16fff.jpg,,accept_weak,accept,weak_accept_category,Tissues,Tissues|Plastic film,reject,0.952766,0.047234,0.952766,reject,False
images/reject_weak/taco_00865_Paper_cup_c3d41e0f.jpg,,reject_weak,reject,weak_reject_category,Paper cup,Paper cup,accept,0.988204,0.988204,0.011796,accept,False
images/accept_weak/taco_00866_Plastic_utensils_86d870f7.jpg,,accept_weak,accept,weak_accept_category,Plastic utensils,Clear plastic bottle|Drink can|Metal bottle cap|Plastic bottle cap|Plastic utensils|Normal paper|Other plastic wrapper|Unlabeled litter|Other plastic|Cigarette,accept,0.988626,0.988626,0.011374,accept,True
images/accept_weak/taco_00867_Plastic_film_5e6afbfc.jpg,,accept_weak,accept,weak_accept_category,Plastic film,Plastic film,accept,0.925396,0.925396,0.074604,accept,True
images/accept_weak/taco_00868_Garbage_bag_def493bd.jpg,,accept_weak,accept,weak_accept_category,Garbage bag,Egg carton|Garbage bag,reject,0.993852,0.006148,0.993852,reject,False
images/reject_weak/taco_00869_Plastic_lid_5715297e.jpg,,reject_weak,reject,weak_reject_category,Plastic lid,Plastic lid|Other carton,reject,0.997283,0.002717,0.997283,reject,True
images/accept_weak/taco_00870_Disposable_food_container_8359925d.jpg,,accept_weak,accept,weak_accept_category,Disposable food container,Other carton|Disposable food container,reject,0.999197,0.000803,0.999197,reject,False
images/accept_weak/taco_00871_Other_plastic_wrapper_1e6a9642.jpg,,accept_weak,accept,weak_accept_category,Other plastic wrapper,Other plastic wrapper,reject,0.967446,0.032554,0.967446,reject,False
images/accept_weak/taco_00872_Other_plastic_wrapper_790e4374.jpg,,accept_weak,accept,weak_accept_category,Other plastic wrapper,Other plastic container|Tupperware|Other plastic wrapper,reject,0.998672,0.001328,0.998672,reject,False
images/accept_weak/taco_00873_Plastic_film_e8ce43b6.jpg,,accept_weak,accept,weak_accept_category,Plastic film,Other carton|Aluminium blister pack|Normal paper|Plastic film,reject,0.966014,0.033986,0.966014,reject,False
images/reject_weak/taco_00874_Magazine_paper_2cad3184.jpg,,reject_weak,reject,weak_reject_category,Magazine paper,Magazine paper,reject,0.961235,0.038765,0.961235,reject,True
images/accept_weak/taco_00875_Cigarette_b6d7b2ec.jpg,,accept_weak,accept,weak_accept_category,Cigarette,Plastic bottle cap|Clear plastic bottle|Wrapping paper|Cigarette,accept,0.789270,0.789270,0.210730,accept,True
images/reject_weak/taco_00876_Plastic_straw_458d4ed3.jpg,,reject_weak,reject,weak_reject_category,Plastic straw,Plastic straw,reject,0.823748,0.176252,0.823748,reject,True
images/accept_weak/taco_00877_Plastic_film_a0c5d3f4.jpg,,accept_weak,accept,weak_accept_category,Plastic film,Other plastic|Plastic film,reject,0.869950,0.130050,0.869950,reject,False
images/reject_weak/taco_00878_Plastic_bottle_cap_b217559e.jpg,,reject_weak,reject,weak_reject_category,Plastic bottle cap,Plastic bottle cap,accept,0.786295,0.786295,0.213705,accept,False
images/accept_weak/taco_00879_Plastic_film_8266a955.jpg,,accept_weak,accept,weak_accept_category,Plastic film,Disposable plastic cup|Plastic film|Normal paper|Cigarette,accept,0.609496,0.609496,0.390504,reject,True
images/reject_weak/taco_00880_Plastic_bottle_cap_61127abd.jpg,,reject_weak,reject,weak_reject_category,Plastic bottle cap,Plastic bottle cap,reject,0.763084,0.236916,0.763084,reject,True
images/accept_weak/taco_00881_Cigarette_9abdf397.jpg,,accept_weak,accept,weak_accept_category,Cigarette,Magazine paper|Normal paper|Cigarette,accept,0.941065,0.941065,0.058935,accept,True
images/accept_weak/taco_00882_Cigarette_3195fe05.jpg,,accept_weak,accept,weak_accept_category,Cigarette,Disposable plastic cup|Cigarette,accept,0.964635,0.964635,0.035365,accept,True
images/reject_weak/taco_00883_Other_plastic_28654aea.jpg,,reject_weak,reject,weak_reject_category,Other plastic,Other plastic,accept,0.713020,0.713020,0.286980,reject,False
images/accept_weak/taco_00884_Plastic_film_492fe406.jpg,,accept_weak,accept,weak_accept_category,Plastic film,Plastic film,accept,0.628152,0.628152,0.371848,reject,True
images/reject_weak/taco_00885_Plastic_straw_e8ef3aae.jpg,,reject_weak,reject,weak_reject_category,Plastic straw,Plastic straw,accept,0.566533,0.566533,0.433467,reject,False
images/reject_weak/taco_00886_Other_plastic_e82f8bd7.jpg,,reject_weak,reject,weak_reject_category,Other plastic,Other plastic,reject,0.853927,0.146073,0.853927,reject,True
images/reject_weak/taco_00887_Other_plastic_024d1877.jpg,,reject_weak,reject,weak_reject_category,Other plastic,Other plastic,accept,0.979854,0.979854,0.020146,accept,False
images/reject_weak/taco_00888_Other_plastic_2d2a0ba4.jpg,,reject_weak,reject,weak_reject_category,Other plastic,Other plastic|Plastic lid,accept,0.965479,0.965479,0.034521,accept,False
images/reject_weak/taco_00889_Other_plastic_6315f2e1.jpg,,reject_weak,reject,weak_reject_category,Other plastic,Other plastic,accept,0.802626,0.802626,0.197374,accept,False
images/reject_weak/taco_00890_Plastic_bottle_cap_8fdc48bb.jpg,,reject_weak,reject,weak_reject_category,Plastic bottle cap,Plastic bottle cap,accept,0.983287,0.983287,0.016713,accept,False
images/reject_weak/taco_00891_Other_plastic_f2eee01b.jpg,,reject_weak,reject,weak_reject_category,Other plastic,Other plastic|Plastic bottle cap,accept,0.968599,0.968599,0.031401,accept,False
images/accept_weak/taco_00892_Plastic_film_8e84e23f.jpg,,accept_weak,accept,weak_accept_category,Plastic film,Plastic film,accept,0.943237,0.943237,0.056763,accept,True
images/reject_weak/taco_00893_Other_plastic_9b677aca.jpg,,reject_weak,reject,weak_reject_category,Other plastic,Other plastic,accept,0.979521,0.979521,0.020479,accept,False
images/reject_weak/taco_00894_Other_plastic_f81ec9e2.jpg,,reject_weak,reject,weak_reject_category,Other plastic,Other plastic,accept,0.893231,0.893231,0.106769,accept,False
images/reject_weak/taco_00895_Other_plastic_a4c96d52.jpg,,reject_weak,reject,weak_reject_category,Other plastic,Other plastic,accept,0.681709,0.681709,0.318291,reject,False
images/accept_weak/taco_00896_Plastic_film_888a396b.jpg,,accept_weak,accept,weak_accept_category,Plastic film,Plastic film,reject,0.895248,0.104752,0.895248,reject,False
images/reject_weak/taco_00897_Other_plastic_3a6e4c71.jpg,,reject_weak,reject,weak_reject_category,Other plastic,Other plastic,accept,0.840857,0.840857,0.159143,accept,False
images/reject_weak/taco_00898_Other_plastic_6f855259.jpg,,reject_weak,reject,weak_reject_category,Other plastic,Other plastic,accept,0.997097,0.997097,0.002903,accept,False
images/reject_weak/taco_00899_Plastic_bottle_cap_ccac1b85.jpg,,reject_weak,reject,weak_reject_category,Plastic bottle cap,Plastic bottle cap,reject,0.851370,0.148630,0.851370,reject,True
images/accept_weak/taco_00900_Plastic_film_15648e13.jpg,,accept_weak,accept,weak_accept_category,Plastic film,Plastic film,accept,0.974775,0.974775,0.025225,accept,True
images/reject_weak/taco_00901_Other_plastic_cup_fdd81df5.jpg,,reject_weak,reject,weak_reject_category,Other plastic cup,Other plastic cup,reject,0.909787,0.090213,0.909787,reject,True
images/reject_weak/taco_00902_Other_plastic_935a8a57.jpg,,reject_weak,reject,weak_reject_category,Other plastic,Other plastic,accept,0.877792,0.877792,0.122208,accept,False
images/reject_weak/taco_00903_Other_plastic_07adf761.jpg,,reject_weak,reject,weak_reject_category,Other plastic,Other plastic,accept,0.796607,0.796607,0.203393,accept,False
images/accept_weak/taco_00904_Plastic_film_1c52fa65.jpg,,accept_weak,accept,weak_accept_category,Plastic film,Plastic film|Other plastic,accept,0.985971,0.985971,0.014029,accept,True
images/accept_weak/taco_00905_Plastic_film_b04c13aa.jpg,,accept_weak,accept,weak_accept_category,Plastic film,Plastic film|Cigarette,accept,0.975611,0.975611,0.024389,accept,True
images/accept_weak/taco_00906_Styrofoam_piece_76a83b69.jpg,,accept_weak,accept,weak_accept_category,Styrofoam piece,Styrofoam piece,reject,0.927539,0.072461,0.927539,reject,False
images/accept_weak/taco_00907_Styrofoam_piece_d267ae23.jpg,,accept_weak,accept,weak_accept_category,Styrofoam piece,Styrofoam piece|Cigarette,reject,0.840576,0.159424,0.840576,reject,False
images/reject_weak/taco_00908_Other_plastic_790c5706.jpg,,reject_weak,reject,weak_reject_category,Other plastic,Other plastic,accept,0.721639,0.721639,0.278361,reject,False
images/reject_weak/taco_00910_Disposable_plastic_cup_82210697.jpg,,reject_weak,reject,weak_reject_category,Disposable plastic cup,Disposable plastic cup,accept,0.516886,0.516886,0.483114,reject,False
images/reject_weak/taco_00911_Disposable_plastic_cup_24716c7d.jpg,,reject_weak,reject,weak_reject_category,Disposable plastic cup,Disposable plastic cup,reject,0.578036,0.421964,0.578036,reject,True
images/reject_weak/taco_00913_Normal_paper_1d363d38.jpg,,reject_weak,reject,weak_reject_category,Normal paper,Normal paper,accept,0.938436,0.938436,0.061564,accept,False
images/reject_weak/taco_00914_Plastic_straw_81bd8db1.jpg,,reject_weak,reject,weak_reject_category,Plastic straw,Plastic straw,reject,0.574083,0.425917,0.574083,reject,True
images/accept_weak/taco_00915_Plastic_film_80e04cc6.jpg,,accept_weak,accept,weak_accept_category,Plastic film,Plastic straw|Plastic film,accept,0.526935,0.526935,0.473065,reject,True
images/accept_weak/taco_00918_Plastic_film_27a2f568.jpg,,accept_weak,accept,weak_accept_category,Plastic film,Plastic film,reject,0.948116,0.051884,0.948116,reject,False
images/reject_weak/taco_00919_Other_plastic_95b2eafa.jpg,,reject_weak,reject,weak_reject_category,Other plastic,Other plastic,accept,0.812038,0.812038,0.187962,accept,False
images/reject_weak/taco_00920_Aluminium_foil_30977a3a.jpg,,reject_weak,reject,weak_reject_category,Aluminium foil,Aluminium foil,accept,0.552308,0.552308,0.447692,reject,False
images/reject_weak/taco_00921_Aluminium_foil_d912c3df.jpg,,reject_weak,reject,weak_reject_category,Aluminium foil,Aluminium foil,accept,0.992270,0.992270,0.007730,accept,False
images/accept_weak/taco_00922_Plastic_film_314391e1.jpg,,accept_weak,accept,weak_accept_category,Plastic film,Plastic film,reject,0.657206,0.342794,0.657206,reject,False
images/accept_weak/taco_00923_Plastic_film_538e7c26.jpg,,accept_weak,accept,weak_accept_category,Plastic film,Plastic film,accept,0.992719,0.992719,0.007281,accept,True
images/reject_weak/taco_00924_Food_waste_b8d3c665.jpg,,reject_weak,reject,weak_reject_category,Food waste,Food waste|Other plastic,accept,0.978461,0.978461,0.021539,accept,False
images/reject_weak/taco_00926_Other_plastic_9668eab8.jpg,,reject_weak,reject,weak_reject_category,Other plastic,Other plastic,reject,0.825299,0.174701,0.825299,reject,True
images/reject_weak/taco_00927_Other_plastic_ed0bfb8b.jpg,,reject_weak,reject,weak_reject_category,Other plastic,Other plastic,accept,0.910844,0.910844,0.089156,accept,False
images/accept_weak/taco_00928_Single-use_carrier_bag_9eb1fe4e.jpg,,accept_weak,accept,weak_accept_category,Single-use carrier bag,Single-use carrier bag|Other carton,accept,0.815833,0.815833,0.184167,accept,True
images/reject_weak/taco_00929_Other_plastic_deded25e.jpg,,reject_weak,reject,weak_reject_category,Other plastic,Other plastic,accept,0.971286,0.971286,0.028714,accept,False
images/reject_weak/taco_00930_Other_plastic_c7f97311.jpg,,reject_weak,reject,weak_reject_category,Other plastic,Other plastic,accept,0.662373,0.662373,0.337627,reject,False
images/reject_weak/taco_00931_Plastic_bottle_cap_f58cb439.jpg,,reject_weak,reject,weak_reject_category,Plastic bottle cap,Plastic bottle cap,accept,0.948547,0.948547,0.051453,accept,False
images/reject_weak/taco_00932_Plastic_bottle_cap_6f196a42.jpg,,reject_weak,reject,weak_reject_category,Plastic bottle cap,Plastic bottle cap,reject,0.988694,0.011306,0.988694,reject,True
images/accept_weak/taco_00933_Plastic_film_4f9469de.jpg,,accept_weak,accept,weak_accept_category,Plastic film,Plastic film,reject,0.711254,0.288746,0.711254,reject,False
images/reject_weak/taco_00935_Other_plastic_af5aacaf.jpg,,reject_weak,reject,weak_reject_category,Other plastic,Other plastic,accept,0.952769,0.952769,0.047231,accept,False
images/reject_weak/taco_00936_Other_plastic_2c403034.jpg,,reject_weak,reject,weak_reject_category,Other plastic,Other plastic,accept,0.734525,0.734525,0.265475,reject,False
images/reject_weak/taco_00937_Metal_bottle_cap_a5564392.jpg,,reject_weak,reject,weak_reject_category,Metal bottle cap,Metal bottle cap,reject,0.823106,0.176894,0.823106,reject,True
images/reject_weak/taco_00938_Metal_bottle_cap_d17743a5.jpg,,reject_weak,reject,weak_reject_category,Metal bottle cap,Metal bottle cap,accept,0.910448,0.910448,0.089552,accept,False
images/accept_weak/taco_00939_Tissues_8e7ca10b.jpg,,accept_weak,accept,weak_accept_category,Tissues,Tissues,reject,0.618146,0.381854,0.618146,reject,False
images/accept_weak/taco_00940_Styrofoam_piece_1588082d.jpg,,accept_weak,accept,weak_accept_category,Styrofoam piece,Styrofoam piece,reject,0.951141,0.048859,0.951141,reject,False
images/accept_weak/taco_00941_Styrofoam_piece_90b745dc.jpg,,accept_weak,accept,weak_accept_category,Styrofoam piece,Styrofoam piece|Other plastic,accept,0.840415,0.840415,0.159585,accept,True
images/reject_weak/taco_00942_Plastic_bottle_cap_ef4cd366.jpg,,reject_weak,reject,weak_reject_category,Plastic bottle cap,Plastic bottle cap,accept,0.929276,0.929276,0.070724,accept,False
images/accept_weak/taco_00943_Plastic_film_8d69692c.jpg,,accept_weak,accept,weak_accept_category,Plastic film,Plastic film,reject,0.988768,0.011232,0.988768,reject,False
images/accept_weak/taco_00944_Plastic_film_2727ac42.jpg,,accept_weak,accept,weak_accept_category,Plastic film,Plastic film,reject,0.999824,0.000177,0.999824,reject,False
images/accept_weak/taco_00945_Plastic_film_0664599f.jpg,,accept_weak,accept,weak_accept_category,Plastic film,Plastic film,reject,0.999978,0.000022,0.999978,reject,False
images/reject_weak/taco_00946_Plastic_bottle_cap_0d7e4ce3.jpg,,reject_weak,reject,weak_reject_category,Plastic bottle cap,Plastic bottle cap|Other plastic,accept,0.876405,0.876405,0.123595,accept,False
images/reject_weak/taco_00947_Corrugated_carton_24330de8.jpg,,reject_weak,reject,weak_reject_category,Corrugated carton,Corrugated carton,accept,0.647950,0.647950,0.352050,reject,False
images/accept_weak/taco_00948_Cigarette_59bc6cfb.jpg,,accept_weak,accept,weak_accept_category,Cigarette,Disposable plastic cup|Cigarette,reject,0.535889,0.464111,0.535889,reject,False
images/accept_weak/taco_00949_Styrofoam_piece_a599a26a.jpg,,accept_weak,accept,weak_accept_category,Styrofoam piece,Styrofoam piece,accept,0.995212,0.995212,0.004788,accept,True
images/accept_weak/taco_00950_Plastic_film_c92261d4.jpg,,accept_weak,accept,weak_accept_category,Plastic film,Plastic film,accept,0.556145,0.556145,0.443855,reject,True
images/accept_weak/taco_00951_Cigarette_080dbc43.jpg,,accept_weak,accept,weak_accept_category,Cigarette,Drink can|Cigarette,accept,0.899152,0.899152,0.100848,accept,True
images/accept_weak/taco_00952_Disposable_food_container_3187f0f1.jpg,,accept_weak,accept,weak_accept_category,Disposable food container,Disposable food container,reject,0.520037,0.479963,0.520037,reject,False
images/accept_weak/taco_00953_Styrofoam_piece_9f00809a.jpg,,accept_weak,accept,weak_accept_category,Styrofoam piece,Styrofoam piece|Plastic film|Unlabeled litter,reject,0.534435,0.465565,0.534435,reject,False
images/accept_weak/taco_00954_Plastic_film_8bfe989f.jpg,,accept_weak,accept,weak_accept_category,Plastic film,Plastic film|Styrofoam piece,accept,0.628635,0.628635,0.371365,reject,True
images/accept_weak/taco_00955_Other_plastic_wrapper_e54b4bc1.jpg,,accept_weak,accept,weak_accept_category,Other plastic wrapper,Other plastic wrapper,reject,0.756030,0.243970,0.756030,reject,False
images/reject_weak/taco_00956_Plastic_straw_711ebdd0.jpg,,reject_weak,reject,weak_reject_category,Plastic straw,Plastic straw,accept,0.928527,0.928527,0.071473,accept,False
images/accept_weak/taco_00957_Other_plastic_wrapper_eed3b781.jpg,,accept_weak,accept,weak_accept_category,Other plastic wrapper,Other plastic wrapper,accept,0.621096,0.621096,0.378904,reject,True
images/accept_weak/taco_00958_Plastic_film_37bbef32.jpg,,accept_weak,accept,weak_accept_category,Plastic film,Plastic film|Cigarette,accept,0.921010,0.921010,0.078990,accept,True
images/accept_weak/taco_00959_Cigarette_8980dd5e.jpg,,accept_weak,accept,weak_accept_category,Cigarette,Other plastic|Cigarette,reject,0.969737,0.030263,0.969737,reject,False
images/reject_weak/taco_00960_Plastic_bottle_cap_40b0748c.jpg,,reject_weak,reject,weak_reject_category,Plastic bottle cap,Plastic bottle cap,accept,0.867099,0.867099,0.132901,accept,False
images/accept_weak/taco_00961_Cigarette_9da37008.jpg,,accept_weak,accept,weak_accept_category,Cigarette,Plastic bottle cap|Pop tab|Cigarette,accept,0.778811,0.778811,0.221189,accept,True
images/accept_weak/taco_00962_Other_plastic_wrapper_b07702d2.jpg,,accept_weak,accept,weak_accept_category,Other plastic wrapper,Other plastic bottle|Squeezable tube|Other plastic wrapper|Other plastic,accept,0.763519,0.763519,0.236481,accept,True
images/accept_weak/taco_00963_Plastic_film_d81ad1d1.jpg,,accept_weak,accept,weak_accept_category,Plastic film,Plastic film|Disposable food container,accept,0.655221,0.655221,0.344779,reject,True
images/accept_weak/taco_00964_Cigarette_7ce57450.jpg,,accept_weak,accept,weak_accept_category,Cigarette,Clear plastic bottle|Other plastic|Cigarette,accept,0.767386,0.767386,0.232614,accept,True
images/accept_weak/taco_00965_Cigarette_0e26f7e0.jpg,,accept_weak,accept,weak_accept_category,Cigarette,Clear plastic bottle|Cigarette,accept,0.651399,0.651399,0.348601,reject,True
images/reject_weak/taco_00966_Drink_can_4ffbaf6a.jpg,,reject_weak,reject,weak_reject_category,Drink can,Drink can|Plastic straw|Metal bottle cap|Unlabeled litter,accept,0.623160,0.623160,0.376840,reject,False
images/reject_weak/taco_00967_Plastic_straw_08efa665.jpg,,reject_weak,reject,weak_reject_category,Plastic straw,Plastic straw,accept,0.743346,0.743346,0.256654,reject,False
images/reject_weak/taco_00969_Plastic_straw_33f0df64.jpg,,reject_weak,reject,weak_reject_category,Plastic straw,Plastic straw,accept,0.844737,0.844737,0.155263,accept,False
images/accept_weak/taco_00970_Cigarette_0230ad2c.jpg,,accept_weak,accept,weak_accept_category,Cigarette,Other plastic|Cigarette,reject,0.954572,0.045428,0.954572,reject,False
images/accept_weak/taco_00971_Plastic_film_f2ac3aa2.jpg,,accept_weak,accept,weak_accept_category,Plastic film,Plastic film,reject,0.999978,0.000022,0.999978,reject,False
images/reject_weak/taco_00972_Scrap_metal_af3343bb.jpg,,reject_weak,reject,weak_reject_category,Scrap metal,Scrap metal,reject,0.599357,0.400643,0.599357,reject,True
images/accept_weak/taco_00973_Plastic_film_921d8369.jpg,,accept_weak,accept,weak_accept_category,Plastic film,Plastic film,reject,0.501063,0.498937,0.501063,reject,False
images/reject_weak/taco_00974_Clear_plastic_bottle_c2796700.jpg,,reject_weak,reject,weak_reject_category,Clear plastic bottle,Clear plastic bottle|Plastic bottle cap|Unlabeled litter,reject,0.999832,0.000168,0.999832,reject,True
images/reject_weak/taco_00975_Clear_plastic_bottle_c907a687.jpg,,reject_weak,reject,weak_reject_category,Clear plastic bottle,Clear plastic bottle|Plastic bottle cap,reject,0.997459,0.002541,0.997459,reject,True
images/accept_weak/taco_00976_Styrofoam_piece_9b580012.jpg,,accept_weak,accept,weak_accept_category,Styrofoam piece,Styrofoam piece|Plastic film|Aluminium foil,reject,0.693582,0.306418,0.693582,reject,False
images/reject_weak/taco_00977_Other_plastic_f8be853e.jpg,,reject_weak,reject,weak_reject_category,Other plastic,Other plastic,reject,0.999993,0.000007,0.999993,reject,True
images/accept_weak/taco_00978_Disposable_food_container_4986341b.jpg,,accept_weak,accept,weak_accept_category,Disposable food container,Disposable food container,reject,0.983427,0.016573,0.983427,reject,False
images/reject_weak/taco_00979_Plastic_bottle_cap_9a3334ac.jpg,,reject_weak,reject,weak_reject_category,Plastic bottle cap,Plastic bottle cap,reject,0.716379,0.283621,0.716379,reject,True
images/accept_weak/taco_00980_Styrofoam_piece_f8991622.jpg,,accept_weak,accept,weak_accept_category,Styrofoam piece,Styrofoam piece,reject,0.767668,0.232332,0.767668,reject,False
images/reject_weak/taco_00981_Plastic_bottle_cap_7968c18f.jpg,,reject_weak,reject,weak_reject_category,Plastic bottle cap,Plastic bottle cap,reject,0.993156,0.006844,0.993156,reject,True
images/accept_weak/taco_00982_Styrofoam_piece_84d26277.jpg,,accept_weak,accept,weak_accept_category,Styrofoam piece,Styrofoam piece|Unlabeled litter,reject,0.806431,0.193569,0.806431,reject,False
images/reject_weak/taco_00983_Paper_bag_8a48de53.jpg,,reject_weak,reject,weak_reject_category,Paper bag,Paper bag|Unlabeled litter|Other plastic,accept,0.999478,0.999478,0.000523,accept,False
images/accept_weak/taco_00984_Styrofoam_piece_451885aa.jpg,,accept_weak,accept,weak_accept_category,Styrofoam piece,Styrofoam piece,accept,0.574996,0.574996,0.425004,reject,True
images/accept_weak/taco_00985_Styrofoam_piece_a0aaa022.jpg,,accept_weak,accept,weak_accept_category,Styrofoam piece,Plastic bottle cap|Styrofoam piece,reject,0.988105,0.011896,0.988105,reject,False
images/reject_weak/taco_00986_Disposable_plastic_cup_52330317.jpg,,reject_weak,reject,weak_reject_category,Disposable plastic cup,Disposable plastic cup,accept,0.694620,0.694620,0.305380,reject,False
images/reject_weak/taco_00988_Other_carton_12cb1b68.jpg,,reject_weak,reject,weak_reject_category,Other carton,Other carton,reject,0.997066,0.002934,0.997066,reject,True
images/accept_weak/taco_00989_Disposable_food_container_c09ead2b.jpg,,accept_weak,accept,weak_accept_category,Disposable food container,Disposable food container,reject,0.898450,0.101550,0.898450,reject,False
images/reject_weak/taco_00991_Plastic_straw_0e8bda4f.jpg,,reject_weak,reject,weak_reject_category,Plastic straw,Plastic straw,accept,0.948535,0.948535,0.051465,accept,False
images/reject_weak/taco_00992_Other_plastic_9d0dba69.jpg,,reject_weak,reject,weak_reject_category,Other plastic,Other plastic,reject,0.512140,0.487860,0.512140,reject,True
images/accept_weak/taco_00993_Garbage_bag_e3f92c5b.jpg,,accept_weak,accept,weak_accept_category,Garbage bag,Garbage bag|Normal paper,reject,0.819901,0.180099,0.819901,reject,False
images/reject_weak/taco_00994_Disposable_plastic_cup_5e6ca0f6.jpg,,reject_weak,reject,weak_reject_category,Disposable plastic cup,Disposable plastic cup|Unlabeled litter,accept,0.842074,0.842074,0.157926,accept,False
images/accept_weak/taco_00995_Cigarette_19df2bc7.jpg,,accept_weak,accept,weak_accept_category,Cigarette,Other plastic bottle|Other plastic|Cigarette,accept,0.966201,0.966201,0.033799,accept,True
images/accept_weak/taco_00996_Cigarette_b1651a00.jpg,,accept_weak,accept,weak_accept_category,Cigarette,Clear plastic bottle|Unlabeled litter|Other plastic|Cigarette,accept,0.969423,0.969423,0.030577,accept,True
images/accept_weak/taco_00997_Cigarette_52892927.jpg,,accept_weak,accept,weak_accept_category,Cigarette,Corrugated carton|Cigarette,reject,0.937423,0.062577,0.937423,reject,False
images/accept_weak/taco_00998_Other_plastic_wrapper_fdcf7324.jpg,,accept_weak,accept,weak_accept_category,Other plastic wrapper,Other plastic wrapper|Normal paper,accept,0.990407,0.990407,0.009593,accept,True
images/accept_weak/taco_00999_Cigarette_4651cae4.jpg,,accept_weak,accept,weak_accept_category,Cigarette,Clear plastic bottle|Cigarette,accept,0.815723,0.815723,0.184277,accept,True
images/reject_weak/taco_01000_Glass_bottle_0be2c6bd.jpg,,reject_weak,reject,weak_reject_category,Glass bottle,Glass bottle,reject,0.624623,0.375377,0.624623,reject,True
images/reject_weak/taco_01001_Plastic_straw_f749f4ac.jpg,,reject_weak,reject,weak_reject_category,Plastic straw,Plastic straw|Drink carton,accept,0.829353,0.829353,0.170647,accept,False
images/accept_weak/taco_01002_Plastic_film_190ef466.jpg,,accept_weak,accept,weak_accept_category,Plastic film,Drink can|Plastic film,reject,0.744263,0.255737,0.744263,reject,False
images/reject_weak/taco_01003_Corrugated_carton_e2e8d7aa.jpg,,reject_weak,reject,weak_reject_category,Corrugated carton,Corrugated carton|Unlabeled litter,reject,0.814562,0.185438,0.814562,reject,True
images/reject_weak/taco_01004_Plastic_straw_185a9603.jpg,,reject_weak,reject,weak_reject_category,Plastic straw,Squeezable tube|Plastic straw,reject,0.940495,0.059505,0.940495,reject,True
images/accept_weak/taco_01005_Plastic_film_d28768b1.jpg,,accept_weak,accept,weak_accept_category,Plastic film,Other plastic|Unlabeled litter|Plastic film,accept,0.619073,0.619073,0.380927,reject,True
images/accept_weak/taco_01006_Styrofoam_piece_9277ba76.jpg,,accept_weak,accept,weak_accept_category,Styrofoam piece,Styrofoam piece|Unlabeled litter,reject,0.529303,0.470697,0.529303,reject,False
images/accept_weak/taco_01007_Cigarette_09f2b096.jpg,,accept_weak,accept,weak_accept_category,Cigarette,Disposable plastic cup|Unlabeled litter|Cigarette,accept,0.897450,0.897450,0.102550,accept,True
images/reject_weak/taco_01008_Glass_bottle_2955403d.jpg,,reject_weak,reject,weak_reject_category,Glass bottle,Glass bottle|Disposable plastic cup|Unlabeled litter,reject,0.748241,0.251759,0.748241,reject,True
images/accept_weak/taco_01009_Plastic_film_5317e156.jpg,,accept_weak,accept,weak_accept_category,Plastic film,Plastic film,reject,0.998472,0.001528,0.998472,reject,False
images/accept_weak/taco_01010_Plastic_film_2aceaaaa.jpg,,accept_weak,accept,weak_accept_category,Plastic film,Glass bottle|Plastic bottle cap|Rope & strings|Plastic film|Styrofoam piece,reject,0.835666,0.164334,0.835666,reject,False
images/accept_weak/taco_01011_Plastic_film_70d5b7f1.jpg,,accept_weak,accept,weak_accept_category,Plastic film,Plastic film,reject,0.788444,0.211556,0.788444,reject,False
images/accept_weak/taco_01012_Plastic_film_ff885e35.jpg,,accept_weak,accept,weak_accept_category,Plastic film,Meal carton|Plastic film,reject,0.500971,0.499029,0.500971,reject,False
images/accept_weak/taco_01013_Disposable_food_container_eac0a0ff.jpg,,accept_weak,accept,weak_accept_category,Disposable food container,Disposable food container|Clear plastic bottle|Plastic bottle cap|Normal paper|Cigarette,accept,0.834484,0.834484,0.165516,accept,True
images/accept_weak/taco_01014_Plastic_film_634a4cdb.jpg,,accept_weak,accept,weak_accept_category,Plastic film,Plastic film,reject,0.617803,0.382198,0.617803,reject,False
images/accept_weak/taco_01015_Plastic_film_9c139ad6.jpg,,accept_weak,accept,weak_accept_category,Plastic film,Meal carton|Plastic film,accept,0.982697,0.982697,0.017303,accept,True
images/reject_weak/taco_01016_Normal_paper_7db458fc.jpg,,reject_weak,reject,weak_reject_category,Normal paper,Normal paper,accept,0.742937,0.742937,0.257063,reject,False
images/reject_weak/taco_01018_Disposable_plastic_cup_be9d42ea.jpg,,reject_weak,reject,weak_reject_category,Disposable plastic cup,Disposable plastic cup|Normal paper|Unlabeled litter,accept,0.800489,0.800489,0.199511,accept,False
images/reject_weak/taco_01019_Clear_plastic_bottle_8d5f1feb.jpg,,reject_weak,reject,weak_reject_category,Clear plastic bottle,Clear plastic bottle|Plastic bottle cap,accept,0.950815,0.950815,0.049185,accept,False
images/reject_weak/taco_01020_Drink_can_2452dae8.jpg,,reject_weak,reject,weak_reject_category,Drink can,Drink can|Unlabeled litter,accept,0.961053,0.961053,0.038947,accept,False
images/accept_weak/taco_01021_Other_plastic_wrapper_cc3a930d.jpg,,accept_weak,accept,weak_accept_category,Other plastic wrapper,Other plastic wrapper|Drink can|Pop tab,accept,0.775804,0.775804,0.224196,accept,True
images/reject_weak/taco_01022_Aluminium_foil_c665c95b.jpg,,reject_weak,reject,weak_reject_category,Aluminium foil,Aluminium foil|Paper cup|Drink can|Metal bottle cap|Clear plastic bottle,accept,0.806062,0.806062,0.193938,accept,False
images/accept_weak/taco_01023_Other_plastic_wrapper_03046f88.jpg,,accept_weak,accept,weak_accept_category,Other plastic wrapper,Other plastic wrapper,accept,0.645565,0.645565,0.354435,reject,True
images/reject_weak/taco_01024_Drink_can_49947068.jpg,,reject_weak,reject,weak_reject_category,Drink can,Drink can,reject,0.588800,0.411200,0.588800,reject,True
images/reject_weak/taco_01025_Clear_plastic_bottle_b7b3c61b.jpg,,reject_weak,reject,weak_reject_category,Clear plastic bottle,Clear plastic bottle,accept,0.911463,0.911463,0.088537,accept,False
images/reject_weak/taco_01026_Plastic_straw_9cf413f1.jpg,,reject_weak,reject,weak_reject_category,Plastic straw,Plastic straw|Plastic lid,accept,0.981556,0.981556,0.018444,accept,False
images/accept_weak/taco_01027_Cigarette_8631a3a2.jpg,,accept_weak,accept,weak_accept_category,Cigarette,Six pack rings|Unlabeled litter|Cigarette,accept,0.565665,0.565665,0.434335,reject,True
images/reject_weak/taco_01028_Drink_can_f0529396.jpg,,reject_weak,reject,weak_reject_category,Drink can,Drink can|Pop tab,accept,0.555010,0.555010,0.444990,reject,False
images/accept_weak/taco_01029_Other_plastic_wrapper_f8ba7c29.jpg,,accept_weak,accept,weak_accept_category,Other plastic wrapper,Other carton|Other plastic wrapper|Pop tab|Drink can,accept,0.647509,0.647509,0.352491,reject,True
images/reject_weak/taco_01030_Drink_can_3bb1ec78.jpg,,reject_weak,reject,weak_reject_category,Drink can,Drink can,accept,0.632477,0.632477,0.367523,reject,False
images/accept_weak/taco_01031_Styrofoam_piece_6bfcc4c7.jpg,,accept_weak,accept,weak_accept_category,Styrofoam piece,Styrofoam piece,accept,0.994523,0.994523,0.005477,accept,True
images/reject_weak/taco_01032_Disposable_plastic_cup_1540248b.jpg,,reject_weak,reject,weak_reject_category,Disposable plastic cup,Disposable plastic cup|Drink can|Pop tab|Other plastic|Unlabeled litter|Other carton|Aluminium foil,reject,0.640919,0.359081,0.640919,reject,True
images/reject_weak/taco_01033_Drink_can_48290333.jpg,,reject_weak,reject,weak_reject_category,Drink can,Drink can|Pop tab,accept,0.892180,0.892180,0.107820,accept,False
images/reject_weak/taco_01034_Pop_tab_edf6563e.jpg,,reject_weak,reject,weak_reject_category,Pop tab,Pop tab|Drink can,accept,0.948882,0.948882,0.051118,accept,False
images/reject_weak/taco_01036_Plastic_straw_124bfdae.jpg,,reject_weak,reject,weak_reject_category,Plastic straw,Plastic straw|Plastic lid|Unlabeled litter,accept,0.689664,0.689664,0.310336,reject,False
images/accept_weak/taco_01037_Plastic_film_1570ce67.jpg,,accept_weak,accept,weak_accept_category,Plastic film,Meal carton|Plastic film|Crisp packet|Unlabeled litter|Cigarette,accept,0.918512,0.918512,0.081488,accept,True
images/accept_weak/taco_01038_Plastic_film_a977d259.jpg,,accept_weak,accept,weak_accept_category,Plastic film,Plastic film,accept,0.965993,0.965993,0.034007,accept,True
images/accept_weak/taco_01039_Single-use_carrier_bag_91829698.jpg,,accept_weak,accept,weak_accept_category,Single-use carrier bag,Single-use carrier bag|Other plastic wrapper|Plastic film|Paper bag,reject,0.647465,0.352535,0.647465,reject,False
images/accept_weak/taco_01040_Plastic_film_69aab452.jpg,,accept_weak,accept,weak_accept_category,Plastic film,Plastic film,reject,0.966809,0.033191,0.966809,reject,False
images/reject_weak/taco_01041_Paper_bag_52538378.jpg,,reject_weak,reject,weak_reject_category,Paper bag,Paper bag,reject,0.944789,0.055211,0.944789,reject,True
images/reject_weak/taco_01042_Disposable_plastic_cup_f210a75d.jpg,,reject_weak,reject,weak_reject_category,Disposable plastic cup,Disposable plastic cup,accept,0.881502,0.881502,0.118498,accept,False
images/reject_weak/taco_01043_Disposable_plastic_cup_a7022a55.jpg,,reject_weak,reject,weak_reject_category,Disposable plastic cup,Disposable plastic cup,reject,0.671241,0.328759,0.671241,reject,True
images/reject_weak/taco_01044_Glass_bottle_3b0d52bf.jpg,,reject_weak,reject,weak_reject_category,Glass bottle,Glass bottle,reject,0.996981,0.003019,0.996981,reject,True
images/accept_weak/taco_01045_Cigarette_2202232a.jpg,,accept_weak,accept,weak_accept_category,Cigarette,Clear plastic bottle|Cigarette,reject,0.780324,0.219676,0.780324,reject,False
images/accept_weak/taco_01046_Other_plastic_wrapper_ce8111fa.jpg,,accept_weak,accept,weak_accept_category,Other plastic wrapper,Meal carton|Plastic straw|Plastic lid|Paper cup|Other plastic wrapper|Other plastic,reject,0.653692,0.346308,0.653692,reject,False
images/accept_weak/taco_01047_Cigarette_8fe01f03.jpg,,accept_weak,accept,weak_accept_category,Cigarette,Paper cup|Unlabeled litter|Cigarette,accept,0.743074,0.743074,0.256926,reject,True
images/accept_weak/taco_01048_Cigarette_28808b6e.jpg,,accept_weak,accept,weak_accept_category,Cigarette,Plastic straw|Cigarette,accept,0.919665,0.919665,0.080335,accept,True
images/accept_weak/taco_01049_Other_plastic_wrapper_6fc2fc62.jpg,,accept_weak,accept,weak_accept_category,Other plastic wrapper,Other plastic wrapper,accept,0.975854,0.975854,0.024146,accept,True
images/accept_weak/taco_01050_Cigarette_3657c81a.jpg,,accept_weak,accept,weak_accept_category,Cigarette,Meal carton|Cigarette,reject,0.997503,0.002497,0.997503,reject,False
images/reject_weak/taco_01051_Paper_cup_340efe7d.jpg,,reject_weak,reject,weak_reject_category,Paper cup,Paper cup|Plastic lid,accept,0.958988,0.958988,0.041012,accept,False
images/accept_weak/taco_01052_Plastic_film_009a4c6f.jpg,,accept_weak,accept,weak_accept_category,Plastic film,Paper cup|Plastic lid|Plastic film|Drink can|Unlabeled litter,accept,0.848980,0.848980,0.151020,accept,True
images/reject_weak/taco_01053_Normal_paper_96539518.jpg,,reject_weak,reject,weak_reject_category,Normal paper,Plastic glooves|Normal paper,accept,0.948627,0.948627,0.051373,accept,False
images/accept_weak/taco_01054_Styrofoam_piece_4a960a2b.jpg,,accept_weak,accept,weak_accept_category,Styrofoam piece,Styrofoam piece|Plastic film,accept,0.932695,0.932695,0.067305,accept,True
images/reject_weak/taco_01055_Plastic_lid_f427a42b.jpg,,reject_weak,reject,weak_reject_category,Plastic lid,Plastic lid,accept,0.721734,0.721734,0.278266,reject,False
images/reject_weak/taco_01056_Drink_can_7f45a7a4.jpg,,reject_weak,reject,weak_reject_category,Drink can,Drink can|Metal bottle cap|Plastic straw,accept,0.944183,0.944183,0.055817,accept,False
images/reject_weak/taco_01057_Paper_cup_02822908.jpg,,reject_weak,reject,weak_reject_category,Paper cup,Paper cup|Unlabeled litter,accept,0.932905,0.932905,0.067095,accept,False
images/reject_weak/taco_01058_Other_plastic_a01b7754.jpg,,reject_weak,reject,weak_reject_category,Other plastic,Other plastic,reject,0.704627,0.295373,0.704627,reject,True
images/accept_weak/taco_01059_Crisp_packet_b9632447.jpg,,accept_weak,accept,weak_accept_category,Crisp packet,Crisp packet,accept,0.666860,0.666860,0.333140,reject,True
images/accept_weak/taco_01060_Disposable_food_container_36aace34.jpg,,accept_weak,accept,weak_accept_category,Disposable food container,Disposable food container|Other plastic|Plastic film,reject,0.762699,0.237301,0.762699,reject,False
images/reject_weak/taco_01061_Food_Can_9f3dfaeb.jpg,,reject_weak,reject,weak_reject_category,Food Can,Food Can,reject,0.781836,0.218164,0.781836,reject,True
images/accept_weak/taco_01062_Cigarette_e7b84a8a.jpg,,accept_weak,accept,weak_accept_category,Cigarette,Disposable plastic cup|Plastic lid|Other plastic|Unlabeled litter|Cigarette,reject,0.903424,0.096576,0.903424,reject,False
images/reject_weak/taco_01063_Clear_plastic_bottle_7a0db0e7.jpg,,reject_weak,reject,weak_reject_category,Clear plastic bottle,Clear plastic bottle,reject,0.937602,0.062398,0.937602,reject,True
images/accept_weak/taco_01064_Cigarette_233764a4.jpg,,accept_weak,accept,weak_accept_category,Cigarette,Disposable plastic cup|Paper cup|Plastic straw|Plastic lid|Corrugated carton|Paper bag|Normal paper|Unlabeled litter|Cigarette,accept,0.922277,0.922277,0.077723,accept,True
images/accept_weak/taco_01065_Plastic_film_e76265f5.jpg,,accept_weak,accept,weak_accept_category,Plastic film,Meal carton|Plastic film,accept,0.536528,0.536528,0.463472,reject,True
images/reject_weak/taco_01066_Pop_tab_a8b0c305.jpg,,reject_weak,reject,weak_reject_category,Pop tab,Pop tab|Drink can,reject,0.913753,0.086247,0.913753,reject,True
images/reject_weak/taco_01067_Clear_plastic_bottle_c68c89da.jpg,,reject_weak,reject,weak_reject_category,Clear plastic bottle,Clear plastic bottle,accept,0.961227,0.961227,0.038773,accept,False
images/accept_weak/taco_01068_Foam_food_container_d01e08f7.jpg,,accept_weak,accept,weak_accept_category,Foam food container,Foam food container,accept,0.988644,0.988644,0.011356,accept,True
images/reject_weak/taco_01069_Paper_cup_8a34e57b.jpg,,reject_weak,reject,weak_reject_category,Paper cup,Paper cup|Plastic lid|Plastic straw,reject,0.627251,0.372749,0.627251,reject,True
images/reject_weak/taco_01070_Plastic_lid_eb2e7f6b.jpg,,reject_weak,reject,weak_reject_category,Plastic lid,Plastic lid|Paper cup|Other carton,reject,0.667358,0.332642,0.667358,reject,True
images/accept_weak/taco_01071_Single-use_carrier_bag_e94383c0.jpg,,accept_weak,accept,weak_accept_category,Single-use carrier bag,Spread tub|Single-use carrier bag,reject,0.996120,0.003880,0.996120,reject,False
images/accept_weak/taco_01072_Crisp_packet_79d351e4.jpg,,accept_weak,accept,weak_accept_category,Crisp packet,Crisp packet|Cigarette,accept,0.948962,0.948962,0.051038,accept,True
images/accept_weak/taco_01073_Crisp_packet_20cfca78.jpg,,accept_weak,accept,weak_accept_category,Crisp packet,Crisp packet,reject,0.981888,0.018112,0.981888,reject,False
images/reject_weak/taco_01074_Disposable_plastic_cup_01c6d9f4.jpg,,reject_weak,reject,weak_reject_category,Disposable plastic cup,Disposable plastic cup,reject,0.770882,0.229118,0.770882,reject,True
images/accept_weak/taco_01075_Plastic_film_e2ae58dd.jpg,,accept_weak,accept,weak_accept_category,Plastic film,Plastic film,reject,0.873716,0.126284,0.873716,reject,False
images/reject_weak/taco_01076_Disposable_plastic_cup_4d2559f0.jpg,,reject_weak,reject,weak_reject_category,Disposable plastic cup,Disposable plastic cup,accept,0.997499,0.997499,0.002501,accept,False
images/reject_weak/taco_01077_Clear_plastic_bottle_b2ba319c.jpg,,reject_weak,reject,weak_reject_category,Clear plastic bottle,Clear plastic bottle|Aluminium foil,reject,0.794810,0.205190,0.794810,reject,True
images/reject_weak/taco_01078_Clear_plastic_bottle_074f2ec1.jpg,,reject_weak,reject,weak_reject_category,Clear plastic bottle,Clear plastic bottle|Plastic bottle cap|Unlabeled litter|Drink carton,accept,0.840961,0.840961,0.159039,accept,False
images/accept_weak/taco_01079_Single-use_carrier_bag_95265e73.jpg,,accept_weak,accept,weak_accept_category,Single-use carrier bag,Aerosol|Clear plastic bottle|Single-use carrier bag|Normal paper|Plastic film,accept,0.908678,0.908678,0.091322,accept,True
images/accept_weak/taco_01080_Other_plastic_wrapper_e3cece6c.jpg,,accept_weak,accept,weak_accept_category,Other plastic wrapper,Clear plastic bottle|Other plastic wrapper,accept,0.781790,0.781790,0.218210,accept,True
images/reject_weak/taco_01081_Clear_plastic_bottle_6c09344e.jpg,,reject_weak,reject,weak_reject_category,Clear plastic bottle,Clear plastic bottle,accept,0.939157,0.939157,0.060843,accept,False
images/reject_weak/taco_01082_Clear_plastic_bottle_8244e53a.jpg,,reject_weak,reject,weak_reject_category,Clear plastic bottle,Clear plastic bottle|Drink can|Pop tab,reject,0.984791,0.015209,0.984791,reject,True
images/reject_weak/taco_01083_Aluminium_foil_c54af112.jpg,,reject_weak,reject,weak_reject_category,Aluminium foil,Aluminium foil,accept,0.615878,0.615878,0.384122,reject,False
images/accept_weak/taco_01084_Crisp_packet_2c2d5bfa.jpg,,accept_weak,accept,weak_accept_category,Crisp packet,Clear plastic bottle|Plastic bottle cap|Crisp packet|Other plastic wrapper|Unlabeled litter,reject,0.853133,0.146867,0.853133,reject,False
images/reject_weak/taco_01085_Other_carton_5e0be88a.jpg,,reject_weak,reject,weak_reject_category,Other carton,Other carton,reject,0.998267,0.001733,0.998267,reject,True
images/accept_weak/taco_01086_Other_plastic_wrapper_ffdffd51.jpg,,accept_weak,accept,weak_accept_category,Other plastic wrapper,Other plastic wrapper,accept,0.696968,0.696968,0.303032,reject,True
images/accept_weak/taco_01087_Plastic_film_02fc54bd.jpg,,accept_weak,accept,weak_accept_category,Plastic film,Plastic film,accept,0.998371,0.998371,0.001629,accept,True
images/reject_weak/taco_01088_Clear_plastic_bottle_769c1d20.jpg,,reject_weak,reject,weak_reject_category,Clear plastic bottle,Clear plastic bottle|Plastic bottle cap,reject,0.794153,0.205847,0.794153,reject,True
images/reject_weak/taco_01089_Other_plastic_bab37df4.jpg,,reject_weak,reject,weak_reject_category,Other plastic,Other plastic|Plastic straw|Plastic lid,reject,0.921300,0.078700,0.921300,reject,True
images/reject_weak/taco_01090_Aluminium_foil_2a0aff0d.jpg,,reject_weak,reject,weak_reject_category,Aluminium foil,Aluminium foil,accept,0.815959,0.815959,0.184041,accept,False
images/reject_weak/taco_01091_Clear_plastic_bottle_03d7180f.jpg,,reject_weak,reject,weak_reject_category,Clear plastic bottle,Clear plastic bottle,reject,0.900853,0.099147,0.900853,reject,True
images/accept_weak/taco_01092_Disposable_food_container_2ce4309c.jpg,,accept_weak,accept,weak_accept_category,Disposable food container,Disposable food container,reject,0.984062,0.015938,0.984062,reject,False
images/reject_weak/taco_01093_Aluminium_foil_89ab0340.jpg,,reject_weak,reject,weak_reject_category,Aluminium foil,Aluminium foil,reject,0.982424,0.017576,0.982424,reject,True
images/accept_weak/taco_01094_Other_plastic_wrapper_f9b5f390.jpg,,accept_weak,accept,weak_accept_category,Other plastic wrapper,Clear plastic bottle|Other plastic wrapper,accept,0.890111,0.890111,0.109889,accept,True
images/reject_weak/taco_01095_Aluminium_foil_28d21c08.jpg,,reject_weak,reject,weak_reject_category,Aluminium foil,Aluminium foil,reject,0.538751,0.461249,0.538751,reject,True
images/reject_weak/taco_01096_Clear_plastic_bottle_bc994a1f.jpg,,reject_weak,reject,weak_reject_category,Clear plastic bottle,Clear plastic bottle,reject,0.811837,0.188163,0.811837,reject,True
images/reject_weak/taco_01097_Clear_plastic_bottle_58ba1f96.jpg,,reject_weak,reject,weak_reject_category,Clear plastic bottle,Clear plastic bottle|Other plastic,reject,0.500978,0.499022,0.500978,reject,True
images/accept_weak/taco_01098_Plastic_film_8dab0d65.jpg,,accept_weak,accept,weak_accept_category,Plastic film,Drink can|Plastic film,accept,0.958408,0.958408,0.041592,accept,True
images/reject_weak/taco_01099_Clear_plastic_bottle_8b5a71de.jpg,,reject_weak,reject,weak_reject_category,Clear plastic bottle,Clear plastic bottle|Plastic bottle cap,accept,0.649151,0.649151,0.350849,reject,False
images/reject_weak/taco_01101_Aerosol_f013633f.jpg,,reject_weak,reject,weak_reject_category,Aerosol,Aerosol|Glass bottle|Clear plastic bottle,accept,0.963454,0.963454,0.036546,accept,False
images/reject_weak/taco_01102_Glass_bottle_1d261396.jpg,,reject_weak,reject,weak_reject_category,Glass bottle,Glass bottle|Unlabeled litter,reject,0.977255,0.022745,0.977255,reject,True
images/reject_weak/taco_01103_Clear_plastic_bottle_b1ef908d.jpg,,reject_weak,reject,weak_reject_category,Clear plastic bottle,Clear plastic bottle|Glass bottle|Paper cup,reject,0.711785,0.288215,0.711785,reject,True
images/reject_weak/taco_01104_Corrugated_carton_0aee8c39.jpg,,reject_weak,reject,weak_reject_category,Corrugated carton,Corrugated carton,reject,0.906743,0.093257,0.906743,reject,True
images/reject_weak/taco_01105_Other_plastic_bottle_5fe538a2.jpg,,reject_weak,reject,weak_reject_category,Other plastic bottle,Other plastic bottle|Corrugated carton,reject,0.971855,0.028145,0.971855,reject,True
images/reject_weak/taco_01106_Clear_plastic_bottle_67408f3a.jpg,,reject_weak,reject,weak_reject_category,Clear plastic bottle,Clear plastic bottle|Plastic bottle cap|Scrap metal,accept,0.945911,0.945911,0.054088,accept,False
images/accept_weak/taco_01107_Other_plastic_wrapper_d84aad28.jpg,,accept_weak,accept,weak_accept_category,Other plastic wrapper,Clear plastic bottle|Other plastic bottle|Unlabeled litter|Other plastic|Paper cup|Other plastic wrapper|Plastic film|Drink can|Plastic lid|Plastic straw|Plastic bottle cap,reject,0.746750,0.253250,0.746750,reject,False
images/reject_weak/taco_01108_Plastic_bottle_cap_9dfe8b16.jpg,,reject_weak,reject,weak_reject_category,Plastic bottle cap,Plastic bottle cap,accept,0.989234,0.989234,0.010766,accept,False
images/reject_weak/taco_01109_Tupperware_3d4294e5.jpg,,reject_weak,reject,weak_reject_category,Tupperware,Tupperware,accept,0.568909,0.568909,0.431091,reject,False
images/reject_weak/taco_01110_Clear_plastic_bottle_88229e58.jpg,,reject_weak,reject,weak_reject_category,Clear plastic bottle,Clear plastic bottle,accept,0.944016,0.944016,0.055984,accept,False
images/accept_weak/taco_01111_Plastic_utensils_84bc26df.jpg,,accept_weak,accept,weak_accept_category,Plastic utensils,Plastic utensils|Paper bag|Plastic film|Other plastic wrapper|Pop tab|Cigarette,accept,0.920030,0.920030,0.079970,accept,True
images/accept_weak/taco_01112_Cigarette_cef02c27.jpg,,accept_weak,accept,weak_accept_category,Cigarette,Clear plastic bottle|Cigarette,reject,0.640317,0.359683,0.640317,reject,False
images/accept_weak/taco_01113_Single-use_carrier_bag_6868a17e.jpg,,accept_weak,accept,weak_accept_category,Single-use carrier bag,Clear plastic bottle|Plastic bottle cap|Single-use carrier bag,accept,0.583994,0.583994,0.416006,reject,True
images/reject_weak/taco_01114_Tupperware_b8b4ad47.jpg,,reject_weak,reject,weak_reject_category,Tupperware,Tupperware|Plastic bottle cap|Unlabeled litter,reject,0.699405,0.300595,0.699405,reject,True
images/accept_weak/taco_01115_Foam_food_container_dc9ef771.jpg,,accept_weak,accept,weak_accept_category,Foam food container,Foam food container,accept,0.776345,0.776345,0.223655,accept,True
images/accept_weak/taco_01116_Plastic_film_b1c6304f.jpg,,accept_weak,accept,weak_accept_category,Plastic film,Plastic film,reject,0.905414,0.094587,0.905414,reject,False
images/accept_weak/taco_01117_Disposable_food_container_44d10ab7.jpg,,accept_weak,accept,weak_accept_category,Disposable food container,Pizza box|Disposable food container,reject,0.529020,0.470980,0.529020,reject,False
images/reject_weak/taco_01118_Clear_plastic_bottle_c711759d.jpg,,reject_weak,reject,weak_reject_category,Clear plastic bottle,Clear plastic bottle,reject,0.686432,0.313568,0.686432,reject,True
images/reject_weak/taco_01119_Corrugated_carton_48e73c3b.jpg,,reject_weak,reject,weak_reject_category,Corrugated carton,Corrugated carton,reject,0.994923,0.005077,0.994923,reject,True
images/reject_weak/taco_01120_Clear_plastic_bottle_1b2151e4.jpg,,reject_weak,reject,weak_reject_category,Clear plastic bottle,Clear plastic bottle|Aluminium foil,reject,0.684357,0.315643,0.684357,reject,True
images/reject_weak/taco_01121_Drink_carton_f6858f3e.jpg,,reject_weak,reject,weak_reject_category,Drink carton,Drink carton|Other carton|Clear plastic bottle|Aluminium foil,accept,0.832368,0.832368,0.167632,accept,False
images/accept_weak/taco_01122_Other_plastic_wrapper_26199319.jpg,,accept_weak,accept,weak_accept_category,Other plastic wrapper,Clear plastic bottle|Glass bottle|Other plastic wrapper|Unlabeled litter,accept,0.971150,0.971150,0.028850,accept,True
images/accept_weak/taco_01123_Single-use_carrier_bag_8f6667b2.jpg,,accept_weak,accept,weak_accept_category,Single-use carrier bag,Drink can|Clear plastic bottle|Single-use carrier bag|Pop tab,reject,0.999864,0.000136,0.999864,reject,False
images/accept_weak/taco_01124_Foam_food_container_4665fab1.jpg,,accept_weak,accept,weak_accept_category,Foam food container,Disposable plastic cup|Foam food container,reject,0.925592,0.074408,0.925592,reject,False
images/reject_weak/taco_01125_Aluminium_foil_4a2dab6d.jpg,,reject_weak,reject,weak_reject_category,Aluminium foil,Aluminium foil,accept,0.656103,0.656103,0.343897,reject,False
images/reject_weak/taco_01126_Disposable_plastic_cup_d058a20d.jpg,,reject_weak,reject,weak_reject_category,Disposable plastic cup,Disposable plastic cup,reject,0.993366,0.006634,0.993366,reject,True
images/reject_weak/taco_01127_Clear_plastic_bottle_fd267dec.jpg,,reject_weak,reject,weak_reject_category,Clear plastic bottle,Clear plastic bottle,accept,0.937680,0.937680,0.062320,accept,False
images/reject_weak/taco_01128_Other_plastic_6ea3bc5b.jpg,,reject_weak,reject,weak_reject_category,Other plastic,Other plastic,reject,0.975256,0.024744,0.975256,reject,True
images/accept_weak/taco_01129_Single-use_carrier_bag_31e211a4.jpg,,accept_weak,accept,weak_accept_category,Single-use carrier bag,Single-use carrier bag|Unlabeled litter,accept,0.862378,0.862378,0.137622,accept,True
images/accept_weak/taco_01130_Disposable_food_container_15e0f91c.jpg,,accept_weak,accept,weak_accept_category,Disposable food container,Disposable food container,reject,0.963742,0.036258,0.963742,reject,False
images/reject_weak/taco_01131_Clear_plastic_bottle_61b02e82.jpg,,reject_weak,reject,weak_reject_category,Clear plastic bottle,Clear plastic bottle|Plastic bottle cap,accept,0.769442,0.769442,0.230558,accept,False
images/accept_weak/taco_01132_Cigarette_b6a03530.jpg,,accept_weak,accept,weak_accept_category,Cigarette,Clear plastic bottle|Cigarette,reject,0.512235,0.487765,0.512235,reject,False
images/reject_weak/taco_01133_Clear_plastic_bottle_79b62022.jpg,,reject_weak,reject,weak_reject_category,Clear plastic bottle,Clear plastic bottle|Plastic bottle cap,accept,0.951080,0.951080,0.048920,accept,False
images/accept_weak/taco_01134_Plastic_film_93e5fdad.jpg,,accept_weak,accept,weak_accept_category,Plastic film,Plastic film|Other plastic wrapper,accept,0.563435,0.563435,0.436565,reject,True
images/accept_weak/taco_01135_Foam_food_container_f7f590f3.jpg,,accept_weak,accept,weak_accept_category,Foam food container,Foam food container|Disposable plastic cup,reject,0.663260,0.336740,0.663260,reject,False
images/reject_weak/taco_01136_Aluminium_foil_be3af32d.jpg,,reject_weak,reject,weak_reject_category,Aluminium foil,Aluminium foil|Paper bag,accept,0.665193,0.665193,0.334807,reject,False
images/reject_weak/taco_01137_Drink_can_b07dad73.jpg,,reject_weak,reject,weak_reject_category,Drink can,Drink can,reject,0.846598,0.153402,0.846598,reject,True
images/reject_weak/taco_01138_Aluminium_foil_a07e8400.jpg,,reject_weak,reject,weak_reject_category,Aluminium foil,Aluminium foil,reject,0.945094,0.054906,0.945094,reject,True
images/accept_weak/taco_01139_Plastic_film_68d11fac.jpg,,accept_weak,accept,weak_accept_category,Plastic film,Clear plastic bottle|Plastic film,reject,0.759283,0.240717,0.759283,reject,False
images/accept_weak/taco_01140_Crisp_packet_3d3a9632.jpg,,accept_weak,accept,weak_accept_category,Crisp packet,Aerosol|Clear plastic bottle|Crisp packet|Other plastic wrapper|Unlabeled litter|Other plastic,accept,0.990816,0.990816,0.009184,accept,True
images/reject_weak/taco_01141_Drink_can_436405cf.jpg,,reject_weak,reject,weak_reject_category,Drink can,Drink can|Clear plastic bottle,accept,0.603374,0.603374,0.396626,reject,False
images/reject_weak/taco_01142_Aluminium_foil_1cfb3cd0.jpg,,reject_weak,reject,weak_reject_category,Aluminium foil,Aluminium foil,accept,0.662463,0.662463,0.337537,reject,False
images/reject_weak/taco_01143_Clear_plastic_bottle_5ce5e2a6.jpg,,reject_weak,reject,weak_reject_category,Clear plastic bottle,Clear plastic bottle,accept,0.953352,0.953352,0.046648,accept,False
images/reject_weak/taco_01144_Plastic_lid_b395748e.jpg,,reject_weak,reject,weak_reject_category,Plastic lid,Plastic lid|Plastic straw,accept,0.764695,0.764695,0.235305,accept,False
images/reject_weak/taco_01145_Clear_plastic_bottle_0207866d.jpg,,reject_weak,reject,weak_reject_category,Clear plastic bottle,Clear plastic bottle|Unlabeled litter,reject,0.976336,0.023664,0.976336,reject,True
images/reject_weak/taco_01146_Other_plastic_d90c8d1b.jpg,,reject_weak,reject,weak_reject_category,Other plastic,Other plastic|Unlabeled litter,reject,0.993246,0.006754,0.993246,reject,True
images/accept_weak/taco_01147_Crisp_packet_59218a14.jpg,,accept_weak,accept,weak_accept_category,Crisp packet,Clear plastic bottle|Plastic bottle cap|Crisp packet|Unlabeled litter,reject,0.729537,0.270463,0.729537,reject,False
images/reject_weak/taco_01148_Drink_can_f97cb95c.jpg,,reject_weak,reject,weak_reject_category,Drink can,Drink can,accept,0.706793,0.706793,0.293207,reject,False
images/reject_weak/taco_01149_Disposable_plastic_cup_f81c3039.jpg,,reject_weak,reject,weak_reject_category,Disposable plastic cup,Disposable plastic cup,reject,0.633863,0.366137,0.633863,reject,True
images/accept_weak/taco_01150_Plastic_film_d06b5f34.jpg,,accept_weak,accept,weak_accept_category,Plastic film,Plastic film,accept,0.969191,0.969191,0.030809,accept,True
images/reject_weak/taco_01151_Corrugated_carton_80878fdc.jpg,,reject_weak,reject,weak_reject_category,Corrugated carton,Corrugated carton,reject,0.951865,0.048135,0.951865,reject,True
images/reject_weak/taco_01152_Food_Can_a56ecd59.jpg,,reject_weak,reject,weak_reject_category,Food Can,Food Can|Pop tab|Aluminium foil|Drink carton|Plastic straw,reject,0.674117,0.325883,0.674117,reject,True
images/reject_weak/taco_01153_Clear_plastic_bottle_18624b72.jpg,,reject_weak,reject,weak_reject_category,Clear plastic bottle,Clear plastic bottle|Drink carton|Plastic bottle cap,accept,0.842297,0.842297,0.157703,accept,False
images/reject_weak/taco_01154_Paper_bag_9a168376.jpg,,reject_weak,reject,weak_reject_category,Paper bag,Paper bag|Aluminium foil,reject,0.696150,0.303850,0.696150,reject,True
images/reject_weak/taco_01155_Clear_plastic_bottle_a7068a41.jpg,,reject_weak,reject,weak_reject_category,Clear plastic bottle,Clear plastic bottle,accept,0.849724,0.849724,0.150276,accept,False
images/accept_weak/taco_01156_Other_plastic_wrapper_db9ddd6b.jpg,,accept_weak,accept,weak_accept_category,Other plastic wrapper,Other plastic wrapper,accept,0.990097,0.990097,0.009903,accept,True
images/reject_weak/taco_01157_Clear_plastic_bottle_d52cb230.jpg,,reject_weak,reject,weak_reject_category,Clear plastic bottle,Clear plastic bottle|Plastic bottle cap,accept,0.689389,0.689389,0.310611,reject,False
images/accept_weak/taco_01158_Foam_food_container_b6a93d5f.jpg,,accept_weak,accept,weak_accept_category,Foam food container,Foam food container,accept,0.714326,0.714326,0.285674,reject,True
images/reject_weak/taco_01159_Drink_carton_8e1064aa.jpg,,reject_weak,reject,weak_reject_category,Drink carton,Drink carton|Meal carton|Clear plastic bottle|Aluminium foil,reject,0.683625,0.316375,0.683625,reject,True
images/reject_weak/taco_01160_Paper_cup_19395dc5.jpg,,reject_weak,reject,weak_reject_category,Paper cup,Paper cup|Clear plastic bottle|Glass bottle,reject,0.974703,0.025297,0.974703,reject,True
images/accept_weak/taco_01161_Cigarette_e8845b77.jpg,,accept_weak,accept,weak_accept_category,Cigarette,Clear plastic bottle|Cigarette,reject,0.897178,0.102822,0.897178,reject,False
images/accept_weak/taco_01162_Crisp_packet_c090e5d2.jpg,,accept_weak,accept,weak_accept_category,Crisp packet,Drink can|Crisp packet,reject,0.552777,0.447223,0.552777,reject,False
images/accept_weak/taco_01163_Plastic_utensils_78113572.jpg,,accept_weak,accept,weak_accept_category,Plastic utensils,Plastic utensils,reject,0.720554,0.279446,0.720554,reject,False
images/reject_weak/taco_01164_Clear_plastic_bottle_b57f7729.jpg,,reject_weak,reject,weak_reject_category,Clear plastic bottle,Clear plastic bottle,accept,0.844926,0.844926,0.155074,accept,False
images/reject_weak/taco_01165_Corrugated_carton_fc90da72.jpg,,reject_weak,reject,weak_reject_category,Corrugated carton,Corrugated carton,reject,0.996504,0.003496,0.996504,reject,True
images/reject_weak/taco_01166_Paper_cup_d7d6d46f.jpg,,reject_weak,reject,weak_reject_category,Paper cup,Paper cup,reject,0.777954,0.222046,0.777954,reject,True
images/accept_weak/taco_01167_Plastic_film_cc9e4add.jpg,,accept_weak,accept,weak_accept_category,Plastic film,Plastic film,accept,0.749012,0.749012,0.250988,reject,True
images/reject_weak/taco_01168_Plastic_bottle_cap_f295f0bf.jpg,,reject_weak,reject,weak_reject_category,Plastic bottle cap,Plastic bottle cap|Clear plastic bottle|Unlabeled litter,accept,0.912829,0.912829,0.087171,accept,False
images/accept_weak/taco_01169_Other_plastic_wrapper_8b2f5daa.jpg,,accept_weak,accept,weak_accept_category,Other plastic wrapper,Other plastic wrapper|Cigarette,accept,0.654023,0.654023,0.345977,reject,True
images/accept_weak/taco_01170_Plastic_utensils_23d72831.jpg,,accept_weak,accept,weak_accept_category,Plastic utensils,Plastic utensils|Cigarette,accept,0.970375,0.970375,0.029625,accept,True
images/reject_weak/taco_01171_Corrugated_carton_ea151ef6.jpg,,reject_weak,reject,weak_reject_category,Corrugated carton,Corrugated carton,reject,0.990309,0.009691,0.990309,reject,True
images/accept_weak/taco_01172_Other_plastic_wrapper_617057de.jpg,,accept_weak,accept,weak_accept_category,Other plastic wrapper,Other plastic wrapper|Plastic film|Normal paper|Plastic utensils,reject,0.947386,0.052614,0.947386,reject,False
images/accept_weak/taco_01173_Other_plastic_wrapper_6c473929.jpg,,accept_weak,accept,weak_accept_category,Other plastic wrapper,Other plastic wrapper,reject,0.835261,0.164739,0.835261,reject,False
images/reject_weak/taco_01174_Plastic_straw_ef11df4b.jpg,,reject_weak,reject,weak_reject_category,Plastic straw,Plastic straw|Other plastic|Plastic bottle cap,accept,0.937862,0.937862,0.062138,accept,False
images/reject_weak/taco_01175_Plastic_straw_ea5a7f9f.jpg,,reject_weak,reject,weak_reject_category,Plastic straw,Plastic straw|Other plastic|Unlabeled litter,reject,0.916168,0.083832,0.916168,reject,True
images/reject_weak/taco_01176_Metal_bottle_cap_f9101d15.jpg,,reject_weak,reject,weak_reject_category,Metal bottle cap,Metal bottle cap,accept,0.683169,0.683169,0.316831,reject,False
images/accept_weak/taco_01177_Other_plastic_wrapper_843807fa.jpg,,accept_weak,accept,weak_accept_category,Other plastic wrapper,Other plastic wrapper|Other plastic,accept,0.707881,0.707881,0.292119,reject,True
images/accept_weak/taco_01178_Plastic_film_7388d54a.jpg,,accept_weak,accept,weak_accept_category,Plastic film,Plastic film,accept,0.603949,0.603949,0.396051,reject,True
images/reject_weak/taco_01179_Other_plastic_cb60b0ea.jpg,,reject_weak,reject,weak_reject_category,Other plastic,Other plastic|Corrugated carton,accept,0.542749,0.542749,0.457251,reject,False
images/accept_weak/taco_01180_Plastic_utensils_6c2c96b1.jpg,,accept_weak,accept,weak_accept_category,Plastic utensils,Plastic utensils,reject,0.741234,0.258766,0.741234,reject,False
images/reject_weak/taco_01181_Clear_plastic_bottle_9719d688.jpg,,reject_weak,reject,weak_reject_category,Clear plastic bottle,Clear plastic bottle|Plastic bottle cap,accept,0.508171,0.508171,0.491829,reject,False
images/reject_weak/taco_01182_Drink_can_a72b44b3.jpg,,reject_weak,reject,weak_reject_category,Drink can,Drink can,accept,0.984802,0.984802,0.015198,accept,False
images/accept_weak/taco_01183_Plastic_film_618fb00e.jpg,,accept_weak,accept,weak_accept_category,Plastic film,Plastic film,reject,0.564691,0.435309,0.564691,reject,False
images/reject_weak/taco_01184_Aluminium_foil_e49861ac.jpg,,reject_weak,reject,weak_reject_category,Aluminium foil,Aluminium foil|Magazine paper,accept,0.843523,0.843523,0.156477,accept,False
images/reject_weak/taco_01185_Aluminium_foil_07b27da0.jpg,,reject_weak,reject,weak_reject_category,Aluminium foil,Aluminium foil,accept,0.797306,0.797306,0.202694,accept,False
images/reject_weak/taco_01187_Clear_plastic_bottle_e5bf0846.jpg,,reject_weak,reject,weak_reject_category,Clear plastic bottle,Clear plastic bottle,reject,0.562307,0.437693,0.562307,reject,True
images/reject_weak/taco_01188_Clear_plastic_bottle_76a8e54a.jpg,,reject_weak,reject,weak_reject_category,Clear plastic bottle,Clear plastic bottle,reject,0.742196,0.257804,0.742196,reject,True
images/accept_weak/taco_01189_Styrofoam_piece_21e598c2.jpg,,accept_weak,accept,weak_accept_category,Styrofoam piece,Styrofoam piece,reject,0.952261,0.047739,0.952261,reject,False
images/accept_weak/taco_01190_Disposable_food_container_88da93da.jpg,,accept_weak,accept,weak_accept_category,Disposable food container,Disposable food container,reject,0.505632,0.494368,0.505632,reject,False
images/accept_weak/taco_01191_Styrofoam_piece_884a2744.jpg,,accept_weak,accept,weak_accept_category,Styrofoam piece,Styrofoam piece,reject,0.700452,0.299548,0.700452,reject,False
images/accept_weak/taco_01192_Styrofoam_piece_1a679e40.jpg,,accept_weak,accept,weak_accept_category,Styrofoam piece,Styrofoam piece|Normal paper|Unlabeled litter,reject,0.764337,0.235663,0.764337,reject,False
images/accept_weak/taco_01193_Tissues_22bdb39b.jpg,,accept_weak,accept,weak_accept_category,Tissues,Other plastic|Unlabeled litter|Tissues|Clear plastic bottle|Plastic straw|Cigarette,accept,0.577555,0.577555,0.422445,reject,True
images/accept_weak/taco_01194_Plastic_film_209c0d06.jpg,,accept_weak,accept,weak_accept_category,Plastic film,Other carton|Plastic film|Cigarette,accept,0.902811,0.902811,0.097189,accept,True
images/reject_weak/taco_01195_Drink_can_cf4ab0df.jpg,,reject_weak,reject,weak_reject_category,Drink can,Drink can|Unlabeled litter,accept,0.966961,0.966961,0.033039,accept,False
images/reject_weak/taco_01196_Drink_can_2c3fcb37.jpg,,reject_weak,reject,weak_reject_category,Drink can,Drink can|Pop tab,accept,0.936974,0.936974,0.063026,accept,False
images/accept_weak/taco_01197_Tissues_bf1429da.jpg,,accept_weak,accept,weak_accept_category,Tissues,Paper cup|Plastic lid|Tissues,reject,0.991349,0.008651,0.991349,reject,False
images/reject_weak/taco_01198_Disposable_plastic_cup_730d684a.jpg,,reject_weak,reject,weak_reject_category,Disposable plastic cup,Disposable plastic cup,reject,0.979888,0.020112,0.979888,reject,True
images/reject_weak/taco_01199_Paper_cup_dfc2d4ae.jpg,,reject_weak,reject,weak_reject_category,Paper cup,Paper cup|Plastic lid,accept,0.620065,0.620065,0.379935,reject,False
images/reject_weak/taco_01200_Paper_cup_0c2d13b1.jpg,,reject_weak,reject,weak_reject_category,Paper cup,Paper cup|Disposable plastic cup,reject,0.952685,0.047315,0.952685,reject,True
images/reject_weak/taco_01201_Metal_bottle_cap_4431acf1.jpg,,reject_weak,reject,weak_reject_category,Metal bottle cap,Metal bottle cap,reject,0.995863,0.004137,0.995863,reject,True
images/accept_weak/taco_01202_Crisp_packet_96101d29.jpg,,accept_weak,accept,weak_accept_category,Crisp packet,Crisp packet|Garbage bag|Paper cup|Other plastic|Cigarette,reject,0.887183,0.112817,0.887183,reject,False
images/accept_weak/taco_01203_Single-use_carrier_bag_1c8ca3df.jpg,,accept_weak,accept,weak_accept_category,Single-use carrier bag,Drink carton|Meal carton|Plastic straw|Single-use carrier bag|Plastic film|Food Can|Other plastic,reject,0.760029,0.239971,0.760029,reject,False
images/accept_weak/taco_01204_Cigarette_c78a93ab.jpg,,accept_weak,accept,weak_accept_category,Cigarette,Disposable plastic cup|Cigarette,reject,0.915060,0.084940,0.915060,reject,False
images/reject_weak/taco_01205_Drink_carton_cded763e.jpg,,reject_weak,reject,weak_reject_category,Drink carton,Drink carton|Plastic straw,accept,0.788637,0.788637,0.211363,accept,False
images/accept_weak/taco_01206_Foam_food_container_fe7c28e4.jpg,,accept_weak,accept,weak_accept_category,Foam food container,Foam food container|Unlabeled litter|Other plastic wrapper|Plastic film|Cigarette,accept,0.706803,0.706803,0.293197,reject,True
images/reject_weak/taco_01207_Drink_carton_07ffdf4e.jpg,,reject_weak,reject,weak_reject_category,Drink carton,Drink carton,reject,0.748209,0.251791,0.748209,reject,True
images/accept_weak/taco_01208_Cigarette_146ef447.jpg,,accept_weak,accept,weak_accept_category,Cigarette,Paper cup|Other plastic|Unlabeled litter|Cigarette,accept,0.735929,0.735929,0.264071,reject,True
images/accept_weak/taco_01209_Plastic_film_f656bce6.jpg,,accept_weak,accept,weak_accept_category,Plastic film,Plastic straw|Drink carton|Clear plastic bottle|Plastic film|Foam cup|Normal paper|Cigarette,accept,0.613708,0.613708,0.386292,reject,True
images/reject_weak/taco_01210_Drink_carton_3703c03e.jpg,,reject_weak,reject,weak_reject_category,Drink carton,Drink carton|Plastic lid,reject,0.695466,0.304534,0.695466,reject,True
images/accept_weak/taco_01211_Cigarette_6227be90.jpg,,accept_weak,accept,weak_accept_category,Cigarette,Glass bottle|Normal paper|Cigarette,accept,0.848101,0.848101,0.151899,accept,True
images/accept_weak/taco_01212_Styrofoam_piece_68e97e44.jpg,,accept_weak,accept,weak_accept_category,Styrofoam piece,Paper cup|Metal bottle cap|Normal paper|Unlabeled litter|Styrofoam piece,accept,0.616890,0.616890,0.383110,reject,True
images/accept_weak/taco_01213_Single-use_carrier_bag_16c932d1.jpg,,accept_weak,accept,weak_accept_category,Single-use carrier bag,Single-use carrier bag|Plastic film|Other plastic wrapper|Plastic utensils|Clear plastic bottle|Spread tub|Tissues|Other carton|Unlabeled litter|Other plastic|Plastic straw|Paper cup|Plastic bottle cap,accept,0.767375,0.767375,0.232625,accept,True
images/accept_weak/taco_01214_Plastic_utensils_5003b6b0.jpg,,accept_weak,accept,weak_accept_category,Plastic utensils,Plastic utensils|Plastic straw|Unlabeled litter,accept,0.681355,0.681355,0.318645,reject,True
images/accept_weak/taco_01215_Single-use_carrier_bag_72f12615.jpg,,accept_weak,accept,weak_accept_category,Single-use carrier bag,Plastic straw|Single-use carrier bag|Plastic film|Pizza box|Drink carton|Paper cup|Cigarette,reject,0.820854,0.179146,0.820854,reject,False
images/reject_weak/taco_01216_Egg_carton_30549374.jpg,,reject_weak,reject,weak_reject_category,Egg carton,Egg carton|Other plastic,reject,0.639208,0.360792,0.639208,reject,True
images/accept_weak/taco_01217_Plastic_utensils_02b5e8af.jpg,,accept_weak,accept,weak_accept_category,Plastic utensils,Paper cup|Plastic utensils,reject,0.959239,0.040762,0.959239,reject,False
images/accept_weak/taco_01218_Single-use_carrier_bag_ab77c153.jpg,,accept_weak,accept,weak_accept_category,Single-use carrier bag,Single-use carrier bag|Other plastic,accept,0.780359,0.780359,0.219641,accept,True
images/accept_weak/taco_01219_Plastic_film_73f668bc.jpg,,accept_weak,accept,weak_accept_category,Plastic film,Plastic film,accept,0.529639,0.529639,0.470361,reject,True
images/reject_weak/taco_01220_Spread_tub_fc18bf9a.jpg,,reject_weak,reject,weak_reject_category,Spread tub,Spread tub,reject,0.569346,0.430654,0.569346,reject,True
images/reject_weak/taco_01221_Disposable_plastic_cup_34cbae4d.jpg,,reject_weak,reject,weak_reject_category,Disposable plastic cup,Disposable plastic cup,reject,0.935481,0.064519,0.935481,reject,True
images/reject_weak/taco_01222_Clear_plastic_bottle_328da73b.jpg,,reject_weak,reject,weak_reject_category,Clear plastic bottle,Clear plastic bottle|Normal paper,accept,0.897680,0.897680,0.102320,accept,False
images/accept_weak/taco_01223_Other_plastic_wrapper_e2c24e8e.jpg,,accept_weak,accept,weak_accept_category,Other plastic wrapper,Other plastic wrapper,accept,0.867038,0.867038,0.132962,accept,True
images/accept_weak/taco_01224_Plastic_film_44472265.jpg,,accept_weak,accept,weak_accept_category,Plastic film,Clear plastic bottle|Plastic bottle cap|Plastic film|Other plastic wrapper|Unlabeled litter,accept,0.992961,0.992961,0.007039,accept,True
images/reject_weak/taco_01225_Plastic_straw_8f00ba31.jpg,,reject_weak,reject,weak_reject_category,Plastic straw,Plastic straw|Unlabeled litter,reject,0.553574,0.446426,0.553574,reject,True
images/accept_weak/taco_01226_Other_plastic_wrapper_9445bf54.jpg,,accept_weak,accept,weak_accept_category,Other plastic wrapper,Other plastic wrapper|Plastic film,accept,0.981425,0.981425,0.018575,accept,True
images/accept_weak/taco_01227_Single-use_carrier_bag_c288a236.jpg,,accept_weak,accept,weak_accept_category,Single-use carrier bag,Single-use carrier bag|Clear plastic bottle|Plastic bottle cap|Unlabeled litter,reject,0.991803,0.008197,0.991803,reject,False
images/accept_weak/taco_01228_Disposable_food_container_1fc5d6f5.jpg,,accept_weak,accept,weak_accept_category,Disposable food container,Foam cup|Disposable food container|Plastic film,reject,0.979819,0.020180,0.979819,reject,False
images/accept_weak/taco_01229_Plastic_film_c5b559c3.jpg,,accept_weak,accept,weak_accept_category,Plastic film,Plastic film|Other plastic,reject,0.997798,0.002202,0.997798,reject,False
images/accept_weak/taco_01230_Other_plastic_wrapper_93e21a41.jpg,,accept_weak,accept,weak_accept_category,Other plastic wrapper,Other plastic wrapper,accept,0.989561,0.989561,0.010439,accept,True
images/accept_weak/taco_01231_Plastic_film_64dc8ff6.jpg,,accept_weak,accept,weak_accept_category,Plastic film,Plastic film,accept,0.830816,0.830816,0.169184,accept,True
images/accept_weak/taco_01232_Plastic_utensils_cf7d4c58.jpg,,accept_weak,accept,weak_accept_category,Plastic utensils,Plastic utensils|Plastic straw|Other plastic,reject,0.942808,0.057192,0.942808,reject,False
images/accept_weak/taco_01233_Single-use_carrier_bag_7c30f661.jpg,,accept_weak,accept,weak_accept_category,Single-use carrier bag,Single-use carrier bag,reject,0.970816,0.029184,0.970816,reject,False
images/accept_weak/taco_01234_Cigarette_36172c00.jpg,,accept_weak,accept,weak_accept_category,Cigarette,Clear plastic bottle|Other plastic bottle|Unlabeled litter|Cigarette,accept,0.519010,0.519010,0.480990,reject,True
images/accept_weak/taco_01235_Cigarette_94eb94ba.jpg,,accept_weak,accept,weak_accept_category,Cigarette,Drink carton|Plastic bottle cap|Cigarette,reject,0.858022,0.141978,0.858022,reject,False
images/reject_weak/taco_01236_Glass_bottle_93bd7037.jpg,,reject_weak,reject,weak_reject_category,Glass bottle,Glass bottle|Unlabeled litter,reject,0.991223,0.008777,0.991223,reject,True
images/reject_weak/taco_01237_Drink_carton_998f0aba.jpg,,reject_weak,reject,weak_reject_category,Drink carton,Drink carton|Unlabeled litter,reject,0.988552,0.011448,0.988552,reject,True
images/accept_weak/taco_01238_Cigarette_0fa98f11.jpg,,accept_weak,accept,weak_accept_category,Cigarette,Clear plastic bottle|Cigarette,reject,0.606257,0.393743,0.606257,reject,False
images/accept_weak/taco_01239_Garbage_bag_13773dde.jpg,,accept_weak,accept,weak_accept_category,Garbage bag,Garbage bag|Single-use carrier bag|Plastic film|Crisp packet|Other carton|Drink carton|Pop tab|Plastic straw|Clear plastic bottle|Plastic bottle cap,reject,0.916574,0.083426,0.916574,reject,False
images/accept_weak/taco_01240_Plastic_film_7d6d3a52.jpg,,accept_weak,accept,weak_accept_category,Plastic film,Clear plastic bottle|Drink carton|Paper cup|Unlabeled litter|Plastic film|Cigarette,reject,0.547319,0.452681,0.547319,reject,False
images/accept_weak/taco_01241_Cigarette_2cc63998.jpg,,accept_weak,accept,weak_accept_category,Cigarette,Aluminium foil|Clear plastic bottle|Plastic bottle cap|Cigarette,reject,0.751968,0.248032,0.751968,reject,False
images/accept_weak/taco_01242_Garbage_bag_66e3f412.jpg,,accept_weak,accept,weak_accept_category,Garbage bag,Paper bag|Drink carton|Other carton|Garbage bag,accept,0.611512,0.611512,0.388488,reject,True
images/reject_weak/taco_01243_Clear_plastic_bottle_03ed9058.jpg,,reject_weak,reject,weak_reject_category,Clear plastic bottle,Clear plastic bottle,accept,0.666587,0.666587,0.333413,reject,False
images/accept_weak/taco_01244_Plastic_film_61eac92c.jpg,,accept_weak,accept,weak_accept_category,Plastic film,Plastic film|Broken glass|Cigarette,accept,0.870876,0.870876,0.129124,accept,True
images/accept_weak/taco_01245_Cigarette_172e24e1.jpg,,accept_weak,accept,weak_accept_category,Cigarette,Disposable plastic cup|Plastic lid|Cigarette,reject,0.633429,0.366571,0.633429,reject,False
images/accept_weak/taco_01246_Other_plastic_wrapper_07d697d9.jpg,,accept_weak,accept,weak_accept_category,Other plastic wrapper,Clear plastic bottle|Other plastic wrapper|Plastic bottle cap|Paper cup|Unlabeled litter|Other carton|Normal paper|Cigarette,accept,0.525785,0.525785,0.474215,reject,True
images/accept_weak/taco_01247_Cigarette_953567b6.jpg,,accept_weak,accept,weak_accept_category,Cigarette,Paper cup|Metal bottle cap|Normal paper|Cigarette,reject,0.719015,0.280985,0.719015,reject,False
images/accept_weak/taco_01248_Single-use_carrier_bag_81cb2661.jpg,,accept_weak,accept,weak_accept_category,Single-use carrier bag,Plastic bottle cap|Disposable plastic cup|Clear plastic bottle|Single-use carrier bag|Plastic straw|Plastic lid|Cigarette,accept,0.720605,0.720605,0.279395,reject,True
images/reject_weak/taco_01249_Clear_plastic_bottle_2838460c.jpg,,reject_weak,reject,weak_reject_category,Clear plastic bottle,Clear plastic bottle,reject,0.872130,0.127870,0.872130,reject,True
images/reject_weak/taco_01250_Clear_plastic_bottle_689d0505.jpg,,reject_weak,reject,weak_reject_category,Clear plastic bottle,Clear plastic bottle,accept,0.746549,0.746549,0.253451,reject,False
images/reject_weak/taco_01251_Clear_plastic_bottle_1b8b7091.jpg,,reject_weak,reject,weak_reject_category,Clear plastic bottle,Clear plastic bottle|Plastic bottle cap,accept,0.753854,0.753854,0.246146,reject,False
images/reject_weak/taco_01252_Clear_plastic_bottle_a67c9d5a.jpg,,reject_weak,reject,weak_reject_category,Clear plastic bottle,Clear plastic bottle|Plastic bottle cap,accept,0.674755,0.674755,0.325245,reject,False
images/reject_weak/taco_01253_Drink_carton_eedb18d6.jpg,,reject_weak,reject,weak_reject_category,Drink carton,Drink carton|Drink can|Food Can|Pop tab,reject,0.975923,0.024077,0.975923,reject,True
images/reject_weak/taco_01254_Disposable_plastic_cup_8c46a2e1.jpg,,reject_weak,reject,weak_reject_category,Disposable plastic cup,Disposable plastic cup,accept,0.720051,0.720051,0.279949,reject,False
images/reject_weak/taco_01255_Paper_cup_48740bc6.jpg,,reject_weak,reject,weak_reject_category,Paper cup,Paper cup,accept,0.991109,0.991109,0.008891,accept,False
images/reject_weak/taco_01256_Drink_can_237cb80d.jpg,,reject_weak,reject,weak_reject_category,Drink can,Drink can,accept,0.935629,0.935629,0.064371,accept,False
images/accept_weak/taco_01257_Cigarette_7d4037e5.jpg,,accept_weak,accept,weak_accept_category,Cigarette,Glass bottle|Drink carton|Cigarette,accept,0.693415,0.693415,0.306585,reject,True
images/accept_weak/taco_01258_Plastic_film_a2c5614e.jpg,,accept_weak,accept,weak_accept_category,Plastic film,Plastic film|Rope & strings,reject,0.781037,0.218963,0.781037,reject,False
images/reject_weak/taco_01259_Other_plastic_6a25d4bc.jpg,,reject_weak,reject,weak_reject_category,Other plastic,Other plastic,reject,0.946461,0.053539,0.946461,reject,True
images/reject_weak/taco_01260_Other_plastic_97379db8.jpg,,reject_weak,reject,weak_reject_category,Other plastic,Other plastic,reject,0.560717,0.439283,0.560717,reject,True
images/reject_weak/taco_01261_Other_plastic_86e2c7d8.jpg,,reject_weak,reject,weak_reject_category,Other plastic,Other plastic,reject,0.672115,0.327885,0.672115,reject,True
images/reject_weak/taco_01262_Other_plastic_1eeb5d17.jpg,,reject_weak,reject,weak_reject_category,Other plastic,Other plastic,reject,0.938053,0.061947,0.938053,reject,True
images/accept_weak/taco_01263_Plastic_film_cb0c95cd.jpg,,accept_weak,accept,weak_accept_category,Plastic film,Plastic film,reject,0.975731,0.024269,0.975731,reject,False
images/accept_weak/taco_01264_Plastic_film_54b642c3.jpg,,accept_weak,accept,weak_accept_category,Plastic film,Plastic film,reject,0.879170,0.120830,0.879170,reject,False
images/reject_weak/taco_01265_Other_plastic_b8f4ab52.jpg,,reject_weak,reject,weak_reject_category,Other plastic,Other plastic,accept,0.959925,0.959925,0.040075,accept,False
images/accept_weak/taco_01267_Plastic_film_0fb9d987.jpg,,accept_weak,accept,weak_accept_category,Plastic film,Plastic film,accept,0.546303,0.546303,0.453697,reject,True
images/accept_weak/taco_01268_Styrofoam_piece_bcbd0706.jpg,,accept_weak,accept,weak_accept_category,Styrofoam piece,Clear plastic bottle|Plastic bottle cap|Styrofoam piece,reject,0.721339,0.278661,0.721339,reject,False
images/reject_weak/taco_01269_Other_plastic_bottle_17035fa3.jpg,,reject_weak,reject,weak_reject_category,Other plastic bottle,Other plastic bottle|Plastic bottle cap,reject,0.861697,0.138303,0.861697,reject,True
images/reject_weak/taco_01270_Disposable_plastic_cup_a6f34718.jpg,,reject_weak,reject,weak_reject_category,Disposable plastic cup,Disposable plastic cup,accept,0.527924,0.527924,0.472076,reject,False
images/reject_weak/taco_01271_Clear_plastic_bottle_bfaf5fb8.jpg,,reject_weak,reject,weak_reject_category,Clear plastic bottle,Clear plastic bottle|Plastic bottle cap,accept,0.696763,0.696763,0.303237,reject,False
images/reject_weak/taco_01272_Clear_plastic_bottle_c443abb4.jpg,,reject_weak,reject,weak_reject_category,Clear plastic bottle,Clear plastic bottle|Plastic bottle cap,accept,0.749028,0.749028,0.250972,reject,False
images/reject_weak/taco_01273_Drink_can_ec9bb4a4.jpg,,reject_weak,reject,weak_reject_category,Drink can,Drink can|Pop tab,accept,0.523851,0.523851,0.476149,reject,False
images/accept_weak/taco_01274_Styrofoam_piece_b437dc35.jpg,,accept_weak,accept,weak_accept_category,Styrofoam piece,Styrofoam piece,accept,0.816704,0.816704,0.183296,accept,True
images/accept_weak/taco_01275_Styrofoam_piece_4d56c89d.jpg,,accept_weak,accept,weak_accept_category,Styrofoam piece,Styrofoam piece,reject,0.584420,0.415580,0.584420,reject,False
images/reject_weak/taco_01276_Drink_can_5258b232.jpg,,reject_weak,reject,weak_reject_category,Drink can,Drink can,reject,0.834566,0.165434,0.834566,reject,True
images/reject_weak/taco_01277_Glass_bottle_bd53d0ec.jpg,,reject_weak,reject,weak_reject_category,Glass bottle,Glass bottle,reject,0.983916,0.016084,0.983916,reject,True
images/accept_weak/taco_01278_Styrofoam_piece_d0e34fe2.jpg,,accept_weak,accept,weak_accept_category,Styrofoam piece,Other plastic|Styrofoam piece,accept,0.976177,0.976177,0.023823,accept,True
images/accept_weak/taco_01279_Plastic_film_e5cf92fe.jpg,,accept_weak,accept,weak_accept_category,Plastic film,Plastic film,accept,0.945663,0.945663,0.054337,accept,True
images/accept_weak/taco_01280_Plastic_film_2e99f7f4.jpg,,accept_weak,accept,weak_accept_category,Plastic film,Plastic film|Other plastic|Unlabeled litter,accept,0.877836,0.877836,0.122164,accept,True
images/accept_weak/taco_01281_Styrofoam_piece_5d745126.jpg,,accept_weak,accept,weak_accept_category,Styrofoam piece,Styrofoam piece|Cigarette,accept,0.873781,0.873781,0.126219,accept,True
images/accept_weak/taco_01282_Other_plastic_wrapper_f0335ec5.jpg,,accept_weak,accept,weak_accept_category,Other plastic wrapper,Other plastic wrapper,reject,0.951260,0.048740,0.951260,reject,False
images/accept_weak/taco_01283_Styrofoam_piece_ae0efd0f.jpg,,accept_weak,accept,weak_accept_category,Styrofoam piece,Clear plastic bottle|Styrofoam piece,accept,0.682197,0.682197,0.317803,reject,True
images/reject_weak/taco_01284_Plastic_bottle_cap_8311eeb8.jpg,,reject_weak,reject,weak_reject_category,Plastic bottle cap,Plastic bottle cap,reject,0.880086,0.119914,0.880086,reject,True
images/accept_weak/taco_01285_Styrofoam_piece_14784535.jpg,,accept_weak,accept,weak_accept_category,Styrofoam piece,Styrofoam piece|Other plastic,accept,0.519187,0.519187,0.480813,reject,True
images/accept_weak/taco_01286_Plastic_film_5f186fd0.jpg,,accept_weak,accept,weak_accept_category,Plastic film,Plastic film,accept,0.561745,0.561745,0.438255,reject,True
images/accept_weak/taco_01287_Other_plastic_wrapper_e3794a42.jpg,,accept_weak,accept,weak_accept_category,Other plastic wrapper,Other plastic wrapper|Styrofoam piece,reject,0.897734,0.102266,0.897734,reject,False
images/reject_weak/taco_01288_Plastic_bottle_cap_747df3dc.jpg,,reject_weak,reject,weak_reject_category,Plastic bottle cap,Plastic bottle cap|Other plastic,accept,0.893435,0.893435,0.106565,accept,False
images/reject_weak/taco_01289_Other_plastic_c73080f6.jpg,,reject_weak,reject,weak_reject_category,Other plastic,Other plastic|Plastic bottle cap,accept,0.886191,0.886191,0.113809,accept,False
images/accept_weak/taco_01290_Single-use_carrier_bag_02cbee45.jpg,,accept_weak,accept,weak_accept_category,Single-use carrier bag,Single-use carrier bag,accept,0.560791,0.560791,0.439208,reject,True
images/accept_weak/taco_01291_Other_plastic_wrapper_33e6aa03.jpg,,accept_weak,accept,weak_accept_category,Other plastic wrapper,Other plastic wrapper|Other plastic|Unlabeled litter,reject,0.664177,0.335823,0.664177,reject,False
images/reject_weak/taco_01292_Clear_plastic_bottle_d4b458a0.jpg,,reject_weak,reject,weak_reject_category,Clear plastic bottle,Clear plastic bottle,reject,0.892783,0.107217,0.892783,reject,True
images/reject_weak/taco_01293_Normal_paper_015f1c4d.jpg,,reject_weak,reject,weak_reject_category,Normal paper,Rope & strings|Normal paper|Other plastic,reject,0.853692,0.146308,0.853692,reject,True
images/reject_weak/taco_01294_Other_plastic_efd00c2a.jpg,,reject_weak,reject,weak_reject_category,Other plastic,Other plastic,reject,0.613017,0.386983,0.613017,reject,True
images/reject_weak/taco_01295_Plastic_bottle_cap_b799eadc.jpg,,reject_weak,reject,weak_reject_category,Plastic bottle cap,Plastic bottle cap|Other plastic,accept,0.815956,0.815956,0.184044,accept,False
images/reject_weak/taco_01296_Other_plastic_6de06198.jpg,,reject_weak,reject,weak_reject_category,Other plastic,Other plastic,reject,0.581519,0.418481,0.581519,reject,True
images/reject_weak/taco_01297_Other_plastic_e2813095.jpg,,reject_weak,reject,weak_reject_category,Other plastic,Other plastic|Plastic bottle cap,reject,0.633347,0.366653,0.633347,reject,True
images/accept_weak/taco_01298_Other_plastic_wrapper_6fa2cd9f.jpg,,accept_weak,accept,weak_accept_category,Other plastic wrapper,Other plastic wrapper,accept,0.868795,0.868795,0.131205,accept,True
images/accept_weak/taco_01299_Styrofoam_piece_67e7ee49.jpg,,accept_weak,accept,weak_accept_category,Styrofoam piece,Styrofoam piece,accept,0.845549,0.845549,0.154451,accept,True
images/reject_weak/taco_01300_Normal_paper_551177e8.jpg,,reject_weak,reject,weak_reject_category,Normal paper,Unlabeled litter|Normal paper|Paper cup,reject,0.600047,0.399953,0.600047,reject,True
images/reject_weak/taco_01302_Disposable_plastic_cup_3f7ff324.jpg,,reject_weak,reject,weak_reject_category,Disposable plastic cup,Unlabeled litter|Disposable plastic cup,reject,0.868120,0.131880,0.868120,reject,True
images/accept_weak/taco_01303_Other_plastic_wrapper_653c4d4b.jpg,,accept_weak,accept,weak_accept_category,Other plastic wrapper,Other plastic wrapper,reject,0.885496,0.114504,0.885496,reject,False
images/reject_weak/taco_01304_Clear_plastic_bottle_010a2df5.jpg,,reject_weak,reject,weak_reject_category,Clear plastic bottle,Clear plastic bottle|Rope & strings,accept,0.659836,0.659836,0.340164,reject,False
images/accept_weak/taco_01305_Other_plastic_wrapper_b0827fae.jpg,,accept_weak,accept,weak_accept_category,Other plastic wrapper,Other plastic wrapper|Unlabeled litter,reject,0.835261,0.164739,0.835261,reject,False
images/reject_weak/taco_01306_Paper_cup_c337a9be.jpg,,reject_weak,reject,weak_reject_category,Paper cup,Paper cup,reject,0.527640,0.472360,0.527640,reject,True
images/reject_weak/taco_01307_Clear_plastic_bottle_aeb3a06c.jpg,,reject_weak,reject,weak_reject_category,Clear plastic bottle,Clear plastic bottle|Plastic bottle cap,accept,0.508336,0.508336,0.491664,reject,False
images/accept_weak/taco_01308_Cigarette_a3f621a1.jpg,,accept_weak,accept,weak_accept_category,Cigarette,Broken glass|Drink can|Cigarette|Unlabeled litter,accept,0.901294,0.901294,0.098706,accept,True
images/reject_weak/taco_01309_Drink_can_1fbf2e1a.jpg,,reject_weak,reject,weak_reject_category,Drink can,Drink can|Pop tab,accept,0.833019,0.833019,0.166981,accept,False
images/accept_weak/taco_01310_Cigarette_51d88ee5.jpg,,accept_weak,accept,weak_accept_category,Cigarette,Glass bottle|Cigarette,accept,0.951961,0.951961,0.048039,accept,True
images/accept_weak/taco_01311_Cigarette_6b51af39.jpg,,accept_weak,accept,weak_accept_category,Cigarette,Clear plastic bottle|Plastic bottle cap|Cigarette,accept,0.718598,0.718598,0.281402,reject,True
images/reject_weak/taco_01312_Clear_plastic_bottle_6655df06.jpg,,reject_weak,reject,weak_reject_category,Clear plastic bottle,Clear plastic bottle|Plastic bottle cap|Unlabeled litter,accept,0.652729,0.652729,0.347271,reject,False
images/reject_weak/taco_01313_Plastic_bottle_cap_a425e9aa.jpg,,reject_weak,reject,weak_reject_category,Plastic bottle cap,Plastic bottle cap|Clear plastic bottle,reject,0.984540,0.015460,0.984540,reject,True
images/reject_weak/taco_01314_Drink_can_f5e69d5c.jpg,,reject_weak,reject,weak_reject_category,Drink can,Drink can|Clear plastic bottle|Unlabeled litter|Pop tab|Plastic bottle cap,accept,0.516813,0.516813,0.483187,reject,False
images/accept_weak/taco_01315_Cigarette_67834163.jpg,,accept_weak,accept,weak_accept_category,Cigarette,Drink can|Cigarette,reject,0.999523,0.000477,0.999523,reject,False
images/accept_weak/taco_01316_Cigarette_4c8bae89.jpg,,accept_weak,accept,weak_accept_category,Cigarette,Clear plastic bottle|Cigarette|Normal paper|Plastic bottle cap,accept,0.808330,0.808330,0.191670,accept,True
images/reject_weak/taco_01317_Drink_can_b1802b83.jpg,,reject_weak,reject,weak_reject_category,Drink can,Drink can,reject,0.977772,0.022228,0.977772,reject,True
images/reject_weak/taco_01318_Drink_can_0b57c4aa.jpg,,reject_weak,reject,weak_reject_category,Drink can,Drink can,accept,0.573049,0.573049,0.426951,reject,False
images/accept_weak/taco_01319_Cigarette_a28a64af.jpg,,accept_weak,accept,weak_accept_category,Cigarette,Cigarette|Disposable food container,accept,0.735130,0.735130,0.264870,reject,True
images/reject_weak/taco_01320_Glass_bottle_0098c19a.jpg,,reject_weak,reject,weak_reject_category,Glass bottle,Glass bottle|Drink can,reject,0.780082,0.219918,0.780082,reject,True
images/accept_weak/taco_01321_Cigarette_27235b45.jpg,,accept_weak,accept,weak_accept_category,Cigarette,Glass bottle|Broken glass|Cigarette,accept,0.581568,0.581568,0.418432,reject,True
images/reject_weak/taco_01322_Disposable_plastic_cup_81305679.jpg,,reject_weak,reject,weak_reject_category,Disposable plastic cup,Disposable plastic cup,reject,0.763770,0.236230,0.763770,reject,True
images/accept_weak/taco_01323_Single-use_carrier_bag_58eb90ee.jpg,,accept_weak,accept,weak_accept_category,Single-use carrier bag,Single-use carrier bag|Glass bottle|Other plastic wrapper|Scrap metal|Drink carton|Normal paper|Metal bottle cap|Unlabeled litter,accept,0.510709,0.510709,0.489291,reject,True
images/accept_weak/taco_01324_Cigarette_4becb66c.jpg,,accept_weak,accept,weak_accept_category,Cigarette,Plastic straw|Cigarette,reject,0.999946,0.000054,0.999946,reject,False
images/accept_weak/taco_01325_Cigarette_619d9828.jpg,,accept_weak,accept,weak_accept_category,Cigarette,Other carton|Cigarette|Disposable plastic cup,accept,0.514138,0.514138,0.485862,reject,True
images/accept_weak/taco_01326_Cigarette_73960edd.jpg,,accept_weak,accept,weak_accept_category,Cigarette,Unlabeled litter|Disposable plastic cup|Cigarette,reject,0.885039,0.114961,0.885039,reject,False
images/accept_weak/taco_01327_Cigarette_5e7f9cfe.jpg,,accept_weak,accept,weak_accept_category,Cigarette,Clear plastic bottle|Other plastic|Cigarette,reject,0.754950,0.245050,0.754950,reject,False
images/accept_weak/taco_01328_Cigarette_fce75be5.jpg,,accept_weak,accept,weak_accept_category,Cigarette,Clear plastic bottle|Plastic bottle cap|Cigarette|Tissues|Drink can|Pop tab|Unlabeled litter,reject,0.728012,0.271988,0.728012,reject,False
images/accept_weak/taco_01329_Cigarette_e192be6b.jpg,,accept_weak,accept,weak_accept_category,Cigarette,Metal bottle cap|Cigarette|Drink can|Pop tab|Other carton,reject,0.718121,0.281879,0.718121,reject,False
images/reject_weak/taco_01330_Clear_plastic_bottle_bb7be166.jpg,,reject_weak,reject,weak_reject_category,Clear plastic bottle,Clear plastic bottle|Plastic bottle cap,accept,0.896068,0.896068,0.103932,accept,False
images/accept_weak/taco_01331_Cigarette_aef034b1.jpg,,accept_weak,accept,weak_accept_category,Cigarette,Other plastic bottle|Plastic bottle cap|Cigarette,reject,0.777705,0.222295,0.777705,reject,False
images/reject_weak/taco_01332_Egg_carton_28c8cad3.jpg,,reject_weak,reject,weak_reject_category,Egg carton,Egg carton,accept,0.975146,0.975146,0.024854,accept,False
images/accept_weak/taco_01333_Cigarette_c9697a2e.jpg,,accept_weak,accept,weak_accept_category,Cigarette,Clear plastic bottle|Cigarette|Other plastic,reject,0.547391,0.452609,0.547391,reject,False
images/accept_weak/taco_01334_Cigarette_b3b02cc9.jpg,,accept_weak,accept,weak_accept_category,Cigarette,Drink can|Cigarette|Other plastic|Unlabeled litter,reject,0.542268,0.457732,0.542268,reject,False
images/reject_weak/taco_01335_Glass_bottle_e727f967.jpg,,reject_weak,reject,weak_reject_category,Glass bottle,Glass bottle|Metal bottle cap|Unlabeled litter,accept,0.939968,0.939968,0.060032,accept,False
images/reject_weak/taco_01336_Glass_bottle_ba06d8aa.jpg,,reject_weak,reject,weak_reject_category,Glass bottle,Glass bottle|Metal bottle cap|Plastic lid,accept,0.766746,0.766746,0.233254,accept,False
images/reject_weak/taco_01337_Glass_bottle_d69fd83f.jpg,,reject_weak,reject,weak_reject_category,Glass bottle,Glass bottle|Metal bottle cap,accept,0.783637,0.783637,0.216363,accept,False
images/reject_weak/taco_01338_Glass_bottle_b50c7ec8.jpg,,reject_weak,reject,weak_reject_category,Glass bottle,Glass bottle|Metal bottle cap,accept,0.898010,0.898010,0.101989,accept,False
images/reject_weak/taco_01339_Glass_bottle_b4277fc5.jpg,,reject_weak,reject,weak_reject_category,Glass bottle,Glass bottle,accept,0.929065,0.929065,0.070935,accept,False
images/reject_weak/taco_01340_Clear_plastic_bottle_ba006fb3.jpg,,reject_weak,reject,weak_reject_category,Clear plastic bottle,Clear plastic bottle|Plastic bottle cap|Glass bottle|Unlabeled litter,accept,0.952200,0.952200,0.047800,accept,False
images/reject_weak/taco_01341_Clear_plastic_bottle_f2028188.jpg,,reject_weak,reject,weak_reject_category,Clear plastic bottle,Clear plastic bottle,accept,0.992760,0.992760,0.007240,accept,False
images/accept_weak/taco_01342_Other_plastic_wrapper_628170a3.jpg,,accept_weak,accept,weak_accept_category,Other plastic wrapper,Clear plastic bottle|Other plastic wrapper|Unlabeled litter,reject,0.808583,0.191417,0.808583,reject,False
images/reject_weak/taco_01343_Clear_plastic_bottle_601adc2a.jpg,,reject_weak,reject,weak_reject_category,Clear plastic bottle,Clear plastic bottle,accept,0.758071,0.758071,0.241929,reject,False
images/accept_weak/taco_01344_Other_plastic_wrapper_b8da891b.jpg,,accept_weak,accept,weak_accept_category,Other plastic wrapper,Paper cup|Other carton|Other plastic wrapper|Cigarette|Unlabeled litter|Other plastic bottle,reject,0.628345,0.371655,0.628345,reject,False
images/reject_weak/taco_01345_Clear_plastic_bottle_bc3a3db6.jpg,,reject_weak,reject,weak_reject_category,Clear plastic bottle,Clear plastic bottle,accept,0.887872,0.887872,0.112128,accept,False
images/accept_weak/taco_01346_Styrofoam_piece_938a1e3c.jpg,,accept_weak,accept,weak_accept_category,Styrofoam piece,Styrofoam piece|Unlabeled litter,reject,0.612699,0.387301,0.612699,reject,False
images/reject_weak/taco_01347_Other_plastic_bottle_e3ce794f.jpg,,reject_weak,reject,weak_reject_category,Other plastic bottle,Other plastic bottle|Egg carton|Unlabeled litter,reject,0.636488,0.363512,0.636488,reject,True
images/reject_weak/taco_01348_Clear_plastic_bottle_a30dcffd.jpg,,reject_weak,reject,weak_reject_category,Clear plastic bottle,Clear plastic bottle|Plastic bottle cap,accept,0.677626,0.677626,0.322374,reject,False
images/accept_weak/taco_01349_Plastic_film_764bebc2.jpg,,accept_weak,accept,weak_accept_category,Plastic film,Plastic film,accept,0.992661,0.992661,0.007339,accept,True
images/reject_weak/taco_01350_Drink_carton_ca0df1ea.jpg,,reject_weak,reject,weak_reject_category,Drink carton,Drink carton,reject,0.574579,0.425421,0.574579,reject,True
images/accept_weak/taco_01351_Cigarette_a3b873b6.jpg,,accept_weak,accept,weak_accept_category,Cigarette,Unlabeled litter|Clear plastic bottle|Other carton|Cigarette|Other plastic bottle,accept,0.941793,0.941793,0.058206,accept,True
images/accept_weak/taco_01352_Cigarette_aa17223d.jpg,,accept_weak,accept,weak_accept_category,Cigarette,Cigarette|Unlabeled litter|Styrofoam piece,reject,0.817003,0.182997,0.817003,reject,False
images/accept_weak/taco_01353_Garbage_bag_4f468427.jpg,,accept_weak,accept,weak_accept_category,Garbage bag,Garbage bag|Clear plastic bottle|Cigarette|Other plastic|Unlabeled litter|Normal paper|Other plastic container|Broken glass,reject,0.981572,0.018428,0.981572,reject,False
images/accept_weak/taco_01354_Garbage_bag_a64bc265.jpg,,accept_weak,accept,weak_accept_category,Garbage bag,Garbage bag|Single-use carrier bag,reject,0.823399,0.176601,0.823399,reject,False
images/accept_weak/taco_01355_Single-use_carrier_bag_b0c54f19.jpg,,accept_weak,accept,weak_accept_category,Single-use carrier bag,Single-use carrier bag|Garbage bag|Unlabeled litter,reject,0.999655,0.000345,0.999655,reject,False
images/accept_weak/taco_01356_Plastic_film_8916e76f.jpg,,accept_weak,accept,weak_accept_category,Plastic film,Plastic film|Unlabeled litter,reject,0.646414,0.353586,0.646414,reject,False
images/reject_weak/taco_01357_Other_carton_340ded17.jpg,,reject_weak,reject,weak_reject_category,Other carton,Other carton|Unlabeled litter,reject,0.576925,0.423075,0.576925,reject,True
images/accept_weak/taco_01358_Other_plastic_wrapper_9abba80e.jpg,,accept_weak,accept,weak_accept_category,Other plastic wrapper,Other plastic wrapper|Cigarette,reject,0.931573,0.068427,0.931573,reject,False
images/accept_weak/taco_01359_Other_plastic_wrapper_1e85d72c.jpg,,accept_weak,accept,weak_accept_category,Other plastic wrapper,Food Can|Other plastic wrapper,reject,0.995666,0.004334,0.995666,reject,False
images/accept_weak/taco_01360_Plastic_film_710c3586.jpg,,accept_weak,accept,weak_accept_category,Plastic film,Plastic film,reject,0.974214,0.025786,0.974214,reject,False
images/accept_weak/taco_01361_Cigarette_da7e645a.jpg,,accept_weak,accept,weak_accept_category,Cigarette,Clear plastic bottle|Cigarette|Unlabeled litter,reject,0.524631,0.475369,0.524631,reject,False
images/reject_weak/taco_01364_Corrugated_carton_15c7931e.jpg,,reject_weak,reject,weak_reject_category,Corrugated carton,Corrugated carton|Other plastic,reject,0.600747,0.399253,0.600747,reject,True
images/accept_weak/taco_01365_Cigarette_83c92ef3.jpg,,accept_weak,accept,weak_accept_category,Cigarette,Broken glass|Unlabeled litter|Cigarette,accept,0.559455,0.559455,0.440545,reject,True
images/accept_weak/taco_01366_Plastic_film_fb29e80a.jpg,,accept_weak,accept,weak_accept_category,Plastic film,Drink can|Disposable plastic cup|Plastic film|Pop tab,accept,0.717819,0.717819,0.282181,reject,True
images/accept_weak/taco_01367_Plastic_film_bb81c460.jpg,,accept_weak,accept,weak_accept_category,Plastic film,Plastic film|Crisp packet,accept,0.882854,0.882854,0.117146,accept,True
images/accept_weak/taco_01368_Other_plastic_wrapper_28823cab.jpg,,accept_weak,accept,weak_accept_category,Other plastic wrapper,Other plastic wrapper,accept,0.656261,0.656261,0.343739,reject,True
images/accept_weak/taco_01369_Other_plastic_wrapper_00385e81.jpg,,accept_weak,accept,weak_accept_category,Other plastic wrapper,Clear plastic bottle|Plastic bottle cap|Other plastic wrapper,accept,0.982634,0.982634,0.017366,accept,True
images/reject_weak/taco_01371_Aluminium_foil_fc81f09e.jpg,,reject_weak,reject,weak_reject_category,Aluminium foil,Aluminium foil|Unlabeled litter,accept,0.970930,0.970930,0.029070,accept,False
images/reject_weak/taco_01372_Drink_can_495b4de5.jpg,,reject_weak,reject,weak_reject_category,Drink can,Drink can|Pop tab|Disposable plastic cup,reject,0.989809,0.010191,0.989809,reject,True
images/accept_weak/taco_01373_Cigarette_5f81e1bd.jpg,,accept_weak,accept,weak_accept_category,Cigarette,Paper cup|Plastic lid|Glass bottle|Cigarette|Disposable plastic cup|Plastic straw,reject,0.680339,0.319661,0.680339,reject,False
images/reject_weak/taco_01374_Drink_can_8e9260d7.jpg,,reject_weak,reject,weak_reject_category,Drink can,Drink can|Pop tab,reject,0.736876,0.263124,0.736876,reject,True
images/accept_weak/taco_01375_Plastic_film_197a0bb6.jpg,,accept_weak,accept,weak_accept_category,Plastic film,Plastic film|Other carton,accept,0.571948,0.571948,0.428052,reject,True
images/accept_weak/taco_01376_Cigarette_d6777648.jpg,,accept_weak,accept,weak_accept_category,Cigarette,Clear plastic bottle|Plastic bottle cap|Cigarette,reject,0.702291,0.297709,0.702291,reject,False
images/reject_weak/taco_01377_Other_carton_07fd3f16.jpg,,reject_weak,reject,weak_reject_category,Other carton,Other carton|Clear plastic bottle|Plastic bottle cap,reject,0.965783,0.034217,0.965783,reject,True
images/reject_weak/taco_01378_Other_carton_714d9bd2.jpg,,reject_weak,reject,weak_reject_category,Other carton,Other carton,accept,0.818291,0.818291,0.181709,accept,False
images/accept_weak/taco_01379_Cigarette_9b52702f.jpg,,accept_weak,accept,weak_accept_category,Cigarette,Unlabeled litter|Cigarette,reject,0.810626,0.189374,0.810626,reject,False
images/accept_weak/taco_01380_Cigarette_3feac1db.jpg,,accept_weak,accept,weak_accept_category,Cigarette,Cigarette|Other plastic cup,reject,0.516064,0.483936,0.516064,reject,False
images/reject_weak/taco_01381_Normal_paper_6269dfa8.jpg,,reject_weak,reject,weak_reject_category,Normal paper,Normal paper,accept,0.750595,0.750595,0.249405,reject,False
images/reject_weak/taco_01383_Drink_can_1e8bed9c.jpg,,reject_weak,reject,weak_reject_category,Drink can,Drink can|Other plastic bottle,accept,0.948572,0.948572,0.051428,accept,False
images/accept_weak/taco_01384_Cigarette_0f34cfd1.jpg,,accept_weak,accept,weak_accept_category,Cigarette,Normal paper|Cigarette|Unlabeled litter,accept,0.798047,0.798047,0.201953,accept,True
images/reject_weak/taco_01385_Clear_plastic_bottle_94bbe7e7.jpg,,reject_weak,reject,weak_reject_category,Clear plastic bottle,Clear plastic bottle|Plastic bottle cap,accept,0.774480,0.774480,0.225521,accept,False
images/accept_weak/taco_01386_Plastic_film_23421020.jpg,,accept_weak,accept,weak_accept_category,Plastic film,Plastic film,reject,0.681787,0.318213,0.681787,reject,False
images/reject_weak/taco_01387_Drink_can_9a2098f4.jpg,,reject_weak,reject,weak_reject_category,Drink can,Drink can,accept,0.626916,0.626916,0.373084,reject,False
images/reject_weak/taco_01388_Clear_plastic_bottle_7bc8ea2c.jpg,,reject_weak,reject,weak_reject_category,Clear plastic bottle,Clear plastic bottle|Drink can,accept,0.807463,0.807463,0.192537,accept,False
images/accept_weak/taco_01389_Disposable_food_container_4d36bb26.jpg,,accept_weak,accept,weak_accept_category,Disposable food container,Glass bottle|Disposable food container|Plastic film,accept,0.706416,0.706416,0.293584,reject,True
images/accept_weak/taco_01390_Cigarette_c881b8f2.jpg,,accept_weak,accept,weak_accept_category,Cigarette,Cigarette|Paper bag,accept,0.881048,0.881048,0.118952,accept,True
images/reject_weak/taco_01391_Aluminium_foil_dd9f79be.jpg,,reject_weak,reject,weak_reject_category,Aluminium foil,Aluminium foil|Other plastic,accept,0.574199,0.574199,0.425801,reject,False
images/accept_weak/taco_01392_Other_plastic_wrapper_7bde682e.jpg,,accept_weak,accept,weak_accept_category,Other plastic wrapper,Plastic lid|Other plastic wrapper,accept,0.848094,0.848094,0.151906,accept,True
images/reject_weak/taco_01393_Other_carton_88bec36d.jpg,,reject_weak,reject,weak_reject_category,Other carton,Other carton,accept,0.920177,0.920177,0.079823,accept,False
images/reject_weak/taco_01394_Normal_paper_fd819999.jpg,,reject_weak,reject,weak_reject_category,Normal paper,Unlabeled litter|Normal paper,reject,0.823229,0.176771,0.823229,reject,True
images/accept_weak/taco_01395_Cigarette_48e7a9b5.jpg,,accept_weak,accept,weak_accept_category,Cigarette,Drink can|Cigarette,reject,0.702835,0.297165,0.702835,reject,False
images/reject_weak/taco_01396_Other_carton_8f0b8bcc.jpg,,reject_weak,reject,weak_reject_category,Other carton,Other carton,accept,0.705784,0.705784,0.294216,reject,False
images/reject_weak/taco_01397_Drink_can_da110c51.jpg,,reject_weak,reject,weak_reject_category,Drink can,Drink can,accept,0.851960,0.851960,0.148040,accept,False
images/accept_weak/taco_01398_Plastic_film_06c99f3c.jpg,,accept_weak,accept,weak_accept_category,Plastic film,Plastic film|Cigarette,reject,0.824152,0.175847,0.824152,reject,False
images/accept_weak/taco_01399_Disposable_food_container_8536379c.jpg,,accept_weak,accept,weak_accept_category,Disposable food container,Disposable food container,accept,0.546438,0.546438,0.453562,reject,True
images/accept_weak/taco_01400_Tissues_e3971204.jpg,,accept_weak,accept,weak_accept_category,Tissues,Spread tub|Tissues|Plastic film,reject,0.631083,0.368917,0.631083,reject,False
images/accept_weak/taco_01401_Cigarette_a43ae6d1.jpg,,accept_weak,accept,weak_accept_category,Cigarette,Cigarette|Drink can,accept,0.766102,0.766102,0.233898,accept,True
images/accept_weak/taco_01402_Plastic_film_ff4da163.jpg,,accept_weak,accept,weak_accept_category,Plastic film,Plastic film|Other plastic wrapper,reject,0.726433,0.273567,0.726433,reject,False
images/accept_weak/taco_01403_Plastic_film_eff7ab6e.jpg,,accept_weak,accept,weak_accept_category,Plastic film,Plastic film|Unlabeled litter,accept,0.850070,0.850070,0.149930,accept,True
images/accept_weak/taco_01404_Cigarette_e0a71b66.jpg,,accept_weak,accept,weak_accept_category,Cigarette,Cigarette|Clear plastic bottle,accept,0.572370,0.572370,0.427630,reject,True
images/reject_weak/taco_01405_Clear_plastic_bottle_3befe7e7.jpg,,reject_weak,reject,weak_reject_category,Clear plastic bottle,Clear plastic bottle,accept,0.619820,0.619820,0.380180,reject,False
images/accept_weak/taco_01406_Plastic_film_fb9ef018.jpg,,accept_weak,accept,weak_accept_category,Plastic film,Plastic film|Unlabeled litter,accept,0.979583,0.979583,0.020417,accept,True
images/accept_weak/taco_01407_Disposable_food_container_0ea367cb.jpg,,accept_weak,accept,weak_accept_category,Disposable food container,Disposable food container|Other plastic wrapper,accept,0.881509,0.881509,0.118491,accept,True
images/accept_weak/taco_01408_Garbage_bag_b8e319ad.jpg,,accept_weak,accept,weak_accept_category,Garbage bag,Other plastic bottle|Plastic bottle cap|Garbage bag|Aluminium foil|Unlabeled litter|Clear plastic bottle|Disposable food container|Metal bottle cap|Plastic lid|Other plastic,reject,0.643295,0.356705,0.643295,reject,False
images/reject_weak/taco_01409_Drink_carton_ced61e98.jpg,,reject_weak,reject,weak_reject_category,Drink carton,Drink carton|Plastic straw,reject,0.866003,0.133997,0.866003,reject,True
images/accept_weak/taco_01410_Plastic_film_8da19c87.jpg,,accept_weak,accept,weak_accept_category,Plastic film,Unlabeled litter|Plastic film,accept,0.888190,0.888190,0.111810,accept,True
images/accept_weak/taco_01411_Plastic_film_71ef6bc4.jpg,,accept_weak,accept,weak_accept_category,Plastic film,Plastic film|Cigarette,accept,0.819255,0.819255,0.180745,accept,True
images/accept_weak/taco_01412_Plastic_film_ab267a4b.jpg,,accept_weak,accept,weak_accept_category,Plastic film,Plastic film,accept,0.697860,0.697860,0.302140,reject,True
images/accept_weak/taco_01413_Cigarette_0ba7843f.jpg,,accept_weak,accept,weak_accept_category,Cigarette,Unlabeled litter|Cigarette,accept,0.860084,0.860084,0.139916,accept,True
images/accept_weak/taco_01414_Other_plastic_wrapper_105e5a63.jpg,,accept_weak,accept,weak_accept_category,Other plastic wrapper,Other plastic wrapper|Other plastic,reject,0.846730,0.153270,0.846730,reject,False
images/accept_weak/taco_01415_Tissues_033ae0c9.jpg,,accept_weak,accept,weak_accept_category,Tissues,Tissues,reject,0.678611,0.321389,0.678611,reject,False
images/accept_weak/taco_01416_Single-use_carrier_bag_136dc2f2.jpg,,accept_weak,accept,weak_accept_category,Single-use carrier bag,Unlabeled litter|Single-use carrier bag,accept,0.603201,0.603201,0.396799,reject,True
images/accept_weak/taco_01417_Plastic_film_188f044b.jpg,,accept_weak,accept,weak_accept_category,Plastic film,Plastic film,reject,0.675080,0.324920,0.675080,reject,False
images/accept_weak/taco_01418_Plastic_film_b5756cb5.jpg,,accept_weak,accept,weak_accept_category,Plastic film,Plastic film,reject,0.514371,0.485629,0.514371,reject,False
images/reject_weak/taco_01419_Scrap_metal_75ce8043.jpg,,reject_weak,reject,weak_reject_category,Scrap metal,Scrap metal,accept,0.968241,0.968241,0.031759,accept,False
images/accept_weak/taco_01420_Single-use_carrier_bag_dbfc0089.jpg,,accept_weak,accept,weak_accept_category,Single-use carrier bag,Single-use carrier bag|Plastic film,reject,0.735455,0.264545,0.735455,reject,False
images/accept_weak/taco_01421_Plastic_film_16f2247a.jpg,,accept_weak,accept,weak_accept_category,Plastic film,Plastic film,accept,0.829970,0.829970,0.170030,accept,True
images/accept_weak/taco_01422_Plastic_film_e685e793.jpg,,accept_weak,accept,weak_accept_category,Plastic film,Plastic film|Cigarette|Other plastic,reject,0.628110,0.371890,0.628110,reject,False
images/accept_weak/taco_01423_Styrofoam_piece_f6ddfb2a.jpg,,accept_weak,accept,weak_accept_category,Styrofoam piece,Styrofoam piece|Other plastic|Plastic film,accept,0.968354,0.968354,0.031646,accept,True
images/accept_weak/taco_01424_Other_plastic_wrapper_62cf9ca1.jpg,,accept_weak,accept,weak_accept_category,Other plastic wrapper,Other plastic wrapper,reject,0.903815,0.096185,0.903815,reject,False
images/accept_weak/taco_01425_Other_plastic_wrapper_32a0bc3a.jpg,,accept_weak,accept,weak_accept_category,Other plastic wrapper,Other plastic wrapper|Plastic film,reject,0.989979,0.010021,0.989979,reject,False
images/accept_weak/taco_01426_Cigarette_90476815.jpg,,accept_weak,accept,weak_accept_category,Cigarette,Plastic bottle cap|Cigarette,reject,0.792786,0.207214,0.792786,reject,False
images/accept_weak/taco_01427_Tissues_2902f438.jpg,,accept_weak,accept,weak_accept_category,Tissues,Metal bottle cap|Tissues|Plastic film,accept,0.858028,0.858028,0.141972,accept,True
images/accept_weak/taco_01428_Cigarette_47eea54c.jpg,,accept_weak,accept,weak_accept_category,Cigarette,Cigarette|Plastic film|Styrofoam piece,reject,0.586752,0.413248,0.586752,reject,False
images/accept_weak/taco_01429_Cigarette_f81c5163.jpg,,accept_weak,accept,weak_accept_category,Cigarette,Cigarette|Other plastic|Unlabeled litter,accept,0.892996,0.892996,0.107004,accept,True
images/accept_weak/taco_01430_Plastic_film_8dee9686.jpg,,accept_weak,accept,weak_accept_category,Plastic film,Plastic film,reject,0.811261,0.188739,0.811261,reject,False
images/accept_weak/taco_01431_Plastic_film_08bd87c6.jpg,,accept_weak,accept,weak_accept_category,Plastic film,Plastic film|Unlabeled litter,accept,0.800901,0.800901,0.199099,accept,True
images/accept_weak/taco_01432_Plastic_film_da691e48.jpg,,accept_weak,accept,weak_accept_category,Plastic film,Plastic film,reject,0.558821,0.441179,0.558821,reject,False
images/accept_weak/taco_01434_Other_plastic_wrapper_4ea50dac.jpg,,accept_weak,accept,weak_accept_category,Other plastic wrapper,Other plastic wrapper,accept,0.794683,0.794683,0.205317,accept,True
images/accept_weak/taco_01435_Plastic_film_c6deb5c8.jpg,,accept_weak,accept,weak_accept_category,Plastic film,Plastic film|Cigarette,reject,0.932157,0.067843,0.932157,reject,False
images/accept_weak/taco_01436_Plastic_film_51c3169e.jpg,,accept_weak,accept,weak_accept_category,Plastic film,Plastic film,reject,0.881432,0.118568,0.881432,reject,False
images/reject_weak/taco_01437_Plastic_bottle_cap_7a1331b7.jpg,,reject_weak,reject,weak_reject_category,Plastic bottle cap,Plastic bottle cap,accept,0.857377,0.857377,0.142623,accept,False
images/accept_weak/taco_01438_Plastic_film_f777c930.jpg,,accept_weak,accept,weak_accept_category,Plastic film,Plastic film|Rope & strings,accept,0.925605,0.925605,0.074395,accept,True
images/accept_weak/taco_01439_Cigarette_e349ee61.jpg,,accept_weak,accept,weak_accept_category,Cigarette,Other plastic|Cigarette,accept,0.576194,0.576194,0.423806,reject,True
images/accept_weak/taco_01440_Cigarette_2219cfc6.jpg,,accept_weak,accept,weak_accept_category,Cigarette,Plastic straw|Cigarette,accept,0.906600,0.906600,0.093400,accept,True
images/accept_weak/taco_01441_Plastic_film_e43e4586.jpg,,accept_weak,accept,weak_accept_category,Plastic film,Plastic film,accept,0.519734,0.519734,0.480266,reject,True
images/accept_weak/taco_01442_Plastic_film_169c0d8f.jpg,,accept_weak,accept,weak_accept_category,Plastic film,Plastic film,reject,0.653264,0.346736,0.653264,reject,False
images/accept_weak/taco_01443_Plastic_film_fc017873.jpg,,accept_weak,accept,weak_accept_category,Plastic film,Plastic film,accept,0.976718,0.976718,0.023282,accept,True
images/accept_weak/taco_01444_Plastic_film_0368cdfd.jpg,,accept_weak,accept,weak_accept_category,Plastic film,Plastic film,accept,0.840164,0.840164,0.159836,accept,True
images/accept_weak/taco_01445_Plastic_film_5716225c.jpg,,accept_weak,accept,weak_accept_category,Plastic film,Plastic film,accept,0.542960,0.542960,0.457040,reject,True
images/accept_weak/taco_01446_Plastic_film_00acdc05.jpg,,accept_weak,accept,weak_accept_category,Plastic film,Plastic film,accept,0.980639,0.980639,0.019361,accept,True
images/accept_weak/taco_01447_Plastic_film_f00beffe.jpg,,accept_weak,accept,weak_accept_category,Plastic film,Plastic film,accept,0.994075,0.994075,0.005925,accept,True
images/reject_weak/taco_01448_Other_plastic_8e7eb15b.jpg,,reject_weak,reject,weak_reject_category,Other plastic,Other plastic|Plastic straw,accept,0.549112,0.549112,0.450888,reject,False
images/reject_weak/taco_01450_Corrugated_carton_011769eb.jpg,,reject_weak,reject,weak_reject_category,Corrugated carton,Corrugated carton|Unlabeled litter,reject,0.668629,0.331371,0.668629,reject,True
images/accept_weak/taco_01451_Cigarette_a4c570ac.jpg,,accept_weak,accept,weak_accept_category,Cigarette,Unlabeled litter|Glass bottle|Cigarette,accept,0.996049,0.996049,0.003951,accept,True
images/accept_weak/taco_01452_Cigarette_9d16c5af.jpg,,accept_weak,accept,weak_accept_category,Cigarette,Wrapping paper|Cigarette,reject,0.788869,0.211131,0.788869,reject,False
images/accept_weak/taco_01453_Cigarette_9e342c2c.jpg,,accept_weak,accept,weak_accept_category,Cigarette,Drink carton|Plastic straw|Cigarette|Plastic film|Unlabeled litter,accept,0.782266,0.782266,0.217734,accept,True
images/accept_weak/taco_01454_Cigarette_925d13c7.jpg,,accept_weak,accept,weak_accept_category,Cigarette,Pop tab|Metal bottle cap|Cigarette|Unlabeled litter,accept,0.929257,0.929257,0.070743,accept,True
images/accept_weak/taco_01455_Tissues_c1330d32.jpg,,accept_weak,accept,weak_accept_category,Tissues,Disposable plastic cup|Tissues,accept,0.702092,0.702092,0.297908,reject,True
images/accept_weak/taco_01456_Tissues_64fb220c.jpg,,accept_weak,accept,weak_accept_category,Tissues,Tissues|Other plastic wrapper|Other plastic|Unlabeled litter,reject,0.785339,0.214661,0.785339,reject,False
images/accept_weak/taco_01457_Plastic_film_01f1c4f2.jpg,,accept_weak,accept,weak_accept_category,Plastic film,Plastic film|Unlabeled litter,accept,0.518009,0.518009,0.481991,reject,True
images/accept_weak/taco_01458_Plastic_film_284a6aef.jpg,,accept_weak,accept,weak_accept_category,Plastic film,Plastic film|Unlabeled litter,reject,0.599985,0.400015,0.599985,reject,False
images/accept_weak/taco_01459_Plastic_film_f5f8b142.jpg,,accept_weak,accept,weak_accept_category,Plastic film,Plastic film|Unlabeled litter,accept,0.598205,0.598205,0.401795,reject,True
images/accept_weak/taco_01460_Other_plastic_wrapper_36dc64b3.jpg,,accept_weak,accept,weak_accept_category,Other plastic wrapper,Other plastic wrapper|Plastic film|Unlabeled litter,accept,0.938835,0.938835,0.061165,accept,True
images/accept_weak/taco_01461_Other_plastic_wrapper_84b93123.jpg,,accept_weak,accept,weak_accept_category,Other plastic wrapper,Other plastic wrapper|Cigarette|Tissues|Unlabeled litter,accept,0.884586,0.884586,0.115414,accept,True
images/accept_weak/taco_01462_Plastic_film_647e46ca.jpg,,accept_weak,accept,weak_accept_category,Plastic film,Meal carton|Plastic film,reject,0.629704,0.370296,0.629704,reject,False
images/accept_weak/taco_01463_Plastic_film_c05ca83e.jpg,,accept_weak,accept,weak_accept_category,Plastic film,Plastic film|Other carton,accept,0.812753,0.812753,0.187247,accept,True
images/reject_weak/taco_01464_Drink_can_f5942254.jpg,,reject_weak,reject,weak_reject_category,Drink can,Drink can|Disposable plastic cup,accept,0.741136,0.741136,0.258864,reject,False
images/accept_weak/taco_01465_Cigarette_2cc5c253.jpg,,accept_weak,accept,weak_accept_category,Cigarette,Cigarette|Normal paper|Disposable plastic cup,accept,0.953172,0.953172,0.046828,accept,True
images/accept_weak/taco_01466_Cigarette_127616e4.jpg,,accept_weak,accept,weak_accept_category,Cigarette,Cigarette|Disposable plastic cup,reject,0.969200,0.030800,0.969200,reject,False
images/reject_weak/taco_01467_Clear_plastic_bottle_9f68100d.jpg,,reject_weak,reject,weak_reject_category,Clear plastic bottle,Clear plastic bottle|Plastic bottle cap|Normal paper|Rope & strings,accept,0.602212,0.602212,0.397788,reject,False
images/accept_weak/taco_01468_Other_plastic_wrapper_0c93a8eb.jpg,,accept_weak,accept,weak_accept_category,Other plastic wrapper,Other plastic wrapper,accept,0.646277,0.646277,0.353723,reject,True
images/reject_weak/taco_01469_Plastic_lid_c1198613.jpg,,reject_weak,reject,weak_reject_category,Plastic lid,Plastic lid|Clear plastic bottle,accept,0.615633,0.615633,0.384366,reject,False
images/accept_weak/taco_01470_Plastic_film_6c204adb.jpg,,accept_weak,accept,weak_accept_category,Plastic film,Unlabeled litter|Clear plastic bottle|Plastic bottle cap|Plastic lid|Plastic film,accept,0.932538,0.932538,0.067462,accept,True
images/accept_weak/taco_01471_Single-use_carrier_bag_120e5ac5.jpg,,accept_weak,accept,weak_accept_category,Single-use carrier bag,Single-use carrier bag|Clear plastic bottle|Plastic film,reject,0.950101,0.049899,0.950101,reject,False
images/reject_weak/taco_01472_Other_plastic_1f43308e.jpg,,reject_weak,reject,weak_reject_category,Other plastic,Other plastic|Unlabeled litter,reject,0.620215,0.379785,0.620215,reject,True
images/accept_weak/taco_01473_Plastic_film_cb044e60.jpg,,accept_weak,accept,weak_accept_category,Plastic film,Plastic film|Corrugated carton,accept,0.987937,0.987937,0.012063,accept,True
images/reject_weak/taco_01474_Glass_bottle_13000f3d.jpg,,reject_weak,reject,weak_reject_category,Glass bottle,Glass bottle|Clear plastic bottle|Unlabeled litter,accept,0.918446,0.918446,0.081554,accept,False
images/accept_weak/taco_01475_Other_plastic_wrapper_b268017c.jpg,,accept_weak,accept,weak_accept_category,Other plastic wrapper,Clear plastic bottle|Glass bottle|Other plastic wrapper,accept,0.968488,0.968488,0.031512,accept,True
images/accept_weak/taco_01476_Tissues_deef4ff7.jpg,,accept_weak,accept,weak_accept_category,Tissues,Glass bottle|Tissues,reject,0.993183,0.006817,0.993183,reject,False
images/reject_weak/taco_01477_Plastic_bottle_cap_5c9d43e2.jpg,,reject_weak,reject,weak_reject_category,Plastic bottle cap,Plastic bottle cap,reject,0.894069,0.105931,0.894069,reject,True
images/accept_weak/taco_01478_Single-use_carrier_bag_07f68bad.jpg,,accept_weak,accept,weak_accept_category,Single-use carrier bag,Single-use carrier bag|Cigarette,reject,0.869388,0.130612,0.869388,reject,False
images/reject_weak/taco_01479_Plastic_bottle_cap_281536c1.jpg,,reject_weak,reject,weak_reject_category,Plastic bottle cap,Plastic bottle cap|Clear plastic bottle,reject,0.527427,0.472573,0.527427,reject,True
images/accept_weak/taco_01480_Cigarette_f848045a.jpg,,accept_weak,accept,weak_accept_category,Cigarette,Aluminium foil|Cigarette|Plastic film|Metal bottle cap|Unlabeled litter,reject,0.556004,0.443996,0.556004,reject,False
images/accept_weak/taco_01481_Other_plastic_wrapper_a7a8ae5d.jpg,,accept_weak,accept,weak_accept_category,Other plastic wrapper,Other plastic|Other plastic wrapper,accept,0.630476,0.630476,0.369524,reject,True
images/accept_weak/taco_01482_Other_plastic_wrapper_9c6ebd38.jpg,,accept_weak,accept,weak_accept_category,Other plastic wrapper,Other plastic wrapper,accept,0.924019,0.924019,0.075981,accept,True
images/reject_weak/taco_01483_Drink_can_00b086c7.jpg,,reject_weak,reject,weak_reject_category,Drink can,Drink can,reject,0.980090,0.019910,0.980090,reject,True
images/accept_weak/taco_01484_Styrofoam_piece_e0145018.jpg,,accept_weak,accept,weak_accept_category,Styrofoam piece,Clear plastic bottle|Plastic bottle cap|Other carton|Unlabeled litter|Scrap metal|Styrofoam piece|Aluminium foil,reject,0.682242,0.317758,0.682242,reject,False
images/accept_weak/taco_01485_Cigarette_81b2987a.jpg,,accept_weak,accept,weak_accept_category,Cigarette,Cigarette|Other carton,accept,0.510225,0.510225,0.489775,reject,True
images/accept_weak/taco_01486_Other_plastic_wrapper_4f8a045f.jpg,,accept_weak,accept,weak_accept_category,Other plastic wrapper,Other carton|Other plastic wrapper|Cigarette,accept,0.779670,0.779670,0.220330,accept,True
images/accept_weak/taco_01487_Tissues_fa1dbc6d.jpg,,accept_weak,accept,weak_accept_category,Tissues,Other plastic|Aluminium foil|Tissues,reject,0.915632,0.084368,0.915632,reject,False
images/accept_weak/taco_01488_Tissues_724e192e.jpg,,accept_weak,accept,weak_accept_category,Tissues,Corrugated carton|Normal paper|Tissues|Unlabeled litter|Plastic lid|Cigarette|Metal bottle cap,accept,0.851901,0.851901,0.148099,accept,True
images/reject_weak/taco_01489_Other_plastic_bottle_59964307.jpg,,reject_weak,reject,weak_reject_category,Other plastic bottle,Other plastic bottle|Unlabeled litter,accept,0.674017,0.674017,0.325983,reject,False
images/accept_weak/taco_01490_Plastic_film_fd29d235.jpg,,accept_weak,accept,weak_accept_category,Plastic film,Drink can|Plastic film|Unlabeled litter|Clear plastic bottle|Plastic bottle cap,accept,0.788208,0.788208,0.211792,accept,True
images/reject_weak/taco_01491_Clear_plastic_bottle_fd752c93.jpg,,reject_weak,reject,weak_reject_category,Clear plastic bottle,Clear plastic bottle,accept,0.841749,0.841749,0.158251,accept,False
images/reject_weak/taco_01492_Clear_plastic_bottle_c329b046.jpg,,reject_weak,reject,weak_reject_category,Clear plastic bottle,Clear plastic bottle,accept,0.983721,0.983721,0.016279,accept,False
images/reject_weak/taco_01493_Glass_bottle_f6910640.jpg,,reject_weak,reject,weak_reject_category,Glass bottle,Glass bottle|Other plastic bottle|Plastic bottle cap,reject,0.742067,0.257933,0.742067,reject,True
images/accept_weak/taco_01494_Plastic_film_7dc93b08.jpg,,accept_weak,accept,weak_accept_category,Plastic film,Clear plastic bottle|Plastic film|Glass bottle,accept,0.777421,0.777421,0.222579,accept,True
images/accept_weak/taco_01495_Other_plastic_wrapper_ea08fda9.jpg,,accept_weak,accept,weak_accept_category,Other plastic wrapper,Drink carton|Plastic straw|Unlabeled litter|Other plastic wrapper,reject,0.979087,0.020914,0.979087,reject,False
images/reject_weak/taco_01496_Plastic_straw_8c4b5d9b.jpg,,reject_weak,reject,weak_reject_category,Plastic straw,Plastic straw,accept,0.959145,0.959145,0.040855,accept,False
images/reject_weak/taco_01497_Glass_bottle_a19d3e3d.jpg,,reject_weak,reject,weak_reject_category,Glass bottle,Glass bottle|Metal bottle cap,reject,0.637647,0.362353,0.637647,reject,True
images/reject_weak/taco_01498_Drink_carton_e979ce6c.jpg,,reject_weak,reject,weak_reject_category,Drink carton,Drink carton|Plastic bottle cap,accept,0.750839,0.750839,0.249161,reject,False
images/accept_weak/taco_01499_Other_plastic_wrapper_75de91f1.jpg,,accept_weak,accept,weak_accept_category,Other plastic wrapper,Other plastic wrapper|Other carton|Glass bottle,accept,0.563930,0.563930,0.436070,reject,True
