local_path,split,label_hint,eval_label,eval_label_strength,dominant_category,all_categories,pred_class,confidence,accept_prob,reject_prob,gate_action,weak_label_match
images/reject_weak/taco_00000_Glass_bottle_5e600256.jpg,,reject_weak,reject,weak_reject_category,Glass bottle,Glass bottle,reject,0.985877,0.014123,0.985877,reject,True
images/reject_weak/taco_00001_Meal_carton_607d7928.jpg,,reject_weak,reject,weak_reject_category,Meal carton,Meal carton|Other carton,reject,0.999597,0.000403,0.999597,reject,True
images/reject_weak/taco_00002_Clear_plastic_bottle_b4e51370.jpg,,reject_weak,reject,weak_reject_category,Clear plastic bottle,Clear plastic bottle|Plastic bottle cap,reject,0.535662,0.464338,0.535662,reject,True
images/reject_weak/taco_00003_Clear_plastic_bottle_2d11562c.jpg,,reject_weak,reject,weak_reject_category,Clear plastic bottle,Clear plastic bottle|Plastic bottle cap|Drink can,accept,0.755795,0.755795,0.244205,reject,False
images/reject_weak/taco_00004_Drink_can_0acc8519.jpg,,reject_weak,reject,weak_reject_category,Drink can,Drink can,reject,0.568297,0.431703,0.568297,reject,True
images/reject_weak/taco_00005_Food_Can_21593e35.jpg,,reject_weak,reject,weak_reject_category,Food Can,Food Can|Other plastic bottle|Plastic bottle cap|Pop tab,reject,0.999073,0.000927,0.999073,reject,True
images/reject_weak/taco_00006_Aerosol_d5272d73.jpg,,reject_weak,reject,weak_reject_category,Aerosol,Aerosol,reject,0.999316,0.000685,0.999316,reject,True
images/reject_weak/taco_00007_Clear_plastic_bottle_13c98895.jpg,,reject_weak,reject,weak_reject_category,Clear plastic bottle,Clear plastic bottle|Plastic bottle cap,accept,0.710205,0.710205,0.289794,reject,False
images/reject_weak/taco_00008_Clear_plastic_bottle_2ec94819.jpg,,reject_weak,reject,weak_reject_category,Clear plastic bottle,Clear plastic bottle,reject,0.681341,0.318659,0.681341,reject,True
images/reject_weak/taco_00009_Food_Can_72309f9a.jpg,,reject_weak,reject,weak_reject_category,Food Can,Food Can|Glass cup|Pop tab,reject,0.834936,0.165064,0.834936,reject,True
images/accept_weak/taco_00010_Other_plastic_wrapper_f25aac4c.jpg,,accept_weak,accept,weak_accept_category,Other plastic wrapper,Glass bottle|Other plastic wrapper,accept,0.704759,0.704759,0.295241,reject,True
images/accept_weak/taco_00011_Styrofoam_piece_64f00c2c.jpg,,accept_weak,accept,weak_accept_category,Styrofoam piece,Styrofoam piece|Drink can|Plastic film|Other carton|Other plastic,accept,0.858418,0.858418,0.141582,accept,True
images/reject_weak/taco_00012_Other_plastic_bottle_acae0878.jpg,,reject_weak,reject,weak_reject_category,Other plastic bottle,Other plastic bottle|Clear plastic bottle|Glass bottle|Drink carton|Plastic bottle cap|Metal bottle cap,reject,0.982991,0.017009,0.982991,reject,True
images/accept_weak/taco_00013_Plastic_film_b37220fc.jpg,,accept_weak,accept,weak_accept_category,Plastic film,Clear plastic bottle|Plastic bottle cap|Plastic film|Disposable food container,reject,0.819414,0.180586,0.819414,reject,False
images/reject_weak/taco_00014_Other_plastic_bottle_8f340bb6.jpg,,reject_weak,reject,weak_reject_category,Other plastic bottle,Other plastic bottle,reject,0.987567,0.012433,0.987567,reject,True
images/reject_weak/taco_00015_Other_plastic_bottle_b95ce2fe.jpg,,reject_weak,reject,weak_reject_category,Other plastic bottle,Other plastic bottle|Plastic bottle cap,reject,0.995739,0.004262,0.995739,reject,True
images/reject_weak/taco_00016_Aerosol_ad15261b.jpg,,reject_weak,reject,weak_reject_category,Aerosol,Aerosol|Normal paper,reject,0.773130,0.226870,0.773130,reject,True
images/reject_weak/taco_00017_Paper_cup_8c1bde81.jpg,,reject_weak,reject,weak_reject_category,Paper cup,Paper cup,accept,0.504515,0.504515,0.495485,reject,False
images/reject_weak/taco_00018_Drink_can_2ee92ad2.jpg,,reject_weak,reject,weak_reject_category,Drink can,Drink can,accept,0.608119,0.608119,0.391881,reject,False
images/reject_weak/taco_00019_Drink_can_86a1bab2.jpg,,reject_weak,reject,weak_reject_category,Drink can,Drink can|Pop tab,accept,0.834997,0.834997,0.165003,accept,False
images/reject_weak/taco_00020_Food_Can_24bc0222.jpg,,reject_weak,reject,weak_reject_category,Food Can,Food Can|Pop tab,reject,0.893412,0.106588,0.893412,reject,True
images/reject_weak/taco_00021_Food_Can_6a60e8ee.jpg,,reject_weak,reject,weak_reject_category,Food Can,Food Can|Pop tab,reject,0.999958,0.000042,0.999958,reject,True
images/reject_weak/taco_00022_Drink_can_bb8d4e60.jpg,,reject_weak,reject,weak_reject_category,Drink can,Drink can|Pop tab,reject,0.994672,0.005328,0.994672,reject,True
images/reject_weak/taco_00023_Aerosol_d8ceb03f.jpg,,reject_weak,reject,weak_reject_category,Aerosol,Aerosol|Other plastic bottle|Plastic bottle cap,reject,0.998674,0.001326,0.998674,reject,True
images/reject_weak/taco_00024_Aerosol_7deb7cd2.jpg,,reject_weak,reject,weak_reject_category,Aerosol,Aerosol,reject,0.985117,0.014883,0.985117,reject,True
images/accept_weak/taco_00025_Other_plastic_wrapper_0cbf168a.jpg,,accept_weak,accept,weak_accept_category,Other plastic wrapper,Glass bottle|Other plastic wrapper,accept,0.804127,0.804127,0.195873,accept,True
images/accept_weak/taco_00026_Other_plastic_wrapper_42f17c1f.jpg,,accept_weak,accept,weak_accept_category,Other plastic wrapper,Glass bottle|Other plastic wrapper,accept,0.573737,0.573737,0.426263,reject,True
images/reject_weak/taco_00027_Clear_plastic_bottle_ac5a2bf9.jpg,,reject_weak,reject,weak_reject_category,Clear plastic bottle,Clear plastic bottle|Drink can|Pop tab|Plastic bottle cap,accept,0.685275,0.685275,0.314725,reject,False
images/reject_weak/taco_00028_Drink_can_9fdba6dc.jpg,,reject_weak,reject,weak_reject_category,Drink can,Drink can|Clear plastic bottle,accept,0.680232,0.680232,0.319768,reject,False
images/reject_weak/taco_00029_Drink_can_a9207c56.jpg,,reject_weak,reject,weak_reject_category,Drink can,Drink can,accept,0.682802,0.682802,0.317198,reject,False
images/accept_weak/taco_00030_Disposable_food_container_f2a1c540.jpg,,accept_weak,accept,weak_accept_category,Disposable food container,Disposable food container|Cigarette,accept,0.599836,0.599836,0.400164,reject,True
images/reject_weak/taco_00031_Drink_can_80d91479.jpg,,reject_weak,reject,weak_reject_category,Drink can,Drink can,accept,0.705271,0.705271,0.294729,reject,False
images/reject_weak/taco_00032_Drink_can_cdbec646.jpg,,reject_weak,reject,weak_reject_category,Drink can,Drink can,accept,0.535667,0.535667,0.464333,reject,False
images/reject_weak/taco_00033_Food_Can_194a86a7.jpg,,reject_weak,reject,weak_reject_category,Food Can,Food Can|Pop tab,reject,0.994477,0.005523,0.994477,reject,True
images/accept_weak/taco_00034_Single-use_carrier_bag_2c538ead.jpg,,accept_weak,accept,weak_accept_category,Single-use carrier bag,Drink can|Single-use carrier bag,accept,0.525082,0.525082,0.474918,reject,True
images/accept_weak/taco_00035_Tissues_362ce883.jpg,,accept_weak,accept,weak_accept_category,Tissues,Aerosol|Normal paper|Tissues|Toilet tube,reject,0.885258,0.114742,0.885258,reject,False
images/reject_weak/taco_00036_Clear_plastic_bottle_c4df50d9.jpg,,reject_weak,reject,weak_reject_category,Clear plastic bottle,Clear plastic bottle,reject,0.533207,0.466793,0.533207,reject,True
images/reject_weak/taco_00037_Glass_bottle_aeb3bdb7.jpg,,reject_weak,reject,weak_reject_category,Glass bottle,Glass bottle,reject,0.647392,0.352608,0.647392,reject,True
images/accept_weak/taco_00038_Plastic_film_2a3bbdcd.jpg,,accept_weak,accept,weak_accept_category,Plastic film,Plastic film|Crisp packet,accept,0.921614,0.921614,0.078386,accept,True
images/reject_weak/taco_00039_Glass_bottle_e8e50576.jpg,,reject_weak,reject,weak_reject_category,Glass bottle,Glass bottle,accept,0.535350,0.535350,0.464650,reject,False
images/reject_weak/taco_00040_Glass_bottle_9f235a83.jpg,,reject_weak,reject,weak_reject_category,Glass bottle,Glass bottle,reject,0.735697,0.264303,0.735697,reject,True
images/reject_weak/taco_00041_Drink_can_0d800339.jpg,,reject_weak,reject,weak_reject_category,Drink can,Drink can|Pop tab|Normal paper,accept,0.533035,0.533035,0.466965,reject,False
images/reject_weak/taco_00042_Drink_can_a2887150.jpg,,reject_weak,reject,weak_reject_category,Drink can,Drink can,accept,0.737330,0.737330,0.262670,reject,False
images/reject_weak/taco_00043_Other_plastic_bottle_c1d03c6c.jpg,,reject_weak,reject,weak_reject_category,Other plastic bottle,Other plastic bottle|Glass cup,reject,0.999395,0.000605,0.999395,reject,True
images/reject_weak/taco_00044_Food_Can_128aae8f.jpg,,reject_weak,reject,weak_reject_category,Food Can,Food Can|Pop tab,reject,0.997819,0.002181,0.997819,reject,True
images/reject_weak/taco_00045_Food_Can_4b84c54b.jpg,,reject_weak,reject,weak_reject_category,Food Can,Food Can,reject,0.979719,0.020281,0.979719,reject,True
images/reject_weak/taco_00046_Food_Can_767ef223.jpg,,reject_weak,reject,weak_reject_category,Food Can,Food Can|Pop tab,reject,0.904325,0.095675,0.904325,reject,True
images/reject_weak/taco_00047_Plastic_lid_8647eb70.jpg,,reject_weak,reject,weak_reject_category,Plastic lid,Plastic lid|Metal lid|Egg carton,reject,0.958552,0.041448,0.958552,reject,True
images/reject_weak/taco_00048_Egg_carton_455f715b.jpg,,reject_weak,reject,weak_reject_category,Egg carton,Egg carton,reject,0.656318,0.343682,0.656318,reject,True
images/reject_weak/taco_00049_Egg_carton_63e49dbc.jpg,,reject_weak,reject,weak_reject_category,Egg carton,Egg carton,reject,0.952118,0.047882,0.952118,reject,True
images/accept_weak/taco_00050_Cigarette_827ad755.jpg,,accept_weak,accept,weak_accept_category,Cigarette,Plastic straw|Cigarette,accept,0.937504,0.937504,0.062496,accept,True
images/reject_weak/taco_00051_Drink_can_fa3606f3.jpg,,reject_weak,reject,weak_reject_category,Drink can,Drink can,reject,0.742406,0.257594,0.742406,reject,True
images/reject_weak/taco_00052_Drink_can_e9327a60.jpg,,reject_weak,reject,weak_reject_category,Drink can,Drink can,accept,0.798317,0.798317,0.201683,accept,False
images/reject_weak/taco_00053_Other_carton_48d7c97e.jpg,,reject_weak,reject,weak_reject_category,Other carton,Other carton,accept,0.556927,0.556927,0.443073,reject,False
images/accept_weak/taco_00054_Crisp_packet_ca8da98c.jpg,,accept_weak,accept,weak_accept_category,Crisp packet,Crisp packet|Normal paper|Cigarette,accept,0.786578,0.786578,0.213422,accept,True
images/reject_weak/taco_00055_Drink_can_cbed140f.jpg,,reject_weak,reject,weak_reject_category,Drink can,Drink can,reject,0.921557,0.078443,0.921557,reject,True
images/accept_weak/taco_00056_Cigarette_6e4b6816.jpg,,accept_weak,accept,weak_accept_category,Cigarette,Paper cup|Cigarette,accept,0.616125,0.616125,0.383875,reject,True
images/accept_weak/taco_00057_Cigarette_cba6c284.jpg,,accept_weak,accept,weak_accept_category,Cigarette,Plastic straw|Cigarette,accept,0.893770,0.893770,0.106230,accept,True
images/reject_weak/taco_00058_Paper_bag_e2b1c057.jpg,,reject_weak,reject,weak_reject_category,Paper bag,Paper bag,accept,0.847516,0.847516,0.152484,accept,False
images/reject_weak/taco_00059_Paper_bag_9f37daa0.jpg,,reject_weak,reject,weak_reject_category,Paper bag,Paper bag,accept,0.886910,0.886910,0.113090,accept,False
images/accept_weak/taco_00060_Cigarette_808f9f41.jpg,,accept_weak,accept,weak_accept_category,Cigarette,Clear plastic bottle|Plastic bottle cap|Cigarette,accept,0.834450,0.834450,0.165550,accept,True
images/accept_weak/taco_00061_Crisp_packet_8654a8db.jpg,,accept_weak,accept,weak_accept_category,Crisp packet,Crisp packet,reject,0.694821,0.305179,0.694821,reject,False
images/reject_weak/taco_00062_Paper_cup_b70ff0a3.jpg,,reject_weak,reject,weak_reject_category,Paper cup,Paper cup|Plastic lid,accept,0.663991,0.663991,0.336010,reject,False
images/reject_weak/taco_00063_Disposable_plastic_cup_5fbcee6a.jpg,,reject_weak,reject,weak_reject_category,Disposable plastic cup,Disposable plastic cup|Plastic lid|Drink can,reject,0.531522,0.468478,0.531522,reject,True
images/accept_weak/taco_00064_Cigarette_5d338456.jpg,,accept_weak,accept,weak_accept_category,Cigarette,Plastic straw|Broken glass|Cigarette,accept,0.897482,0.897482,0.102518,accept,True
images/accept_weak/taco_00065_Plastic_utensils_9d6bc2b1.jpg,,accept_weak,accept,weak_accept_category,Plastic utensils,Plastic utensils|Cigarette,accept,0.666947,0.666947,0.333053,reject,True
images/accept_weak/taco_00066_Cigarette_8b2f61d8.jpg,,accept_weak,accept,weak_accept_category,Cigarette,Paper bag|Cigarette,reject,0.770061,0.229939,0.770061,reject,False
images/accept_weak/taco_00067_Tissues_989d3a10.jpg,,accept_weak,accept,weak_accept_category,Tissues,Food Can|Glass jar|Metal lid|Tissues,reject,0.999974,0.000026,0.999974,reject,False
images/reject_weak/taco_00068_Food_Can_5e06f5de.jpg,,reject_weak,reject,weak_reject_category,Food Can,Food Can|Food waste,reject,0.997721,0.002279,0.997721,reject,True
images/reject_weak/taco_00069_Metal_bottle_cap_63a61735.jpg,,reject_weak,reject,weak_reject_category,Metal bottle cap,Squeezable tube|Metal bottle cap,reject,0.955244,0.044756,0.955244,reject,True
images/accept_weak/taco_00070_Other_plastic_wrapper_f1c60c66.jpg,,accept_weak,accept,weak_accept_category,Other plastic wrapper,Other carton|Spread tub|Other plastic wrapper,accept,0.778519,0.778519,0.221481,accept,True
images/reject_weak/taco_00071_Spread_tub_70d283da.jpg,,reject_weak,reject,weak_reject_category,Spread tub,Spread tub,reject,0.769342,0.230658,0.769342,reject,True
images/accept_weak/taco_00072_Plastic_film_7db8dcc3.jpg,,accept_weak,accept,weak_accept_category,Plastic film,Plastic film|Food waste,reject,0.614153,0.385847,0.614153,reject,False
images/accept_weak/taco_00073_Single-use_carrier_bag_d3cc4a34.jpg,,accept_weak,accept,weak_accept_category,Single-use carrier bag,Single-use carrier bag|Shoe,reject,0.730617,0.269383,0.730617,reject,False
images/accept_weak/taco_00074_Garbage_bag_cc5dec47.jpg,,accept_weak,accept,weak_accept_category,Garbage bag,Garbage bag,reject,0.683903,0.316097,0.683903,reject,False
images/accept_weak/taco_00075_Other_plastic_wrapper_bb64b0b7.jpg,,accept_weak,accept,weak_accept_category,Other plastic wrapper,Drink can|Clear plastic bottle|Pop tab|Other plastic wrapper|Plastic film|Aluminium foil|Normal paper|Plastic bottle cap,accept,0.681320,0.681320,0.318680,reject,True
images/accept_weak/taco_00076_Other_plastic_wrapper_9e2bddf6.jpg,,accept_weak,accept,weak_accept_category,Other plastic wrapper,Clear plastic bottle|Other plastic wrapper|Metal bottle cap|Plastic bottle cap|Pop tab,accept,0.757267,0.757267,0.242733,reject,True
images/reject_weak/taco_00077_Plastic_lid_c9c2a8cc.jpg,,reject_weak,reject,weak_reject_category,Plastic lid,Six pack rings|Plastic lid,accept,0.755693,0.755693,0.244308,reject,False
images/reject_weak/taco_00080_Paper_straw_1384911c.jpg,,reject_weak,reject,weak_reject_category,Paper straw,Paper straw|Glass cup,reject,0.963833,0.036167,0.963833,reject,True
images/reject_weak/taco_00081_Corrugated_carton_cdff2416.jpg,,reject_weak,reject,weak_reject_category,Corrugated carton,Corrugated carton|Food waste|Unlabeled litter,reject,0.958595,0.041405,0.958595,reject,True
images/reject_weak/taco_00082_Battery_f0fee36f.jpg,,reject_weak,reject,weak_reject_category,Battery,Aluminium blister pack|Battery|Aerosol|Plastic bottle cap|Squeezable tube,reject,0.912878,0.087122,0.912878,reject,True
images/accept_weak/taco_00083_Plastic_film_71e6f5bf.jpg,,accept_weak,accept,weak_accept_category,Plastic film,Plastic film,accept,0.723028,0.723028,0.276972,reject,True
images/reject_weak/taco_00084_Other_plastic_bottle_29d6819f.jpg,,reject_weak,reject,weak_reject_category,Other plastic bottle,Toilet tube|Other plastic bottle|Plastic bottle cap,reject,0.999811,0.000189,0.999811,reject,True
images/accept_weak/taco_00085_Garbage_bag_c9e1348c.jpg,,accept_weak,accept,weak_accept_category,Garbage bag,Drink can|Garbage bag|Pop tab,accept,0.634032,0.634032,0.365968,reject,True
images/accept_weak/taco_00086_Cigarette_f8b561a2.jpg,,accept_weak,accept,weak_accept_category,Cigarette,Rope & strings|Cigarette,accept,0.724075,0.724075,0.275925,reject,True
images/accept_weak/taco_00087_Other_plastic_wrapper_d115c481.jpg,,accept_weak,accept,weak_accept_category,Other plastic wrapper,Other plastic wrapper|Drink can,accept,0.563533,0.563533,0.436467,reject,True
images/accept_weak/taco_00088_Disposable_food_container_d321cd85.jpg,,accept_weak,accept,weak_accept_category,Disposable food container,Drink can|Disposable food container,accept,0.782902,0.782902,0.217098,accept,True
images/accept_weak/taco_00089_Disposable_food_container_84dd2e5e.jpg,,accept_weak,accept,weak_accept_category,Disposable food container,Meal carton|Clear plastic bottle|Plastic bottle cap|Drink can|Disposable food container|Normal paper|Unlabeled litter|Cigarette,accept,0.786359,0.786359,0.213641,accept,True
images/reject_weak/taco_00090_Paper_cup_baf705f6.jpg,,reject_weak,reject,weak_reject_category,Paper cup,Paper cup|Plastic lid|Unlabeled litter|Normal paper,reject,0.779826,0.220174,0.779826,reject,True
images/accept_weak/taco_00091_Crisp_packet_d7325183.jpg,,accept_weak,accept,weak_accept_category,Crisp packet,Crisp packet,accept,0.914065,0.914065,0.085935,accept,True
images/reject_weak/taco_00092_Food_waste_ad38ae83.jpg,,reject_weak,reject,weak_reject_category,Food waste,Food waste,accept,0.939784,0.939784,0.060216,accept,False
images/accept_weak/taco_00093_Plastic_film_bfca95b3.jpg,,accept_weak,accept,weak_accept_category,Plastic film,Plastic film|Cigarette,accept,0.958068,0.958068,0.041932,accept,True
images/reject_weak/taco_00094_Plastic_bottle_cap_9f441503.jpg,,reject_weak,reject,weak_reject_category,Plastic bottle cap,Plastic bottle cap|Metal bottle cap,accept,0.799227,0.799227,0.200773,accept,False
images/reject_weak/taco_00095_Metal_bottle_cap_832de290.jpg,,reject_weak,reject,weak_reject_category,Metal bottle cap,Metal bottle cap,accept,0.634348,0.634348,0.365652,reject,False
images/reject_weak/taco_00096_Drink_can_83ec39dc.jpg,,reject_weak,reject,weak_reject_category,Drink can,Drink can,accept,0.673400,0.673400,0.326600,reject,False
images/accept_weak/taco_00097_Styrofoam_piece_a67345e5.jpg,,accept_weak,accept,weak_accept_category,Styrofoam piece,Styrofoam piece|Aluminium foil,reject,0.903916,0.096084,0.903916,reject,False
images/accept_weak/taco_00098_Plastic_film_b0b773ca.jpg,,accept_weak,accept,weak_accept_category,Plastic film,Food Can|Plastic film|Garbage bag|Other carton|Disposable food container|Spread tub|Tissues,accept,0.596964,0.596964,0.403036,reject,True
images/accept_weak/taco_00099_Plastic_film_58ff63f7.jpg,,accept_weak,accept,weak_accept_category,Plastic film,Other carton|Drink carton|Drink can|Food Can|Toilet tube|Pop tab|Other plastic bottle|Plastic bottle cap|Plastic film|Aluminium foil,accept,0.569353,0.569353,0.430647,reject,True
images/reject_weak/taco_00100_Corrugated_carton_0c15c118.jpg,,reject_weak,reject,weak_reject_category,Corrugated carton,Corrugated carton|Food Can|Drink carton|Other carton|Egg carton,reject,0.828393,0.171607,0.828393,reject,True
images/reject_weak/taco_00101_Clear_plastic_bottle_ab5ac83a.jpg,,reject_weak,reject,weak_reject_category,Clear plastic bottle,Clear plastic bottle,accept,0.849584,0.849584,0.150416,accept,False
images/reject_weak/taco_00102_Other_plastic_bottle_57825ca5.jpg,,reject_weak,reject,weak_reject_category,Other plastic bottle,Other plastic bottle|Plastic bottle cap|Unlabeled litter|Squeezable tube|Clear plastic bottle,accept,0.667719,0.667719,0.332281,reject,False
images/accept_weak/taco_00103_Plastic_film_d7b411aa.jpg,,accept_weak,accept,weak_accept_category,Plastic film,Unlabeled litter|Other plastic|Clear plastic bottle|Plastic bottle cap|Plastic film,accept,0.814720,0.814720,0.185280,accept,True
images/accept_weak/taco_00104_Plastic_film_76a2f4d7.jpg,,accept_weak,accept,weak_accept_category,Plastic film,Plastic film|Clear plastic bottle|Other plastic wrapper|Disposable plastic cup|Unlabeled litter|Single-use carrier bag,accept,0.819240,0.819240,0.180760,accept,True
images/accept_weak/taco_00105_Single-use_carrier_bag_a2dcc089.jpg,,accept_weak,accept,weak_accept_category,Single-use carrier bag,Single-use carrier bag|Plastic film|Unlabeled litter,accept,0.936319,0.936319,0.063681,accept,True
images/accept_weak/taco_00106_Disposable_food_container_d418d7ec.jpg,,accept_weak,accept,weak_accept_category,Disposable food container,Other plastic container|Disposable food container|Plastic film|Clear plastic bottle|Other plastic wrapper|Other plastic|Unlabeled litter,accept,0.777452,0.777452,0.222548,accept,True
images/accept_weak/taco_00107_Single-use_carrier_bag_37cb96e9.jpg,,accept_weak,accept,weak_accept_category,Single-use carrier bag,Single-use carrier bag|Other plastic|Unlabeled litter,accept,0.960096,0.960096,0.039903,accept,True
images/reject_weak/taco_00108_Other_plastic_container_c973320a.jpg,,reject_weak,reject,weak_reject_category,Other plastic container,Other plastic container|Unlabeled litter,accept,0.836960,0.836960,0.163040,accept,False
images/accept_weak/taco_00109_Plastic_film_ef080cf9.jpg,,accept_weak,accept,weak_accept_category,Plastic film,Plastic film,accept,0.961987,0.961987,0.038013,accept,True
images/accept_weak/taco_00110_Single-use_carrier_bag_7c96d60b.jpg,,accept_weak,accept,weak_accept_category,Single-use carrier bag,Single-use carrier bag|Unlabeled litter,accept,0.850005,0.850005,0.149995,accept,True
images/reject_weak/taco_00111_Clear_plastic_bottle_f25693eb.jpg,,reject_weak,reject,weak_reject_category,Clear plastic bottle,Unlabeled litter|Clear plastic bottle,reject,0.557554,0.442446,0.557554,reject,True
images/accept_weak/taco_00112_Crisp_packet_1f0079a2.jpg,,accept_weak,accept,weak_accept_category,Crisp packet,Glass bottle|Crisp packet|Metal bottle cap|Glass cup|Tissues|Plastic film,reject,0.502586,0.497414,0.502586,reject,False
images/reject_weak/taco_00113_Clear_plastic_bottle_a8f21f35.jpg,,reject_weak,reject,weak_reject_category,Clear plastic bottle,Clear plastic bottle,reject,0.530767,0.469233,0.530767,reject,True
images/reject_weak/taco_00114_Glass_bottle_6f524061.jpg,,reject_weak,reject,weak_reject_category,Glass bottle,Glass bottle,accept,0.842180,0.842180,0.157820,accept,False
images/accept_weak/taco_00115_Tissues_3da7d936.jpg,,accept_weak,accept,weak_accept_category,Tissues,Glass bottle|Tissues,accept,0.810215,0.810215,0.189785,accept,True
images/reject_weak/taco_00116_Drink_can_b025ca09.jpg,,reject_weak,reject,weak_reject_category,Drink can,Drink can|Glass bottle|Clear plastic bottle|Unlabeled litter,accept,0.851443,0.851443,0.148557,accept,False
images/accept_weak/taco_00117_Plastic_film_682fa3de.jpg,,accept_weak,accept,weak_accept_category,Plastic film,Plastic film,accept,0.681621,0.681621,0.318378,reject,True
images/reject_weak/taco_00119_Aluminium_foil_1a6ff48e.jpg,,reject_weak,reject,weak_reject_category,Aluminium foil,Aluminium foil,accept,0.905501,0.905501,0.094499,accept,False
images/reject_weak/taco_00120_Normal_paper_c85a0acf.jpg,,reject_weak,reject,weak_reject_category,Normal paper,Normal paper,accept,0.862915,0.862915,0.137085,accept,False
images/accept_weak/taco_00121_Plastic_film_45983dbb.jpg,,accept_weak,accept,weak_accept_category,Plastic film,Plastic film|Cigarette,accept,0.832382,0.832382,0.167618,accept,True
images/accept_weak/taco_00122_Cigarette_2b36f456.jpg,,accept_weak,accept,weak_accept_category,Cigarette,Glass bottle|Cigarette,accept,0.906067,0.906067,0.093933,accept,True
images/accept_weak/taco_00123_Plastic_film_58f9ca97.jpg,,accept_weak,accept,weak_accept_category,Plastic film,Plastic film|Cigarette|Other plastic wrapper,reject,0.766112,0.233888,0.766112,reject,False
images/reject_weak/taco_00124_Clear_plastic_bottle_c60d33a6.jpg,,reject_weak,reject,weak_reject_category,Clear plastic bottle,Clear plastic bottle,reject,0.749972,0.250028,0.749972,reject,True
images/reject_weak/taco_00126_Drink_can_f2c08397.jpg,,reject_weak,reject,weak_reject_category,Drink can,Drink can,accept,0.898390,0.898390,0.101610,accept,False
images/reject_weak/taco_00127_Egg_carton_f8fb4e27.jpg,,reject_weak,reject,weak_reject_category,Egg carton,Egg carton|Polypropylene bag,accept,0.742338,0.742338,0.257662,reject,False
images/accept_weak/taco_00128_Cigarette_095e854a.jpg,,accept_weak,accept,weak_accept_category,Cigarette,Drink carton|Plastic straw|Cigarette|Other plastic,accept,0.896092,0.896092,0.103908,accept,True
images/reject_weak/taco_00129_Other_plastic_e4dfffcb.jpg,,reject_weak,reject,weak_reject_category,Other plastic,Other plastic,reject,0.679467,0.320533,0.679467,reject,True
images/reject_weak/taco_00130_Clear_plastic_bottle_bb90c754.jpg,,reject_weak,reject,weak_reject_category,Clear plastic bottle,Clear plastic bottle|Scrap metal,reject,0.817706,0.182294,0.817706,reject,True
images/reject_weak/taco_00131_Corrugated_carton_8a9e0077.jpg,,reject_weak,reject,weak_reject_category,Corrugated carton,Corrugated carton,accept,0.587964,0.587964,0.412036,reject,False
images/accept_weak/taco_00132_Cigarette_71b98f73.jpg,,accept_weak,accept,weak_accept_category,Cigarette,Corrugated carton|Cigarette,reject,0.501850,0.498150,0.501850,reject,False
images/accept_weak/taco_00133_Other_plastic_wrapper_ee43a88c.jpg,,accept_weak,accept,weak_accept_category,Other plastic wrapper,Other plastic wrapper,reject,0.595351,0.404649,0.595351,reject,False
images/reject_weak/taco_00134_Plastic_straw_919845e6.jpg,,reject_weak,reject,weak_reject_category,Plastic straw,Plastic straw|Unlabeled litter,accept,0.725346,0.725346,0.274654,reject,False
images/accept_weak/taco_00135_Cigarette_cf339392.jpg,,accept_weak,accept,weak_accept_category,Cigarette,Normal paper|Drink can|Cigarette|Unlabeled litter|Other plastic wrapper,accept,0.750325,0.750325,0.249675,reject,True
images/accept_weak/taco_00136_Tissues_9622027d.jpg,,accept_weak,accept,weak_accept_category,Tissues,Drink can|Pop tab|Tissues|Cigarette|Normal paper|Plastic film,accept,0.973825,0.973825,0.026175,accept,True
images/accept_weak/taco_00137_Cigarette_a9ea7463.jpg,,accept_weak,accept,weak_accept_category,Cigarette,Other carton|Cigarette|Unlabeled litter,accept,0.866222,0.866222,0.133778,accept,True
images/accept_weak/taco_00138_Cigarette_bcdcd744.jpg,,accept_weak,accept,weak_accept_category,Cigarette,Other carton|Cigarette,accept,0.764872,0.764872,0.235128,accept,True
images/reject_weak/taco_00139_Normal_paper_b4ead943.jpg,,reject_weak,reject,weak_reject_category,Normal paper,Normal paper|Magazine paper|Drink carton|Unlabeled litter,reject,0.803674,0.196326,0.803674,reject,True
images/reject_weak/taco_00140_Plastic_bottle_cap_11a437ab.jpg,,reject_weak,reject,weak_reject_category,Plastic bottle cap,Plastic bottle cap,accept,0.852078,0.852078,0.147922,accept,False
images/accept_weak/taco_00141_Plastic_film_003024d8.jpg,,accept_weak,accept,weak_accept_category,Plastic film,Unlabeled litter|Plastic film,accept,0.641708,0.641708,0.358292,reject,True
images/accept_weak/taco_00142_Cigarette_3de390a5.jpg,,accept_weak,accept,weak_accept_category,Cigarette,Cigarette|Plastic film,accept,0.684327,0.684327,0.315673,reject,True
images/accept_weak/taco_00143_Plastic_film_52cf78bd.jpg,,accept_weak,accept,weak_accept_category,Plastic film,Plastic film|Other plastic wrapper,accept,0.596133,0.596133,0.403867,reject,True
images/accept_weak/taco_00144_Cigarette_80358e2a.jpg,,accept_weak,accept,weak_accept_category,Cigarette,Cigarette|Plastic film,accept,0.805672,0.805672,0.194328,accept,True
images/reject_weak/taco_00145_Plastic_straw_b1a4df37.jpg,,reject_weak,reject,weak_reject_category,Plastic straw,Plastic straw,accept,0.829438,0.829438,0.170562,accept,False
images/reject_weak/taco_00146_Plastic_bottle_cap_5007fd73.jpg,,reject_weak,reject,weak_reject_category,Plastic bottle cap,Plastic bottle cap,accept,0.928699,0.928699,0.071301,accept,False
images/reject_weak/taco_00147_Other_carton_6ca2834b.jpg,,reject_weak,reject,weak_reject_category,Other carton,Other carton,accept,0.718467,0.718467,0.281533,reject,False
images/reject_weak/taco_00148_Clear_plastic_bottle_8d1c1332.jpg,,reject_weak,reject,weak_reject_category,Clear plastic bottle,Clear plastic bottle|Unlabeled litter,accept,0.819694,0.819694,0.180306,accept,False
images/accept_weak/taco_00149_Plastic_film_cbe9264d.jpg,,accept_weak,accept,weak_accept_category,Plastic film,Unlabeled litter|Broken glass|Plastic film,accept,0.841226,0.841226,0.158774,accept,True
images/accept_weak/taco_00150_Other_plastic_wrapper_8fb6391b.jpg,,accept_weak,accept,weak_accept_category,Other plastic wrapper,Other plastic wrapper|Unlabeled litter,accept,0.723673,0.723673,0.276327,reject,True
images/accept_weak/taco_00151_Plastic_film_b1b0386e.jpg,,accept_weak,accept,weak_accept_category,Plastic film,Plastic film|Unlabeled litter,accept,0.864297,0.864297,0.135703,accept,True
images/accept_weak/taco_00152_Styrofoam_piece_67d9c2be.jpg,,accept_weak,accept,weak_accept_category,Styrofoam piece,Styrofoam piece,reject,0.655392,0.344608,0.655392,reject,False
images/accept_weak/taco_00154_Plastic_film_50f4e661.jpg,,accept_weak,accept,weak_accept_category,Plastic film,Plastic film,accept,0.699529,0.699529,0.300471,reject,True
images/accept_weak/taco_00155_Plastic_film_1cc1ec79.jpg,,accept_weak,accept,weak_accept_category,Plastic film,Plastic film|Cigarette,accept,0.666491,0.666491,0.333509,reject,True
images/accept_weak/taco_00156_Plastic_film_d5baf3ea.jpg,,accept_weak,accept,weak_accept_category,Plastic film,Plastic film,accept,0.854806,0.854806,0.145194,accept,True
images/accept_weak/taco_00157_Plastic_film_d2c8c9d9.jpg,,accept_weak,accept,weak_accept_category,Plastic film,Plastic film,accept,0.916556,0.916556,0.083444,accept,True
images/accept_weak/taco_00158_Plastic_film_01d4bf80.jpg,,accept_weak,accept,weak_accept_category,Plastic film,Plastic film|Other plastic,accept,0.863006,0.863006,0.136994,accept,True
images/accept_weak/taco_00159_Plastic_film_ac549bf4.jpg,,accept_weak,accept,weak_accept_category,Plastic film,Plastic film,accept,0.842547,0.842547,0.157453,accept,True
images/accept_weak/taco_00160_Plastic_film_fce89847.jpg,,accept_weak,accept,weak_accept_category,Plastic film,Plastic film|Other plastic,accept,0.777675,0.777675,0.222325,accept,True
images/accept_weak/taco_00161_Plastic_film_26051e6e.jpg,,accept_weak,accept,weak_accept_category,Plastic film,Plastic film,accept,0.738274,0.738274,0.261726,reject,True
images/reject_weak/taco_00162_Aluminium_foil_8f0c7455.jpg,,reject_weak,reject,weak_reject_category,Aluminium foil,Aluminium foil,reject,0.601747,0.398253,0.601747,reject,True
images/accept_weak/taco_00163_Plastic_film_edd3ae87.jpg,,accept_weak,accept,weak_accept_category,Plastic film,Plastic film|Unlabeled litter,accept,0.739788,0.739788,0.260212,reject,True
images/accept_weak/taco_00164_Plastic_film_ee27aabb.jpg,,accept_weak,accept,weak_accept_category,Plastic film,Plastic film,accept,0.522851,0.522851,0.477149,reject,True
images/accept_weak/taco_00165_Cigarette_1135793a.jpg,,accept_weak,accept,weak_accept_category,Cigarette,Cigarette,accept,0.877696,0.877696,0.122304,accept,True
images/accept_weak/taco_00166_Plastic_film_ecd1e166.jpg,,accept_weak,accept,weak_accept_category,Plastic film,Plastic film,accept,0.902613,0.902613,0.097387,accept,True
images/accept_weak/taco_00167_Plastic_film_96871e12.jpg,,accept_weak,accept,weak_accept_category,Plastic film,Plastic film,accept,0.854381,0.854381,0.145619,accept,True
images/accept_weak/taco_00168_Plastic_film_1009d9a0.jpg,,accept_weak,accept,weak_accept_category,Plastic film,Plastic film,accept,0.780731,0.780731,0.219269,accept,True
images/accept_weak/taco_00169_Plastic_film_9b77c2f5.jpg,,accept_weak,accept,weak_accept_category,Plastic film,Plastic film,accept,0.780857,0.780857,0.219143,accept,True
images/reject_weak/taco_00172_Other_plastic_b86a4440.jpg,,reject_weak,reject,weak_reject_category,Other plastic,Other plastic|Unlabeled litter,accept,0.908537,0.908537,0.091463,accept,False
images/reject_weak/taco_00173_Other_plastic_e7897872.jpg,,reject_weak,reject,weak_reject_category,Other plastic,Other plastic|Rope & strings,accept,0.703917,0.703917,0.296083,reject,False
images/accept_weak/taco_00174_Plastic_film_5a83799f.jpg,,accept_weak,accept,weak_accept_category,Plastic film,Plastic film,accept,0.803563,0.803563,0.196437,accept,True
images/reject_weak/taco_00175_Other_plastic_291a884a.jpg,,reject_weak,reject,weak_reject_category,Other plastic,Other plastic,accept,0.522558,0.522558,0.477442,reject,False
images/accept_weak/taco_00176_Cigarette_542bc027.jpg,,accept_weak,accept,weak_accept_category,Cigarette,Clear plastic bottle|Cigarette,accept,0.601191,0.601191,0.398809,reject,True
images/accept_weak/taco_00177_Plastic_film_9f54e25e.jpg,,accept_weak,accept,weak_accept_category,Plastic film,Plastic film|Cigarette|Unlabeled litter,accept,0.725390,0.725390,0.274610,reject,True
images/accept_weak/taco_00178_Cigarette_e5df4844.jpg,,accept_weak,accept,weak_accept_category,Cigarette,Cigarette|Plastic film,accept,0.935200,0.935200,0.064800,accept,True
images/reject_weak/taco_00179_Other_plastic_6780e6ff.jpg,,reject_weak,reject,weak_reject_category,Other plastic,Other plastic,accept,0.946428,0.946428,0.053572,accept,False
images/reject_weak/taco_00181_Plastic_straw_3084473c.jpg,,reject_weak,reject,weak_reject_category,Plastic straw,Plastic straw,accept,0.946916,0.946916,0.053085,accept,False
images/accept_weak/taco_00182_Cigarette_e6e45a5c.jpg,,accept_weak,accept,weak_accept_category,Cigarette,Clear plastic bottle|Unlabeled litter|Cigarette,accept,0.817012,0.817012,0.182988,accept,True
images/reject_weak/taco_00183_Other_plastic_77009493.jpg,,reject_weak,reject,weak_reject_category,Other plastic,Other plastic,reject,0.589512,0.410488,0.589512,reject,True
images/accept_weak/taco_00184_Cigarette_91899103.jpg,,accept_weak,accept,weak_accept_category,Cigarette,Meal carton|Cigarette,accept,0.865954,0.865954,0.134046,accept,True
images/accept_weak/taco_00185_Garbage_bag_72c809e0.jpg,,accept_weak,accept,weak_accept_category,Garbage bag,Garbage bag|Other plastic|Unlabeled litter,accept,0.923224,0.923224,0.076776,accept,True
images/accept_weak/taco_00186_Plastic_film_55fdb5c1.jpg,,accept_weak,accept,weak_accept_category,Plastic film,Metal lid|Plastic film|Other plastic wrapper|Unlabeled litter|Broken glass|Metal bottle cap|Corrugated carton,accept,0.888112,0.888112,0.111888,accept,True
images/accept_weak/taco_00187_Other_plastic_wrapper_55f9b384.jpg,,accept_weak,accept,weak_accept_category,Other plastic wrapper,Plastic lid|Other plastic wrapper|Glass bottle|Cigarette|Unlabeled litter,accept,0.676152,0.676152,0.323848,reject,True
images/accept_weak/taco_00188_Cigarette_ec6926c9.jpg,,accept_weak,accept,weak_accept_category,Cigarette,Clear plastic bottle|Cigarette,accept,0.959049,0.959049,0.040951,accept,True
images/accept_weak/taco_00189_Tissues_b499ab3d.jpg,,accept_weak,accept,weak_accept_category,Tissues,Tissues|Other carton,accept,0.887258,0.887258,0.112742,accept,True
images/reject_weak/taco_00190_Disposable_plastic_cup_2d28b548.jpg,,reject_weak,reject,weak_reject_category,Disposable plastic cup,Disposable plastic cup|Unlabeled litter|Rope & strings,accept,0.831076,0.831076,0.168924,accept,False
images/accept_weak/taco_00191_Plastic_film_e1adfc48.jpg,,accept_weak,accept,weak_accept_category,Plastic film,Plastic film|Unlabeled litter,accept,0.520508,0.520508,0.479492,reject,True
images/accept_weak/taco_00192_Tissues_98bda311.jpg,,accept_weak,accept,weak_accept_category,Tissues,Glass bottle|Tissues|Unlabeled litter|Plastic film,accept,0.984797,0.984797,0.015203,accept,True
images/accept_weak/taco_00193_Plastic_film_3052923e.jpg,,accept_weak,accept,weak_accept_category,Plastic film,Plastic film|Unlabeled litter,reject,0.577533,0.422467,0.577533,reject,False
images/accept_weak/taco_00194_Other_plastic_wrapper_3c2e6921.jpg,,accept_weak,accept,weak_accept_category,Other plastic wrapper,Glass bottle|Other plastic wrapper|Unlabeled litter|Cigarette|Plastic film,accept,0.863338,0.863338,0.136662,accept,True
images/reject_weak/taco_00195_Disposable_plastic_cup_57fbcac7.jpg,,reject_weak,reject,weak_reject_category,Disposable plastic cup,Disposable plastic cup|Metal bottle cap|Aluminium blister pack|Unlabeled litter,accept,0.941780,0.941780,0.058220,accept,False
images/accept_weak/taco_00196_Cigarette_4fb8e190.jpg,,accept_weak,accept,weak_accept_category,Cigarette,Cigarette|Aluminium foil,accept,0.968781,0.968781,0.031219,accept,True
images/accept_weak/taco_00197_Cigarette_1c87d62c.jpg,,accept_weak,accept,weak_accept_category,Cigarette,Disposable plastic cup|Cigarette|Broken glass|Unlabeled litter,accept,0.894743,0.894743,0.105257,accept,True
images/reject_weak/taco_00198_Clear_plastic_bottle_d5ca3408.jpg,,reject_weak,reject,weak_reject_category,Clear plastic bottle,Clear plastic bottle|Plastic bottle cap,accept,0.870619,0.870619,0.129381,accept,False
images/accept_weak/taco_00199_Styrofoam_piece_a22ccebc.jpg,,accept_weak,accept,weak_accept_category,Styrofoam piece,Styrofoam piece|Corrugated carton,reject,0.969827,0.030173,0.969827,reject,False
images/accept_weak/taco_00200_Other_plastic_wrapper_7a2388e7.jpg,,accept_weak,accept,weak_accept_category,Other plastic wrapper,Other plastic wrapper,accept,0.661429,0.661429,0.338571,reject,True
images/accept_weak/taco_00201_Styrofoam_piece_d311e175.jpg,,accept_weak,accept,weak_accept_category,Styrofoam piece,Styrofoam piece|Corrugated carton,accept,0.669937,0.669937,0.330063,reject,True
images/accept_weak/taco_00202_Styrofoam_piece_40ada3f4.jpg,,accept_weak,accept,weak_accept_category,Styrofoam piece,Styrofoam piece|Corrugated carton,accept,0.746022,0.746022,0.253978,reject,True
images/accept_weak/taco_00203_Styrofoam_piece_6fc117e8.jpg,,accept_weak,accept,weak_accept_category,Styrofoam piece,Styrofoam piece,accept,0.808137,0.808137,0.191864,accept,True
images/accept_weak/taco_00204_Styrofoam_piece_c7eaa84b.jpg,,accept_weak,accept,weak_accept_category,Styrofoam piece,Corrugated carton|Styrofoam piece,reject,0.964530,0.035470,0.964530,reject,False
images/accept_weak/taco_00205_Styrofoam_piece_dba6bcb9.jpg,,accept_weak,accept,weak_accept_category,Styrofoam piece,Styrofoam piece|Corrugated carton,reject,0.658495,0.341505,0.658495,reject,False
images/accept_weak/taco_00206_Styrofoam_piece_4aac14fe.jpg,,accept_weak,accept,weak_accept_category,Styrofoam piece,Corrugated carton|Styrofoam piece,reject,0.897653,0.102347,0.897653,reject,False
images/reject_weak/taco_00207_Corrugated_carton_06ff35b2.jpg,,reject_weak,reject,weak_reject_category,Corrugated carton,Corrugated carton,reject,0.733907,0.266093,0.733907,reject,True
images/accept_weak/taco_00208_Styrofoam_piece_b696c936.jpg,,accept_weak,accept,weak_accept_category,Styrofoam piece,Styrofoam piece,accept,0.589790,0.589790,0.410210,reject,True
images/accept_weak/taco_00209_Styrofoam_piece_26d91ce4.jpg,,accept_weak,accept,weak_accept_category,Styrofoam piece,Styrofoam piece|Corrugated carton,accept,0.989141,0.989141,0.010859,accept,True
images/accept_weak/taco_00210_Garbage_bag_9146ef69.jpg,,accept_weak,accept,weak_accept_category,Garbage bag,Garbage bag|Corrugated carton,accept,0.586132,0.586132,0.413868,reject,True
images/reject_weak/taco_00211_Corrugated_carton_c956eb44.jpg,,reject_weak,reject,weak_reject_category,Corrugated carton,Corrugated carton,reject,0.802701,0.197299,0.802701,reject,True
images/reject_weak/taco_00212_Pizza_box_29bbfbe4.jpg,,reject_weak,reject,weak_reject_category,Pizza box,Pizza box|Corrugated carton,reject,0.863765,0.136235,0.863765,reject,True
images/reject_weak/taco_00213_Corrugated_carton_9f656148.jpg,,reject_weak,reject,weak_reject_category,Corrugated carton,Corrugated carton,reject,0.999673,0.000327,0.999673,reject,True
images/reject_weak/taco_00214_Corrugated_carton_ae59f747.jpg,,reject_weak,reject,weak_reject_category,Corrugated carton,Corrugated carton,accept,0.877662,0.877662,0.122338,accept,False
images/accept_weak/taco_00215_Styrofoam_piece_fb72b6bf.jpg,,accept_weak,accept,weak_accept_category,Styrofoam piece,Corrugated carton|Styrofoam piece,accept,0.763041,0.763041,0.236959,accept,True
images/accept_weak/taco_00216_Styrofoam_piece_48e1f0f8.jpg,,accept_weak,accept,weak_accept_category,Styrofoam piece,Styrofoam piece|Cigarette,accept,0.879999,0.879999,0.120001,accept,True
images/accept_weak/taco_00217_Styrofoam_piece_f46688d4.jpg,,accept_weak,accept,weak_accept_category,Styrofoam piece,Corrugated carton|Styrofoam piece,reject,0.551243,0.448757,0.551243,reject,False
images/accept_weak/taco_00218_Styrofoam_piece_734fcacb.jpg,,accept_weak,accept,weak_accept_category,Styrofoam piece,Styrofoam piece,reject,0.826083,0.173917,0.826083,reject,False
images/accept_weak/taco_00219_Plastic_film_dd572b42.jpg,,accept_weak,accept,weak_accept_category,Plastic film,Plastic film|Scrap metal,accept,0.846416,0.846416,0.153584,accept,True
images/accept_weak/taco_00220_Styrofoam_piece_f2bdf3cf.jpg,,accept_weak,accept,weak_accept_category,Styrofoam piece,Other plastic bottle|Plastic bottle cap|Styrofoam piece,accept,0.555549,0.555549,0.444451,reject,True
images/reject_weak/taco_00222_Other_plastic_bottle_28a948e1.jpg,,reject_weak,reject,weak_reject_category,Other plastic bottle,Other plastic bottle,reject,0.943798,0.056202,0.943798,reject,True
images/reject_weak/taco_00223_Spread_tub_6478a0ad.jpg,,reject_weak,reject,weak_reject_category,Spread tub,Spread tub,reject,0.546605,0.453395,0.546605,reject,True
images/reject_weak/taco_00224_Plastic_bottle_cap_9c35007b.jpg,,reject_weak,reject,weak_reject_category,Plastic bottle cap,Plastic bottle cap,reject,0.782677,0.217323,0.782677,reject,True
images/reject_weak/taco_00225_Plastic_bottle_cap_faafcc81.jpg,,reject_weak,reject,weak_reject_category,Plastic bottle cap,Plastic bottle cap,reject,0.828407,0.171593,0.828407,reject,True
images/reject_weak/taco_00227_Clear_plastic_bottle_ed98ae58.jpg,,reject_weak,reject,weak_reject_category,Clear plastic bottle,Clear plastic bottle|Plastic bottle cap|Plastic straw,reject,0.859524,0.140476,0.859524,reject,True
images/accept_weak/taco_00229_Styrofoam_piece_1268b8e6.jpg,,accept_weak,accept,weak_accept_category,Styrofoam piece,Styrofoam piece|Other plastic|Single-use carrier bag|Other plastic bottle,accept,0.776244,0.776244,0.223756,accept,True
images/reject_weak/taco_00230_Other_plastic_1d991550.jpg,,reject_weak,reject,weak_reject_category,Other plastic,Other plastic,accept,0.751841,0.751841,0.248159,reject,False
images/accept_weak/taco_00231_Plastic_film_391d3fb6.jpg,,accept_weak,accept,weak_accept_category,Plastic film,Plastic film,accept,0.986552,0.986552,0.013448,accept,True
images/reject_weak/taco_00232_Other_carton_52949235.jpg,,reject_weak,reject,weak_reject_category,Other carton,Other carton,reject,0.773764,0.226236,0.773764,reject,True
images/accept_weak/taco_00233_Plastic_film_2995d5ab.jpg,,accept_weak,accept,weak_accept_category,Plastic film,Plastic film,reject,0.754870,0.245130,0.754870,reject,False
images/accept_weak/taco_00234_Tissues_4893dfde.jpg,,accept_weak,accept,weak_accept_category,Tissues,Tissues,accept,0.668370,0.668370,0.331630,reject,True
images/reject_weak/taco_00235_Other_plastic_bottle_ca973a82.jpg,,reject_weak,reject,weak_reject_category,Other plastic bottle,Other plastic bottle,reject,0.975835,0.024165,0.975835,reject,True
images/accept_weak/taco_00236_Styrofoam_piece_9dbce359.jpg,,accept_weak,accept,weak_accept_category,Styrofoam piece,Styrofoam piece,accept,0.628819,0.628819,0.371181,reject,True
images/reject_weak/taco_00237_Other_plastic_bottle_98f8dabf.jpg,,reject_weak,reject,weak_reject_category,Other plastic bottle,Other plastic bottle,reject,0.998695,0.001305,0.998695,reject,True
images/reject_weak/taco_00238_Magazine_paper_eda80113.jpg,,reject_weak,reject,weak_reject_category,Magazine paper,Magazine paper,accept,0.876599,0.876599,0.123401,accept,False
images/reject_weak/taco_00239_Paper_cup_9446bbb2.jpg,,reject_weak,reject,weak_reject_category,Paper cup,Paper cup,reject,0.621875,0.378125,0.621875,reject,True
images/reject_weak/taco_00240_Meal_carton_1ab430a1.jpg,,reject_weak,reject,weak_reject_category,Meal carton,Meal carton|Unlabeled litter,accept,0.698321,0.698321,0.301679,reject,False
images/accept_weak/taco_00241_Other_plastic_wrapper_fd0d5579.jpg,,accept_weak,accept,weak_accept_category,Other plastic wrapper,Meal carton|Other plastic wrapper|Normal paper,accept,0.894485,0.894485,0.105515,accept,True
images/reject_weak/taco_00242_Drink_can_de24c7a1.jpg,,reject_weak,reject,weak_reject_category,Drink can,Drink can,accept,0.521118,0.521118,0.478882,reject,False
images/reject_weak/taco_00243_Paper_cup_bff6619c.jpg,,reject_weak,reject,weak_reject_category,Paper cup,Paper cup,reject,0.609084,0.390916,0.609084,reject,True
images/accept_weak/taco_00244_Other_plastic_wrapper_c3bbb670.jpg,,accept_weak,accept,weak_accept_category,Other plastic wrapper,Other plastic wrapper,accept,0.681986,0.681986,0.318014,reject,True
images/accept_weak/taco_00245_Garbage_bag_dd92fea9.jpg,,accept_weak,accept,weak_accept_category,Garbage bag,Garbage bag|Plastic film,accept,0.754424,0.754424,0.245576,reject,True
images/accept_weak/taco_00246_Other_plastic_wrapper_fe34cbb3.jpg,,accept_weak,accept,weak_accept_category,Other plastic wrapper,Other plastic wrapper,accept,0.588605,0.588605,0.411395,reject,True
images/accept_weak/taco_00247_Other_plastic_wrapper_97b00f77.jpg,,accept_weak,accept,weak_accept_category,Other plastic wrapper,Paper cup|Other plastic wrapper,accept,0.557365,0.557365,0.442635,reject,True
images/accept_weak/taco_00248_Other_plastic_wrapper_ccabb029.jpg,,accept_weak,accept,weak_accept_category,Other plastic wrapper,Other plastic wrapper,accept,0.826736,0.826736,0.173264,accept,True
images/reject_weak/taco_00249_Drink_can_663f2177.jpg,,reject_weak,reject,weak_reject_category,Drink can,Drink can|Pop tab,accept,0.658983,0.658983,0.341017,reject,False
images/accept_weak/taco_00251_Plastic_film_563d7741.jpg,,accept_weak,accept,weak_accept_category,Plastic film,Plastic film,accept,0.747063,0.747063,0.252937,reject,True
images/accept_weak/taco_00252_Other_plastic_wrapper_032e5b1c.jpg,,accept_weak,accept,weak_accept_category,Other plastic wrapper,Other plastic wrapper,accept,0.899726,0.899726,0.100274,accept,True
images/reject_weak/taco_00253_Plastic_lid_bb3ad123.jpg,,reject_weak,reject,weak_reject_category,Plastic lid,Plastic lid|Paper cup,accept,0.991802,0.991802,0.008198,accept,False
images/accept_weak/taco_00254_Plastic_film_785c4562.jpg,,accept_weak,accept,weak_accept_category,Plastic film,Other carton|Plastic film,accept,0.609525,0.609525,0.390475,reject,True
images/reject_weak/taco_00255_Corrugated_carton_eb511a78.jpg,,reject_weak,reject,weak_reject_category,Corrugated carton,Corrugated carton|Rope & strings,accept,0.611028,0.611028,0.388972,reject,False
images/accept_weak/taco_00256_Styrofoam_piece_f8ed64e7.jpg,,accept_weak,accept,weak_accept_category,Styrofoam piece,Styrofoam piece,accept,0.854124,0.854124,0.145876,accept,True
images/reject_weak/taco_00258_Plastic_bottle_cap_b5848a8b.jpg,,reject_weak,reject,weak_reject_category,Plastic bottle cap,Plastic bottle cap,reject,0.666098,0.333902,0.666098,reject,True
images/accept_weak/taco_00260_Plastic_film_0c0ba320.jpg,,accept_weak,accept,weak_accept_category,Plastic film,Aluminium foil|Unlabeled litter|Plastic film,accept,0.757714,0.757714,0.242286,reject,True
images/reject_weak/taco_00261_Other_plastic_2a5625a5.jpg,,reject_weak,reject,weak_reject_category,Other plastic,Polypropylene bag|Other plastic,accept,0.684604,0.684604,0.315396,reject,False
images/accept_weak/taco_00262_Plastic_film_c9d09fb0.jpg,,accept_weak,accept,weak_accept_category,Plastic film,Plastic film|Unlabeled litter,accept,0.869125,0.869125,0.130875,accept,True
images/accept_weak/taco_00263_Styrofoam_piece_929496d1.jpg,,accept_weak,accept,weak_accept_category,Styrofoam piece,Styrofoam piece,accept,0.793681,0.793681,0.206319,accept,True
images/accept_weak/taco_00264_Single-use_carrier_bag_f6537a3b.jpg,,accept_weak,accept,weak_accept_category,Single-use carrier bag,Single-use carrier bag|Plastic film|Unlabeled litter,accept,0.710084,0.710084,0.289916,reject,True
images/accept_weak/taco_00265_Plastic_film_59c81bc1.jpg,,accept_weak,accept,weak_accept_category,Plastic film,Plastic film,accept,0.528790,0.528790,0.471210,reject,True
images/accept_weak/taco_00266_Single-use_carrier_bag_3336fbae.jpg,,accept_weak,accept,weak_accept_category,Single-use carrier bag,Single-use carrier bag,accept,0.876217,0.876217,0.123783,accept,True
images/accept_weak/taco_00267_Plastic_film_c9a9510f.jpg,,accept_weak,accept,weak_accept_category,Plastic film,Plastic film,accept,0.923847,0.923847,0.076153,accept,True
images/reject_weak/taco_00268_Drink_carton_ac3baf1a.jpg,,reject_weak,reject,weak_reject_category,Drink carton,Drink carton|Plastic straw,accept,0.583108,0.583108,0.416892,reject,False
images/accept_weak/taco_00269_Styrofoam_piece_be37b3d6.jpg,,accept_weak,accept,weak_accept_category,Styrofoam piece,Styrofoam piece,accept,0.557052,0.557052,0.442948,reject,True
images/accept_weak/taco_00270_Plastic_film_807b33b3.jpg,,accept_weak,accept,weak_accept_category,Plastic film,Plastic film|Styrofoam piece,accept,0.769542,0.769542,0.230458,accept,True
images/reject_weak/taco_00271_Clear_plastic_bottle_efee19f9.jpg,,reject_weak,reject,weak_reject_category,Clear plastic bottle,Clear plastic bottle|Plastic bottle cap,accept,0.708408,0.708408,0.291592,reject,False
images/accept_weak/taco_00272_Plastic_film_ea2b1c24.jpg,,accept_weak,accept,weak_accept_category,Plastic film,Plastic film|Styrofoam piece,accept,0.971033,0.971033,0.028967,accept,True
images/accept_weak/taco_00273_Other_plastic_wrapper_18cc0d34.jpg,,accept_weak,accept,weak_accept_category,Other plastic wrapper,Other plastic wrapper,accept,0.595123,0.595123,0.404877,reject,True
images/accept_weak/taco_00274_Plastic_film_885b3a45.jpg,,accept_weak,accept,weak_accept_category,Plastic film,Plastic film|Unlabeled litter,accept,0.687792,0.687792,0.312208,reject,True
images/accept_weak/taco_00275_Styrofoam_piece_83c88073.jpg,,accept_weak,accept,weak_accept_category,Styrofoam piece,Styrofoam piece|Plastic film|Other plastic,accept,0.806239,0.806239,0.193761,accept,True
images/accept_weak/taco_00276_Styrofoam_piece_a4823858.jpg,,accept_weak,accept,weak_accept_category,Styrofoam piece,Styrofoam piece|Clear plastic bottle|Plastic bottle cap|Plastic film,accept,0.710392,0.710392,0.289608,reject,True
images/accept_weak/taco_00277_Styrofoam_piece_029cf87f.jpg,,accept_weak,accept,weak_accept_category,Styrofoam piece,Styrofoam piece|Plastic film,accept,0.595781,0.595781,0.404219,reject,True
images/accept_weak/taco_00278_Styrofoam_piece_2262a2b2.jpg,,accept_weak,accept,weak_accept_category,Styrofoam piece,Styrofoam piece|Unlabeled litter,accept,0.969575,0.969575,0.030424,accept,True
images/accept_weak/taco_00279_Styrofoam_piece_b9de3277.jpg,,accept_weak,accept,weak_accept_category,Styrofoam piece,Styrofoam piece,accept,0.765598,0.765598,0.234402,accept,True
images/accept_weak/taco_00280_Plastic_film_f9f7f237.jpg,,accept_weak,accept,weak_accept_category,Plastic film,Plastic film|Other plastic|Styrofoam piece,accept,0.543377,0.543377,0.456623,reject,True
images/accept_weak/taco_00281_Plastic_film_f9f991f0.jpg,,accept_weak,accept,weak_accept_category,Plastic film,Plastic film|Garbage bag,accept,0.542244,0.542244,0.457756,reject,True
images/accept_weak/taco_00282_Styrofoam_piece_6f6b125e.jpg,,accept_weak,accept,weak_accept_category,Styrofoam piece,Styrofoam piece,accept,0.792944,0.792944,0.207056,accept,True
images/accept_weak/taco_00283_Other_plastic_wrapper_1fa20183.jpg,,accept_weak,accept,weak_accept_category,Other plastic wrapper,Other plastic wrapper|Plastic film,accept,0.900008,0.900008,0.099992,accept,True
images/accept_weak/taco_00284_Plastic_film_2e1458fb.jpg,,accept_weak,accept,weak_accept_category,Plastic film,Plastic film,reject,0.689640,0.310360,0.689640,reject,False
images/accept_weak/taco_00285_Plastic_film_5326badd.jpg,,accept_weak,accept,weak_accept_category,Plastic film,Plastic film,accept,0.730726,0.730726,0.269274,reject,True
images/reject_weak/taco_00286_Plastic_bottle_cap_38b5fee9.jpg,,reject_weak,reject,weak_reject_category,Plastic bottle cap,Plastic bottle cap,accept,0.587800,0.587800,0.412200,reject,False
images/accept_weak/taco_00287_Other_plastic_wrapper_cf9700d3.jpg,,accept_weak,accept,weak_accept_category,Other plastic wrapper,Other plastic wrapper,accept,0.857643,0.857643,0.142357,accept,True
images/accept_weak/taco_00288_Plastic_film_5878fcf1.jpg,,accept_weak,accept,weak_accept_category,Plastic film,Plastic film,accept,0.731473,0.731473,0.268527,reject,True
images/reject_weak/taco_00289_Paper_cup_3aba1880.jpg,,reject_weak,reject,weak_reject_category,Paper cup,Paper cup|Unlabeled litter,accept,0.672430,0.672430,0.327570,reject,False
images/reject_weak/taco_00290_Other_carton_3d927d10.jpg,,reject_weak,reject,weak_reject_category,Other carton,Other carton,reject,0.802055,0.197945,0.802055,reject,True
images/accept_weak/taco_00291_Cigarette_75cca0e1.jpg,,accept_weak,accept,weak_accept_category,Cigarette,Clear plastic bottle|Cigarette,accept,0.871437,0.871437,0.128563,accept,True
images/accept_weak/taco_00292_Cigarette_36b869ce.jpg,,accept_weak,accept,weak_accept_category,Cigarette,Cigarette,accept,0.750576,0.750576,0.249424,reject,True
images/accept_weak/taco_00293_Other_plastic_wrapper_91c10944.jpg,,accept_weak,accept,weak_accept_category,Other plastic wrapper,Other plastic wrapper,accept,0.757297,0.757297,0.242704,reject,True
images/reject_weak/taco_00294_Plastic_bottle_cap_50cf39ef.jpg,,reject_weak,reject,weak_reject_category,Plastic bottle cap,Plastic bottle cap,accept,0.959719,0.959719,0.040281,accept,False
images/reject_weak/taco_00295_Clear_plastic_bottle_0e53660c.jpg,,reject_weak,reject,weak_reject_category,Clear plastic bottle,Clear plastic bottle|Wrapping paper,accept,0.513227,0.513227,0.486773,reject,False
images/accept_weak/taco_00296_Plastic_film_79e7a99b.jpg,,accept_weak,accept,weak_accept_category,Plastic film,Clear plastic bottle|Plastic bottle cap|Other plastic|Plastic film|Unlabeled litter,accept,0.836777,0.836777,0.163223,accept,True
images/accept_weak/taco_00297_Cigarette_be2c4f51.jpg,,accept_weak,accept,weak_accept_category,Cigarette,Drink carton|Plastic straw|Cigarette,accept,0.822961,0.822961,0.177039,accept,True
images/accept_weak/taco_00298_Cigarette_bb3597ce.jpg,,accept_weak,accept,weak_accept_category,Cigarette,Drink carton|Unlabeled litter|Plastic straw|Other plastic container|Cigarette,accept,0.513717,0.513717,0.486283,reject,True
images/accept_weak/taco_00299_Cigarette_7e18002e.jpg,,accept_weak,accept,weak_accept_category,Cigarette,Glass bottle|Cigarette,reject,0.917886,0.082114,0.917886,reject,False
images/reject_weak/taco_00300_Clear_plastic_bottle_8071481e.jpg,,reject_weak,reject,weak_reject_category,Clear plastic bottle,Clear plastic bottle|Plastic bottle cap,accept,0.922594,0.922594,0.077406,accept,False
images/accept_weak/taco_00301_Other_plastic_wrapper_9dce4831.jpg,,accept_weak,accept,weak_accept_category,Other plastic wrapper,Clear plastic bottle|Plastic bottle cap|Other plastic wrapper|Cigarette|Unlabeled litter|Other plastic,accept,0.846999,0.846999,0.153001,accept,True
images/reject_weak/taco_00302_Paper_cup_29d1e81c.jpg,,reject_weak,reject,weak_reject_category,Paper cup,Paper cup|Unlabeled litter,accept,0.796617,0.796617,0.203383,accept,False
images/reject_weak/taco_00303_Plastic_bottle_cap_7b8dc20a.jpg,,reject_weak,reject,weak_reject_category,Plastic bottle cap,Plastic bottle cap,accept,0.570610,0.570610,0.429390,reject,False
images/accept_weak/taco_00304_Cigarette_a3855f27.jpg,,accept_weak,accept,weak_accept_category,Cigarette,Cigarette,reject,0.831667,0.168333,0.831667,reject,False
images/accept_weak/taco_00305_Plastic_film_909a59b0.jpg,,accept_weak,accept,weak_accept_category,Plastic film,Other carton|Plastic film,accept,0.741882,0.741882,0.258118,reject,True
images/accept_weak/taco_00306_Plastic_film_3e86d0ef.jpg,,accept_weak,accept,weak_accept_category,Plastic film,Plastic film,accept,0.667355,0.667355,0.332645,reject,True
images/reject_weak/taco_00307_Plastic_bottle_cap_1f65eced.jpg,,reject_weak,reject,weak_reject_category,Plastic bottle cap,Plastic bottle cap,accept,0.742154,0.742154,0.257846,reject,False
images/accept_weak/taco_00308_Crisp_packet_efac9502.jpg,,accept_weak,accept,weak_accept_category,Crisp packet,Crisp packet|Other plastic wrapper,accept,0.595820,0.595820,0.404180,reject,True
images/reject_weak/taco_00309_Drink_can_7d0bd8d0.jpg,,reject_weak,reject,weak_reject_category,Drink can,Drink can,reject,0.992898,0.007102,0.992898,reject,True
images/accept_weak/taco_00310_Other_plastic_wrapper_65f4355d.jpg,,accept_weak,accept,weak_accept_category,Other plastic wrapper,Other plastic wrapper|Tissues|Plastic straw,reject,0.636052,0.363948,0.636052,reject,False
images/accept_weak/taco_00311_Plastic_film_718a1b63.jpg,,accept_weak,accept,weak_accept_category,Plastic film,Plastic film|Other plastic wrapper,accept,0.632206,0.632206,0.367794,reject,True
images/reject_weak/taco_00312_Wrapping_paper_d3b1fc8f.jpg,,reject_weak,reject,weak_reject_category,Wrapping paper,Wrapping paper,reject,0.927949,0.072051,0.927949,reject,True
images/reject_weak/taco_00313_Clear_plastic_bottle_a1f38df8.jpg,,reject_weak,reject,weak_reject_category,Clear plastic bottle,Clear plastic bottle,accept,0.693148,0.693148,0.306852,reject,False
images/reject_weak/taco_00314_Clear_plastic_bottle_f15cfb99.jpg,,reject_weak,reject,weak_reject_category,Clear plastic bottle,Clear plastic bottle|Plastic bottle cap,reject,0.809143,0.190857,0.809143,reject,True
images/reject_weak/taco_00315_Plastic_bottle_cap_cc1eda30.jpg,,reject_weak,reject,weak_reject_category,Plastic bottle cap,Plastic bottle cap,reject,0.791845,0.208155,0.791845,reject,True
images/accept_weak/taco_00316_Cigarette_8569fb71.jpg,,accept_weak,accept,weak_accept_category,Cigarette,Cigarette|Plastic bottle cap|Scrap metal,accept,0.976423,0.976423,0.023577,accept,True
images/accept_weak/taco_00317_Disposable_food_container_1bd7d4ba.jpg,,accept_weak,accept,weak_accept_category,Disposable food container,Disposable food container,reject,0.510734,0.489266,0.510734,reject,False
images/accept_weak/taco_00318_Crisp_packet_718e7e10.jpg,,accept_weak,accept,weak_accept_category,Crisp packet,Paper cup|Crisp packet|Disposable plastic cup,reject,0.593340,0.406660,0.593340,reject,False
images/reject_weak/taco_00319_Drink_can_0fe41f45.jpg,,reject_weak,reject,weak_reject_category,Drink can,Drink can,accept,0.691229,0.691229,0.308771,reject,False
images/accept_weak/taco_00320_Plastic_film_6705bad4.jpg,,accept_weak,accept,weak_accept_category,Plastic film,Plastic film|Foam cup|Plastic utensils|Clear plastic bottle|Plastic bottle cap|Disposable food container,accept,0.563616,0.563616,0.436384,reject,True
images/accept_weak/taco_00321_Cigarette_4dbf3812.jpg,,accept_weak,accept,weak_accept_category,Cigarette,Cigarette|Paper cup,accept,0.690662,0.690662,0.309338,reject,True
images/reject_weak/taco_00322_Clear_plastic_bottle_7fb3d83a.jpg,,reject_weak,reject,weak_reject_category,Clear plastic bottle,Clear plastic bottle|Other plastic,reject,0.780860,0.219140,0.780860,reject,True
images/reject_weak/taco_00323_Disposable_plastic_cup_f7a4f15f.jpg,,reject_weak,reject,weak_reject_category,Disposable plastic cup,Disposable plastic cup,reject,0.816980,0.183020,0.816980,reject,True
images/reject_weak/taco_00324_Drink_can_c6336f81.jpg,,reject_weak,reject,weak_reject_category,Drink can,Drink can|Unlabeled litter|Other plastic,accept,0.677615,0.677615,0.322385,reject,False
images/accept_weak/taco_00325_Cigarette_d5302a6b.jpg,,accept_weak,accept,weak_accept_category,Cigarette,Clear plastic bottle|Cigarette|Unlabeled litter,accept,0.633399,0.633399,0.366601,reject,True
images/accept_weak/taco_00326_Cigarette_299e730b.jpg,,accept_weak,accept,weak_accept_category,Cigarette,Cigarette|Metal bottle cap|Unlabeled litter|Other plastic,accept,0.573727,0.573727,0.426273,reject,True
images/accept_weak/taco_00327_Cigarette_89f2a85c.jpg,,accept_weak,accept,weak_accept_category,Cigarette,Cigarette|Paper cup|Unlabeled litter|Wrapping paper,accept,0.699471,0.699471,0.300529,reject,True
images/accept_weak/taco_00328_Cigarette_e690f40d.jpg,,accept_weak,accept,weak_accept_category,Cigarette,Paper cup|Cigarette|Other plastic,reject,0.749616,0.250384,0.749616,reject,False
images/accept_weak/taco_00329_Other_plastic_wrapper_06dc00a6.jpg,,accept_weak,accept,weak_accept_category,Other plastic wrapper,Unlabeled litter|Aluminium blister pack|Other plastic wrapper|Plastic straw|Tissues,accept,0.936328,0.936328,0.063672,accept,True
images/reject_weak/taco_00330_Plastic_straw_8ee5daac.jpg,,reject_weak,reject,weak_reject_category,Plastic straw,Plastic straw|Clear plastic bottle|Plastic bottle cap|Normal paper|Unlabeled litter,accept,0.989407,0.989407,0.010593,accept,False
images/accept_weak/taco_00331_Other_plastic_wrapper_e8e2d7ae.jpg,,accept_weak,accept,weak_accept_category,Other plastic wrapper,Unlabeled litter|Other plastic wrapper,accept,0.806208,0.806208,0.193792,accept,True
images/accept_weak/taco_00332_Other_plastic_wrapper_b2bd1e09.jpg,,accept_weak,accept,weak_accept_category,Other plastic wrapper,Other plastic wrapper|Garbage bag|Cigarette|Paper bag|Unlabeled litter,accept,0.961623,0.961623,0.038377,accept,True
images/accept_weak/taco_00333_Cigarette_d25fd8b2.jpg,,accept_weak,accept,weak_accept_category,Cigarette,Cigarette|Other plastic wrapper,accept,0.994007,0.994007,0.005993,accept,True
images/accept_weak/taco_00334_Other_plastic_wrapper_0f2b42f2.jpg,,accept_weak,accept,weak_accept_category,Other plastic wrapper,Other plastic wrapper|Drink carton|Plastic straw|Plastic film|Other plastic bottle|Plastic bottle cap|Other plastic,accept,0.775608,0.775608,0.224393,accept,True
images/accept_weak/taco_00335_Other_plastic_wrapper_6fc86dcd.jpg,,accept_weak,accept,weak_accept_category,Other plastic wrapper,Other plastic wrapper|Other plastic|Drink can|Clear plastic bottle|Plastic bottle cap,accept,0.795980,0.795980,0.204020,accept,True
images/accept_weak/taco_00336_Plastic_film_d3619b9c.jpg,,accept_weak,accept,weak_accept_category,Plastic film,Other carton|Paper cup|Plastic film|Aluminium foil,accept,0.890070,0.890070,0.109930,accept,True
images/accept_weak/taco_00339_Plastic_film_2cc8ff45.jpg,,accept_weak,accept,weak_accept_category,Plastic film,Plastic film|Clear plastic bottle|Unlabeled litter,accept,0.727212,0.727212,0.272788,reject,True
images/accept_weak/taco_00340_Other_plastic_wrapper_94dead4f.jpg,,accept_weak,accept,weak_accept_category,Other plastic wrapper,Normal paper|Other plastic wrapper|Single-use carrier bag,accept,0.548717,0.548717,0.451283,reject,True
images/accept_weak/taco_00341_Plastic_film_91a5e1e6.jpg,,accept_weak,accept,weak_accept_category,Plastic film,Plastic film,accept,0.750586,0.750586,0.249414,reject,True
images/reject_weak/taco_00342_Plastic_bottle_cap_bbea66fa.jpg,,reject_weak,reject,weak_reject_category,Plastic bottle cap,Plastic bottle cap|Unlabeled litter,reject,0.723366,0.276634,0.723366,reject,True
images/reject_weak/taco_00343_Plastic_bottle_cap_9052d177.jpg,,reject_weak,reject,weak_reject_category,Plastic bottle cap,Plastic bottle cap,accept,0.639615,0.639615,0.360385,reject,False
images/accept_weak/taco_00344_Single-use_carrier_bag_06c93fab.jpg,,accept_weak,accept,weak_accept_category,Single-use carrier bag,Drink can|Single-use carrier bag|Plastic film|Other carton|Clear plastic bottle|Plastic bottle cap,accept,0.887170,0.887170,0.112830,accept,True
images/reject_weak/taco_00345_Drink_can_8b1025d9.jpg,,reject_weak,reject,weak_reject_category,Drink can,Drink can,accept,0.721951,0.721951,0.278049,reject,False
images/reject_weak/taco_00346_Clear_plastic_bottle_e0b95c78.jpg,,reject_weak,reject,weak_reject_category,Clear plastic bottle,Clear plastic bottle,reject,0.731653,0.268347,0.731653,reject,True
images/accept_weak/taco_00347_Cigarette_c652d1e8.jpg,,accept_weak,accept,weak_accept_category,Cigarette,Disposable plastic cup|Plastic straw|Plastic lid|Cigarette,accept,0.823866,0.823866,0.176134,accept,True
images/accept_weak/taco_00348_Other_plastic_wrapper_33f99651.jpg,,accept_weak,accept,weak_accept_category,Other plastic wrapper,Corrugated carton|Clear plastic bottle|Plastic bottle cap|Disposable plastic cup|Other plastic wrapper|Plastic film|Cigarette,accept,0.811967,0.811967,0.188034,accept,True
images/reject_weak/taco_00349_Other_plastic_05a2582e.jpg,,reject_weak,reject,weak_reject_category,Other plastic,Other plastic|Rope & strings,accept,0.896269,0.896269,0.103731,accept,False
images/reject_weak/taco_00350_Disposable_plastic_cup_150a85bc.jpg,,reject_weak,reject,weak_reject_category,Disposable plastic cup,Disposable plastic cup|Unlabeled litter,reject,0.533549,0.466451,0.533549,reject,True
images/accept_weak/taco_00351_Cigarette_4f8f519e.jpg,,accept_weak,accept,weak_accept_category,Cigarette,Cigarette|Rope & strings|Plastic bottle cap|Other plastic|Unlabeled litter,accept,0.698633,0.698633,0.301367,reject,True
images/accept_weak/taco_00352_Cigarette_ece55891.jpg,,accept_weak,accept,weak_accept_category,Cigarette,Other plastic|Cigarette|Unlabeled litter,accept,0.698154,0.698154,0.301846,reject,True
images/reject_weak/taco_00353_Disposable_plastic_cup_5064c7c0.jpg,,reject_weak,reject,weak_reject_category,Disposable plastic cup,Disposable plastic cup,accept,0.769287,0.769287,0.230713,accept,False
images/reject_weak/taco_00354_Drink_can_d7574117.jpg,,reject_weak,reject,weak_reject_category,Drink can,Drink can,accept,0.610257,0.610257,0.389743,reject,False
images/reject_weak/taco_00355_Disposable_plastic_cup_f6ffccc9.jpg,,reject_weak,reject,weak_reject_category,Disposable plastic cup,Disposable plastic cup,accept,0.653670,0.653670,0.346330,reject,False
images/accept_weak/taco_00356_Other_plastic_wrapper_68785c5d.jpg,,accept_weak,accept,weak_accept_category,Other plastic wrapper,Other plastic wrapper|Crisp packet,accept,0.852932,0.852932,0.147068,accept,True
images/accept_weak/taco_00357_Other_plastic_wrapper_cdbd2a3c.jpg,,accept_weak,accept,weak_accept_category,Other plastic wrapper,Other plastic wrapper,accept,0.696815,0.696815,0.303185,reject,True
images/accept_weak/taco_00358_Crisp_packet_5905ba82.jpg,,accept_weak,accept,weak_accept_category,Crisp packet,Crisp packet|Plastic film|Unlabeled litter|Glass bottle|Cigarette,accept,0.675310,0.675310,0.324689,reject,True
images/accept_weak/taco_00359_Single-use_carrier_bag_497990d6.jpg,,accept_weak,accept,weak_accept_category,Single-use carrier bag,Single-use carrier bag|Normal paper|Other plastic wrapper|Other carton|Unlabeled litter,accept,0.975281,0.975281,0.024719,accept,True
images/accept_weak/taco_00360_Other_plastic_wrapper_7f2c5ac2.jpg,,accept_weak,accept,weak_accept_category,Other plastic wrapper,Clear plastic bottle|Other plastic wrapper|Plastic bottle cap,reject,0.568874,0.431126,0.568874,reject,False
images/accept_weak/taco_00361_Other_plastic_wrapper_3e19ee1f.jpg,,accept_weak,accept,weak_accept_category,Other plastic wrapper,Other plastic wrapper,accept,0.614894,0.614894,0.385106,reject,True
images/accept_weak/taco_00362_Other_plastic_wrapper_47973753.jpg,,accept_weak,accept,weak_accept_category,Other plastic wrapper,Other plastic wrapper|Plastic film|Unlabeled litter|Crisp packet|Other plastic bottle,accept,0.957810,0.957810,0.042190,accept,True
images/accept_weak/taco_00363_Plastic_film_7b704d5d.jpg,,accept_weak,accept,weak_accept_category,Plastic film,Plastic film|Normal paper|Other plastic wrapper|Unlabeled litter|Plastic straw|Plastic lid|Styrofoam piece|Other plastic container,accept,0.773909,0.773909,0.226091,accept,True
images/accept_weak/taco_00364_Plastic_film_f05a5f1d.jpg,,accept_weak,accept,weak_accept_category,Plastic film,Drink carton|Plastic film,accept,0.635395,0.635395,0.364605,reject,True
images/accept_weak/taco_00365_Plastic_film_8636ac5f.jpg,,accept_weak,accept,weak_accept_category,Plastic film,Plastic film,accept,0.846376,0.846376,0.153624,accept,True
images/accept_weak/taco_00366_Plastic_film_23444775.jpg,,accept_weak,accept,weak_accept_category,Plastic film,Plastic film,reject,0.848887,0.151113,0.848887,reject,False
images/accept_weak/taco_00367_Other_plastic_wrapper_d3233967.jpg,,accept_weak,accept,weak_accept_category,Other plastic wrapper,Carded blister pack|Other plastic wrapper|Unlabeled litter,reject,0.618036,0.381964,0.618036,reject,False
images/reject_weak/taco_00368_Plastic_straw_fc9cded0.jpg,,reject_weak,reject,weak_reject_category,Plastic straw,Plastic straw|Disposable plastic cup,accept,0.743064,0.743064,0.256936,reject,False
images/reject_weak/taco_00369_Glass_bottle_80cbd87a.jpg,,reject_weak,reject,weak_reject_category,Glass bottle,Glass bottle,accept,0.662675,0.662675,0.337325,reject,False
images/accept_weak/taco_00370_Single-use_carrier_bag_da95dea3.jpg,,accept_weak,accept,weak_accept_category,Single-use carrier bag,Single-use carrier bag,accept,0.647201,0.647201,0.352799,reject,True
images/accept_weak/taco_00371_Plastic_film_103c4ad7.jpg,,accept_weak,accept,weak_accept_category,Plastic film,Plastic film,accept,0.712976,0.712976,0.287024,reject,True
images/accept_weak/taco_00372_Single-use_carrier_bag_56ccde92.jpg,,accept_weak,accept,weak_accept_category,Single-use carrier bag,Single-use carrier bag,accept,0.969530,0.969530,0.030470,accept,True
images/reject_weak/taco_00373_Disposable_plastic_cup_ef9e3b08.jpg,,reject_weak,reject,weak_reject_category,Disposable plastic cup,Disposable plastic cup,accept,0.714838,0.714838,0.285162,reject,False
images/accept_weak/taco_00374_Plastic_film_d10cd287.jpg,,accept_weak,accept,weak_accept_category,Plastic film,Plastic film,accept,0.888806,0.888806,0.111194,accept,True
images/accept_weak/taco_00375_Other_plastic_wrapper_31d6f204.jpg,,accept_weak,accept,weak_accept_category,Other plastic wrapper,Disposable plastic cup|Plastic straw|Unlabeled litter|Other plastic wrapper,accept,0.775036,0.775036,0.224964,accept,True
images/reject_weak/taco_00376_Plastic_straw_3412a3e8.jpg,,reject_weak,reject,weak_reject_category,Plastic straw,Plastic straw,accept,0.764185,0.764185,0.235815,accept,False
images/reject_weak/taco_00377_Drink_can_ada8d4a0.jpg,,reject_weak,reject,weak_reject_category,Drink can,Drink can,reject,0.627672,0.372328,0.627672,reject,True
images/reject_weak/taco_00378_Drink_can_583a5507.jpg,,reject_weak,reject,weak_reject_category,Drink can,Drink can,reject,0.833388,0.166612,0.833388,reject,True
images/accept_weak/taco_00379_Other_plastic_wrapper_54611cd6.jpg,,accept_weak,accept,weak_accept_category,Other plastic wrapper,Other plastic wrapper,accept,0.817698,0.817698,0.182302,accept,True
images/reject_weak/taco_00380_Clear_plastic_bottle_2c4e8da1.jpg,,reject_weak,reject,weak_reject_category,Clear plastic bottle,Clear plastic bottle|Plastic bottle cap,reject,0.962343,0.037657,0.962343,reject,True
images/reject_weak/taco_00381_Normal_paper_ab2dd5bd.jpg,,reject_weak,reject,weak_reject_category,Normal paper,Normal paper,accept,0.797684,0.797684,0.202316,accept,False
images/accept_weak/taco_00382_Other_plastic_wrapper_b3fe418d.jpg,,accept_weak,accept,weak_accept_category,Other plastic wrapper,Other plastic wrapper,accept,0.814850,0.814850,0.185150,accept,True
images/accept_weak/taco_00383_Other_plastic_wrapper_2caabe57.jpg,,accept_weak,accept,weak_accept_category,Other plastic wrapper,Other plastic wrapper,accept,0.660161,0.660161,0.339839,reject,True
images/accept_weak/taco_00384_Plastic_film_ec6c85c7.jpg,,accept_weak,accept,weak_accept_category,Plastic film,Plastic film,accept,0.753128,0.753128,0.246872,reject,True
images/accept_weak/taco_00385_Single-use_carrier_bag_1f9b261f.jpg,,accept_weak,accept,weak_accept_category,Single-use carrier bag,Plastic lid|Paper bag|Single-use carrier bag|Clear plastic bottle|Plastic film|Drink can,accept,0.788433,0.788433,0.211567,accept,True
images/accept_weak/taco_00386_Plastic_film_cc6fe241.jpg,,accept_weak,accept,weak_accept_category,Plastic film,Plastic film|Plastic lid|Other plastic,accept,0.897106,0.897106,0.102894,accept,True
images/accept_weak/taco_00387_Plastic_film_a5f33718.jpg,,accept_weak,accept,weak_accept_category,Plastic film,Meal carton|Plastic film|Single-use carrier bag,accept,0.819414,0.819414,0.180586,accept,True
images/accept_weak/taco_00388_Plastic_film_cf98d328.jpg,,accept_weak,accept,weak_accept_category,Plastic film,Disposable plastic cup|Plastic film|Meal carton|Single-use carrier bag,accept,0.743161,0.743161,0.256839,reject,True
images/accept_weak/taco_00389_Plastic_film_dff8a0ff.jpg,,accept_weak,accept,weak_accept_category,Plastic film,Clear plastic bottle|Plastic bottle cap|Plastic lid|Plastic film|Plastic straw|Unlabeled litter|Other plastic wrapper|Foam food container,accept,0.702274,0.702274,0.297726,reject,True
images/accept_weak/taco_00390_Plastic_film_e882573a.jpg,,accept_weak,accept,weak_accept_category,Plastic film,Plastic straw|Plastic film|Disposable plastic cup,accept,0.602125,0.602125,0.397875,reject,True
images/accept_weak/taco_00391_Other_plastic_wrapper_4dd4c4dd.jpg,,accept_weak,accept,weak_accept_category,Other plastic wrapper,Other plastic wrapper|Plastic bottle cap|Clear plastic bottle|Unlabeled litter,accept,0.916926,0.916926,0.083074,accept,True
images/accept_weak/taco_00392_Plastic_film_647e5b8a.jpg,,accept_weak,accept,weak_accept_category,Plastic film,Plastic straw|Plastic lid|Disposable plastic cup|Plastic film|Other plastic wrapper,accept,0.786187,0.786187,0.213812,accept,True
images/accept_weak/taco_00393_Other_plastic_wrapper_fd9637b2.jpg,,accept_weak,accept,weak_accept_category,Other plastic wrapper,Disposable plastic cup|Other plastic wrapper|Plastic lid,accept,0.798032,0.798032,0.201968,accept,True
images/accept_weak/taco_00394_Plastic_film_1836db1a.jpg,,accept_weak,accept,weak_accept_category,Plastic film,Clear plastic bottle|Other plastic|Plastic film|Unlabeled litter,accept,0.784793,0.784793,0.215207,accept,True
images/reject_weak/taco_00395_Plastic_bottle_cap_938efe3d.jpg,,reject_weak,reject,weak_reject_category,Plastic bottle cap,Plastic bottle cap|Clear plastic bottle|Unlabeled litter,reject,0.749809,0.250191,0.749809,reject,True
images/accept_weak/taco_00396_Foam_food_container_5a35177d.jpg,,accept_weak,accept,weak_accept_category,Foam food container,Unlabeled litter|Foam food container,accept,0.835073,0.835073,0.164927,accept,True
images/accept_weak/taco_00397_Single-use_carrier_bag_fb40d155.jpg,,accept_weak,accept,weak_accept_category,Single-use carrier bag,Single-use carrier bag,accept,0.869177,0.869177,0.130823,accept,True
images/accept_weak/taco_00398_Plastic_film_9fc3b538.jpg,,accept_weak,accept,weak_accept_category,Plastic film,Plastic film|Plastic straw|Cigarette,reject,0.765818,0.234182,0.765818,reject,False
images/reject_weak/taco_00399_Normal_paper_1157f879.jpg,,reject_weak,reject,weak_reject_category,Normal paper,Normal paper,accept,0.794745,0.794745,0.205255,accept,False
images/accept_weak/taco_00400_Plastic_film_10a2fa45.jpg,,accept_weak,accept,weak_accept_category,Plastic film,Plastic film,accept,0.698407,0.698407,0.301593,reject,True
images/accept_weak/taco_00402_Plastic_utensils_0f8175c3.jpg,,accept_weak,accept,weak_accept_category,Plastic utensils,Plastic utensils,accept,0.889204,0.889204,0.110796,accept,True
images/reject_weak/taco_00403_Wrapping_paper_30ce96e9.jpg,,reject_weak,reject,weak_reject_category,Wrapping paper,Wrapping paper,accept,0.698743,0.698743,0.301257,reject,False
images/accept_weak/taco_00404_Single-use_carrier_bag_233986b6.jpg,,accept_weak,accept,weak_accept_category,Single-use carrier bag,Single-use carrier bag|Unlabeled litter|Meal carton,accept,0.920942,0.920942,0.079058,accept,True
images/accept_weak/taco_00405_Other_plastic_wrapper_fe7499d5.jpg,,accept_weak,accept,weak_accept_category,Other plastic wrapper,Disposable plastic cup|Plastic straw|Other plastic wrapper,accept,0.782393,0.782393,0.217607,accept,True
images/accept_weak/taco_00406_Other_plastic_wrapper_1724da0d.jpg,,accept_weak,accept,weak_accept_category,Other plastic wrapper,Other plastic wrapper|Plastic film|Other carton,accept,0.793156,0.793156,0.206844,accept,True
images/accept_weak/taco_00407_Other_plastic_wrapper_076fbfa1.jpg,,accept_weak,accept,weak_accept_category,Other plastic wrapper,Other plastic wrapper,accept,0.639761,0.639761,0.360239,reject,True
images/accept_weak/taco_00408_Cigarette_2795b785.jpg,,accept_weak,accept,weak_accept_category,Cigarette,Plastic straw|Cigarette,reject,0.572924,0.427076,0.572924,reject,False
images/accept_weak/taco_00409_Plastic_film_7111218a.jpg,,accept_weak,accept,weak_accept_category,Plastic film,Disposable plastic cup|Plastic lid|Plastic straw|Plastic film,accept,0.664022,0.664022,0.335978,reject,True
images/accept_weak/taco_00410_Other_plastic_wrapper_dd575b80.jpg,,accept_weak,accept,weak_accept_category,Other plastic wrapper,Other plastic wrapper|Plastic film|Other carton|Clear plastic bottle|Plastic bottle cap,accept,0.847010,0.847010,0.152990,accept,True
images/accept_weak/taco_00411_Cigarette_72d693b6.jpg,,accept_weak,accept,weak_accept_category,Cigarette,Disposable plastic cup|Plastic lid|Plastic straw|Cigarette,accept,0.730970,0.730970,0.269030,reject,True
images/accept_weak/taco_00412_Single-use_carrier_bag_4537be68.jpg,,accept_weak,accept,weak_accept_category,Single-use carrier bag,Single-use carrier bag,accept,0.776523,0.776523,0.223477,accept,True
images/reject_weak/taco_00413_Plastic_bottle_cap_a1f648c3.jpg,,reject_weak,reject,weak_reject_category,Plastic bottle cap,Plastic bottle cap,reject,0.584229,0.415771,0.584229,reject,True
images/accept_weak/taco_00414_Other_plastic_wrapper_951f0514.jpg,,accept_weak,accept,weak_accept_category,Other plastic wrapper,Other plastic wrapper|Other plastic bottle|Plastic straw|Drink carton|Unlabeled litter,accept,0.711179,0.711179,0.288821,reject,True
images/accept_weak/taco_00415_Other_plastic_wrapper_dbd374a9.jpg,,accept_weak,accept,weak_accept_category,Other plastic wrapper,Disposable plastic cup|Unlabeled litter|Other plastic wrapper|Other plastic,accept,0.671671,0.671671,0.328329,reject,True
images/accept_weak/taco_00416_Plastic_utensils_a2e13620.jpg,,accept_weak,accept,weak_accept_category,Plastic utensils,Plastic straw|Plastic utensils|Disposable plastic cup|Other plastic wrapper|Other carton,accept,0.836637,0.836637,0.163363,accept,True
images/reject_weak/taco_00417_Drink_carton_8e6fc27a.jpg,,reject_weak,reject,weak_reject_category,Drink carton,Drink carton|Plastic straw,reject,0.748554,0.251446,0.748554,reject,True
images/reject_weak/taco_00418_Disposable_plastic_cup_d39f510b.jpg,,reject_weak,reject,weak_reject_category,Disposable plastic cup,Disposable plastic cup,accept,0.740054,0.740054,0.259946,reject,False
images/accept_weak/taco_00419_Other_plastic_wrapper_3ddf1179.jpg,,accept_weak,accept,weak_accept_category,Other plastic wrapper,Other plastic wrapper,reject,0.995300,0.004700,0.995300,reject,False
images/accept_weak/taco_00420_Plastic_film_48e32848.jpg,,accept_weak,accept,weak_accept_category,Plastic film,Plastic straw|Other plastic|Drink carton|Plastic film,accept,0.623898,0.623898,0.376102,reject,True
images/accept_weak/taco_00421_Plastic_film_ddeab03a.jpg,,accept_weak,accept,weak_accept_category,Plastic film,Plastic straw|Plastic film,accept,0.653072,0.653072,0.346928,reject,True
images/reject_weak/taco_00422_Plastic_straw_aa1d10d3.jpg,,reject_weak,reject,weak_reject_category,Plastic straw,Plastic straw,accept,0.728149,0.728149,0.271851,reject,False
images/accept_weak/taco_00423_Plastic_film_d9e7f9de.jpg,,accept_weak,accept,weak_accept_category,Plastic film,Plastic straw|Disposable plastic cup|Plastic film|Plastic lid|Other plastic,accept,0.775201,0.775201,0.224799,accept,True
images/accept_weak/taco_00424_Other_plastic_wrapper_5323124c.jpg,,accept_weak,accept,weak_accept_category,Other plastic wrapper,Other plastic wrapper,accept,0.618076,0.618076,0.381924,reject,True
images/accept_weak/taco_00425_Plastic_film_577cd57a.jpg,,accept_weak,accept,weak_accept_category,Plastic film,Plastic film,accept,0.859462,0.859462,0.140538,accept,True
images/accept_weak/taco_00426_Plastic_film_e7fea7e8.jpg,,accept_weak,accept,weak_accept_category,Plastic film,Plastic straw|Plastic film|Drink carton|Other plastic wrapper|Unlabeled litter|Cigarette|Other plastic,accept,0.934422,0.934422,0.065578,accept,True
images/reject_weak/taco_00427_Drink_can_8b6873cd.jpg,,reject_weak,reject,weak_reject_category,Drink can,Drink can|Plastic bottle cap|Other plastic bottle,accept,0.591409,0.591409,0.408591,reject,False
images/reject_weak/taco_00428_Drink_can_c72483a8.jpg,,reject_weak,reject,weak_reject_category,Drink can,Drink can|Pop tab,reject,0.616212,0.383788,0.616212,reject,True
images/reject_weak/taco_00429_Plastic_bottle_cap_84bde073.jpg,,reject_weak,reject,weak_reject_category,Plastic bottle cap,Plastic bottle cap|Clear plastic bottle,reject,0.994593,0.005407,0.994593,reject,True
images/accept_weak/taco_00430_Styrofoam_piece_d8593837.jpg,,accept_weak,accept,weak_accept_category,Styrofoam piece,Styrofoam piece,accept,0.717117,0.717117,0.282883,reject,True
images/accept_weak/taco_00432_Plastic_film_97a9ef9d.jpg,,accept_weak,accept,weak_accept_category,Plastic film,Plastic film|Other plastic,accept,0.731155,0.731155,0.268845,reject,True
images/reject_weak/taco_00433_Plastic_lid_7b3846db.jpg,,reject_weak,reject,weak_reject_category,Plastic lid,Plastic lid,accept,0.795776,0.795776,0.204224,accept,False
images/reject_weak/taco_00434_Aluminium_foil_098a91cb.jpg,,reject_weak,reject,weak_reject_category,Aluminium foil,Aluminium foil,accept,0.661417,0.661417,0.338583,reject,False
images/reject_weak/taco_00435_Other_plastic_bottle_dad9c752.jpg,,reject_weak,reject,weak_reject_category,Other plastic bottle,Other plastic bottle,accept,0.646811,0.646811,0.353189,reject,False
images/accept_weak/taco_00436_Other_plastic_wrapper_9aa2de79.jpg,,accept_weak,accept,weak_accept_category,Other plastic wrapper,Other plastic wrapper|Other plastic,accept,0.791244,0.791244,0.208756,accept,True
images/reject_weak/taco_00437_Plastic_bottle_cap_1ee5c34d.jpg,,reject_weak,reject,weak_reject_category,Plastic bottle cap,Plastic bottle cap|Clear plastic bottle,accept,0.909072,0.909072,0.090928,accept,False
images/reject_weak/taco_00438_Drink_can_4159205e.jpg,,reject_weak,reject,weak_reject_category,Drink can,Drink can,reject,0.981311,0.018689,0.981311,reject,True
images/accept_weak/taco_00439_Plastic_film_a12da192.jpg,,accept_weak,accept,weak_accept_category,Plastic film,Plastic film,accept,0.757587,0.757587,0.242413,reject,True
images/reject_weak/taco_00440_Clear_plastic_bottle_2056839b.jpg,,reject_weak,reject,weak_reject_category,Clear plastic bottle,Clear plastic bottle|Plastic bottle cap,reject,0.843718,0.156282,0.843718,reject,True
images/accept_weak/taco_00441_Other_plastic_wrapper_1ae1f4a9.jpg,,accept_weak,accept,weak_accept_category,Other plastic wrapper,Other plastic wrapper,accept,0.795468,0.795468,0.204532,accept,True
images/accept_weak/taco_00442_Plastic_film_36955af1.jpg,,accept_weak,accept,weak_accept_category,Plastic film,Plastic straw|Plastic film,accept,0.660024,0.660024,0.339976,reject,True
images/reject_weak/taco_00443_Clear_plastic_bottle_73b32455.jpg,,reject_weak,reject,weak_reject_category,Clear plastic bottle,Clear plastic bottle,reject,0.890521,0.109479,0.890521,reject,True
images/reject_weak/taco_00444_Clear_plastic_bottle_ed728c9b.jpg,,reject_weak,reject,weak_reject_category,Clear plastic bottle,Clear plastic bottle|Plastic bottle cap,reject,0.717246,0.282754,0.717246,reject,True
images/accept_weak/taco_00445_Plastic_utensils_d81fd89b.jpg,,accept_weak,accept,weak_accept_category,Plastic utensils,Plastic utensils|Other plastic wrapper|Unlabeled litter,accept,0.826702,0.826702,0.173298,accept,True
images/reject_weak/taco_00446_Drink_can_13965f95.jpg,,reject_weak,reject,weak_reject_category,Drink can,Drink can|Pop tab,reject,0.922434,0.077566,0.922434,reject,True
images/accept_weak/taco_00447_Plastic_film_06544904.jpg,,accept_weak,accept,weak_accept_category,Plastic film,Plastic film,accept,0.866789,0.866789,0.133211,accept,True
images/accept_weak/taco_00448_Plastic_utensils_0d4fe2a5.jpg,,accept_weak,accept,weak_accept_category,Plastic utensils,Plastic utensils|Plastic straw,accept,0.745085,0.745085,0.254915,reject,True
images/reject_weak/taco_00449_Drink_carton_a9dfea93.jpg,,reject_weak,reject,weak_reject_category,Drink carton,Drink carton,reject,0.988052,0.011948,0.988052,reject,True
images/accept_weak/taco_00450_Styrofoam_piece_c9207f96.jpg,,accept_weak,accept,weak_accept_category,Styrofoam piece,Styrofoam piece|Rope & strings,accept,0.909177,0.909177,0.090822,accept,True
images/accept_weak/taco_00451_Cigarette_63f498f2.jpg,,accept_weak,accept,weak_accept_category,Cigarette,Unlabeled litter|Cigarette,accept,0.762322,0.762322,0.237678,accept,True
images/accept_weak/taco_00452_Other_plastic_wrapper_db63ffc8.jpg,,accept_weak,accept,weak_accept_category,Other plastic wrapper,Other plastic wrapper,accept,0.832632,0.832632,0.167368,accept,True
images/reject_weak/taco_00453_Other_carton_409884eb.jpg,,reject_weak,reject,weak_reject_category,Other carton,Other carton|Other plastic,reject,0.539770,0.460230,0.539770,reject,True
images/accept_weak/taco_00454_Styrofoam_piece_7bc55532.jpg,,accept_weak,accept,weak_accept_category,Styrofoam piece,Styrofoam piece|Other carton,accept,0.821988,0.821988,0.178012,accept,True
images/reject_weak/taco_00455_Corrugated_carton_01f2bf64.jpg,,reject_weak,reject,weak_reject_category,Corrugated carton,Corrugated carton|Drink can|Pop tab,accept,0.639133,0.639133,0.360867,reject,False
images/reject_weak/taco_00456_Battery_6384ce82.jpg,,reject_weak,reject,weak_reject_category,Battery,Battery,accept,0.912394,0.912394,0.087606,accept,False
images/accept_weak/taco_00457_Tissues_8376cc14.jpg,,accept_weak,accept,weak_accept_category,Tissues,Tissues|Disposable plastic cup|Plastic straw|Plastic lid|Normal paper|Cigarette|Other carton|Paper bag,accept,0.979443,0.979443,0.020557,accept,True
images/accept_weak/taco_00458_Other_plastic_wrapper_c1f0ade5.jpg,,accept_weak,accept,weak_accept_category,Other plastic wrapper,Other plastic wrapper,accept,0.779937,0.779937,0.220063,accept,True
images/accept_weak/taco_00459_Plastic_film_c3c50f1d.jpg,,accept_weak,accept,weak_accept_category,Plastic film,Plastic film,accept,0.708843,0.708843,0.291157,reject,True
images/accept_weak/taco_00460_Disposable_food_container_e45a0207.jpg,,accept_weak,accept,weak_accept_category,Disposable food container,Foam cup|Glass bottle|Plastic lid|Disposable plastic cup|Paper cup|Drink can|Disposable food container|Unlabeled litter|Paper straw,accept,0.544576,0.544576,0.455424,reject,True
images/accept_weak/taco_00461_Plastic_utensils_302d026e.jpg,,accept_weak,accept,weak_accept_category,Plastic utensils,Plastic utensils,accept,0.660729,0.660729,0.339271,reject,True
images/accept_weak/taco_00462_Other_plastic_wrapper_0f72027f.jpg,,accept_weak,accept,weak_accept_category,Other plastic wrapper,Other plastic wrapper,reject,0.585702,0.414298,0.585702,reject,False
images/reject_weak/taco_00463_Scrap_metal_61b2c3b2.jpg,,reject_weak,reject,weak_reject_category,Scrap metal,Scrap metal,accept,0.984651,0.984651,0.015349,accept,False
images/accept_weak/taco_00464_Styrofoam_piece_8641bf20.jpg,,accept_weak,accept,weak_accept_category,Styrofoam piece,Styrofoam piece,accept,0.988430,0.988430,0.011570,accept,True
images/reject_weak/taco_00465_Tupperware_802a7678.jpg,,reject_weak,reject,weak_reject_category,Tupperware,Tupperware,reject,0.515331,0.484668,0.515331,reject,True
images/accept_weak/taco_00466_Plastic_film_09b73746.jpg,,accept_weak,accept,weak_accept_category,Plastic film,Plastic film,accept,0.700622,0.700622,0.299378,reject,True
images/reject_weak/taco_00467_Metal_bottle_cap_9ab84b7f.jpg,,reject_weak,reject,weak_reject_category,Metal bottle cap,Metal bottle cap,reject,0.559540,0.440460,0.559540,reject,True
images/reject_weak/taco_00468_Glass_bottle_df08548d.jpg,,reject_weak,reject,weak_reject_category,Glass bottle,Glass bottle,reject,0.693559,0.306441,0.693559,reject,True
images/reject_weak/taco_00469_Other_plastic_e380a0a4.jpg,,reject_weak,reject,weak_reject_category,Other plastic,Other plastic,reject,0.711462,0.288538,0.711462,reject,True
images/reject_weak/taco_00471_Pop_tab_3f4a5030.jpg,,reject_weak,reject,weak_reject_category,Pop tab,Pop tab,reject,0.932045,0.067955,0.932045,reject,True
images/reject_weak/taco_00472_Other_carton_2d04f385.jpg,,reject_weak,reject,weak_reject_category,Other carton,Other carton,accept,0.535848,0.535848,0.464152,reject,False
images/reject_weak/taco_00473_Other_plastic_162e30af.jpg,,reject_weak,reject,weak_reject_category,Other plastic,Other plastic,accept,0.652252,0.652252,0.347748,reject,False
images/reject_weak/taco_00474_Plastic_bottle_cap_ca84baf9.jpg,,reject_weak,reject,weak_reject_category,Plastic bottle cap,Plastic bottle cap,reject,0.602991,0.397009,0.602991,reject,True
images/accept_weak/taco_00475_Plastic_film_c81b677d.jpg,,accept_weak,accept,weak_accept_category,Plastic film,Plastic film,accept,0.542415,0.542415,0.457585,reject,True
images/reject_weak/taco_00476_Other_plastic_2a9ae1fc.jpg,,reject_weak,reject,weak_reject_category,Other plastic,Other plastic,accept,0.642974,0.642974,0.357026,reject,False
images/accept_weak/taco_00477_Plastic_film_937f0228.jpg,,accept_weak,accept,weak_accept_category,Plastic film,Plastic film,accept,0.821716,0.821716,0.178284,accept,True
images/reject_weak/taco_00478_Metal_bottle_cap_9e1ceb0e.jpg,,reject_weak,reject,weak_reject_category,Metal bottle cap,Metal bottle cap,reject,0.989621,0.010379,0.989621,reject,True
images/accept_weak/taco_00479_Plastic_film_72a18ac2.jpg,,accept_weak,accept,weak_accept_category,Plastic film,Other carton|Plastic film,reject,0.819512,0.180488,0.819512,reject,False
images/reject_weak/taco_00480_Metal_bottle_cap_6519c2b9.jpg,,reject_weak,reject,weak_reject_category,Metal bottle cap,Metal bottle cap,reject,0.579432,0.420568,0.579432,reject,True
images/accept_weak/taco_00481_Single-use_carrier_bag_6d1bcf12.jpg,,accept_weak,accept,weak_accept_category,Single-use carrier bag,Single-use carrier bag|Normal paper,accept,0.968963,0.968963,0.031037,accept,True
images/reject_weak/taco_00482_Metal_bottle_cap_bb934b55.jpg,,reject_weak,reject,weak_reject_category,Metal bottle cap,Metal bottle cap,reject,0.987484,0.012516,0.987484,reject,True
images/reject_weak/taco_00483_Drink_can_9e353d79.jpg,,reject_weak,reject,weak_reject_category,Drink can,Drink can,reject,0.984047,0.015953,0.984047,reject,True
images/accept_weak/taco_00484_Other_plastic_wrapper_aace0446.jpg,,accept_weak,accept,weak_accept_category,Other plastic wrapper,Other plastic wrapper|Plastic film|Unlabeled litter|Cigarette,accept,0.607172,0.607172,0.392828,reject,True
images/reject_weak/taco_00485_Metal_bottle_cap_dde915f0.jpg,,reject_weak,reject,weak_reject_category,Metal bottle cap,Metal bottle cap,reject,0.998583,0.001417,0.998583,reject,True
images/accept_weak/taco_00486_Plastic_film_50ed1068.jpg,,accept_weak,accept,weak_accept_category,Plastic film,Plastic film,reject,0.579635,0.420365,0.579635,reject,False
images/reject_weak/taco_00487_Clear_plastic_bottle_faf9b546.jpg,,reject_weak,reject,weak_reject_category,Clear plastic bottle,Clear plastic bottle,accept,0.753109,0.753109,0.246891,reject,False
images/accept_weak/taco_00488_Cigarette_14bc1e9c.jpg,,accept_weak,accept,weak_accept_category,Cigarette,Cigarette|Other plastic,accept,0.896877,0.896877,0.103123,accept,True
images/reject_weak/taco_00489_Drink_can_0d519e40.jpg,,reject_weak,reject,weak_reject_category,Drink can,Drink can,reject,0.954653,0.045347,0.954653,reject,True
images/accept_weak/taco_00490_Cigarette_fde3ea9c.jpg,,accept_weak,accept,weak_accept_category,Cigarette,Cigarette,accept,0.842227,0.842227,0.157773,accept,True
images/reject_weak/taco_00491_Metal_bottle_cap_ed3686f3.jpg,,reject_weak,reject,weak_reject_category,Metal bottle cap,Metal bottle cap,reject,0.782448,0.217552,0.782448,reject,True
images/reject_weak/taco_00492_Plastic_lid_1b774e6e.jpg,,reject_weak,reject,weak_reject_category,Plastic lid,Plastic lid,reject,0.574602,0.425398,0.574602,reject,True
images/reject_weak/taco_00493_Clear_plastic_bottle_316f93de.jpg,,reject_weak,reject,weak_reject_category,Clear plastic bottle,Clear plastic bottle|Plastic bottle cap,reject,0.908627,0.091373,0.908627,reject,True
images/reject_weak/taco_00494_Clear_plastic_bottle_211715f2.jpg,,reject_weak,reject,weak_reject_category,Clear plastic bottle,Clear plastic bottle,reject,0.694030,0.305970,0.694030,reject,True
images/reject_weak/taco_00495_Drink_can_ca54e4fe.jpg,,reject_weak,reject,weak_reject_category,Drink can,Drink can|Pop tab,reject,0.996887,0.003113,0.996887,reject,True
images/reject_weak/taco_00496_Clear_plastic_bottle_43127155.jpg,,reject_weak,reject,weak_reject_category,Clear plastic bottle,Clear plastic bottle|Plastic bottle cap,reject,0.991569,0.008431,0.991569,reject,True
images/reject_weak/taco_00497_Other_plastic_c3a3bd86.jpg,,reject_weak,reject,weak_reject_category,Other plastic,Other plastic,accept,0.607803,0.607803,0.392197,reject,False
images/reject_weak/taco_00498_Other_plastic_b2f70716.jpg,,reject_weak,reject,weak_reject_category,Other plastic,Other plastic,accept,0.971675,0.971675,0.028325,accept,False
images/accept_weak/taco_00499_Disposable_food_container_005018eb.jpg,,accept_weak,accept,weak_accept_category,Disposable food container,Disposable food container,accept,0.785224,0.785224,0.214776,accept,True
images/accept_weak/taco_00500_Plastic_film_45dd6359.jpg,,accept_weak,accept,weak_accept_category,Plastic film,Plastic film,accept,0.680098,0.680098,0.319902,reject,True
images/accept_weak/taco_00501_Other_plastic_wrapper_a4bce369.jpg,,accept_weak,accept,weak_accept_category,Other plastic wrapper,Other plastic wrapper,accept,0.808883,0.808883,0.191117,accept,True
images/reject_weak/taco_00502_Disposable_plastic_cup_48f0ca87.jpg,,reject_weak,reject,weak_reject_category,Disposable plastic cup,Disposable plastic cup,accept,0.685953,0.685953,0.314047,reject,False
images/reject_weak/taco_00503_Paper_cup_0993a286.jpg,,reject_weak,reject,weak_reject_category,Paper cup,Paper cup|Rope & strings,reject,0.950286,0.049714,0.950286,reject,True
images/accept_weak/taco_00504_Plastic_film_f58a28fc.jpg,,accept_weak,accept,weak_accept_category,Plastic film,Plastic film|Cigarette,accept,0.721150,0.721150,0.278850,reject,True
images/accept_weak/taco_00505_Other_plastic_wrapper_72cd3716.jpg,,accept_weak,accept,weak_accept_category,Other plastic wrapper,Other plastic wrapper,accept,0.755210,0.755210,0.244790,reject,True
images/reject_weak/taco_00506_Plastic_straw_cacfd94d.jpg,,reject_weak,reject,weak_reject_category,Plastic straw,Plastic straw,accept,0.500633,0.500633,0.499367,reject,False
images/reject_weak/taco_00507_Other_plastic_bottle_a5669156.jpg,,reject_weak,reject,weak_reject_category,Other plastic bottle,Other plastic bottle|Plastic bottle cap,reject,0.999229,0.000771,0.999229,reject,True
images/reject_weak/taco_00508_Other_plastic_bottle_9f922e04.jpg,,reject_weak,reject,weak_reject_category,Other plastic bottle,Other plastic bottle|Plastic bottle cap,reject,0.944666,0.055334,0.944666,reject,True
images/reject_weak/taco_00509_Metal_bottle_cap_4f57f2f6.jpg,,reject_weak,reject,weak_reject_category,Metal bottle cap,Metal bottle cap,reject,0.989426,0.010573,0.989426,reject,True
images/reject_weak/taco_00510_Other_plastic_4316e966.jpg,,reject_weak,reject,weak_reject_category,Other plastic,Other plastic|Unlabeled litter,accept,0.966593,0.966593,0.033407,accept,False
images/accept_weak/taco_00511_Plastic_film_005fec89.jpg,,accept_weak,accept,weak_accept_category,Plastic film,Plastic film,accept,0.540781,0.540781,0.459219,reject,True
images/accept_weak/taco_00512_Cigarette_4617d2e8.jpg,,accept_weak,accept,weak_accept_category,Cigarette,Cigarette,accept,0.733956,0.733956,0.266044,reject,True
images/accept_weak/taco_00513_Plastic_film_0791bc0a.jpg,,accept_weak,accept,weak_accept_category,Plastic film,Plastic film,accept,0.615740,0.615740,0.384260,reject,True
images/reject_weak/taco_00514_Clear_plastic_bottle_38bcf645.jpg,,reject_weak,reject,weak_reject_category,Clear plastic bottle,Clear plastic bottle|Plastic bottle cap,reject,0.557522,0.442479,0.557522,reject,True
images/reject_weak/taco_00515_Pop_tab_3cd15b36.jpg,,reject_weak,reject,weak_reject_category,Pop tab,Pop tab,reject,0.609417,0.390583,0.609417,reject,True
images/accept_weak/taco_00516_Plastic_utensils_0fc58770.jpg,,accept_weak,accept,weak_accept_category,Plastic utensils,Plastic utensils|Clear plastic bottle|Unlabeled litter,accept,0.570297,0.570297,0.429703,reject,True
images/accept_weak/taco_00517_Tissues_52632e83.jpg,,accept_weak,accept,weak_accept_category,Tissues,Tissues,accept,0.803297,0.803297,0.196703,accept,True
images/reject_weak/taco_00518_Other_carton_69f98d38.jpg,,reject_weak,reject,weak_reject_category,Other carton,Other carton,reject,0.957378,0.042622,0.957378,reject,True
images/accept_weak/taco_00519_Plastic_film_faf13bb3.jpg,,accept_weak,accept,weak_accept_category,Plastic film,Plastic film,accept,0.574534,0.574534,0.425466,reject,True
images/reject_weak/taco_00520_Clear_plastic_bottle_6f840c8b.jpg,,reject_weak,reject,weak_reject_category,Clear plastic bottle,Clear plastic bottle|Plastic bottle cap,accept,0.552605,0.552605,0.447395,reject,False
images/reject_weak/taco_00521_Other_carton_f423cf28.jpg,,reject_weak,reject,weak_reject_category,Other carton,Other carton,accept,0.510940,0.510940,0.489060,reject,False
images/reject_weak/taco_00522_Drink_can_8c8e9d2f.jpg,,reject_weak,reject,weak_reject_category,Drink can,Drink can|Other plastic bottle|Other carton|Pop tab,accept,0.505892,0.505892,0.494108,reject,False
images/reject_weak/taco_00523_Paper_bag_57f7dceb.jpg,,reject_weak,reject,weak_reject_category,Paper bag,Paper bag|Plastic lid|Paper cup|Wrapping paper,accept,0.614035,0.614035,0.385965,reject,False
images/reject_weak/taco_00524_Clear_plastic_bottle_ee0f8107.jpg,,reject_weak,reject,weak_reject_category,Clear plastic bottle,Clear plastic bottle|Plastic bottle cap,accept,0.804096,0.804096,0.195904,accept,False
images/reject_weak/taco_00525_Drink_can_45fb0a5d.jpg,,reject_weak,reject,weak_reject_category,Drink can,Drink can,accept,0.766805,0.766805,0.233195,accept,False
images/reject_weak/taco_00526_Clear_plastic_bottle_6b12602b.jpg,,reject_weak,reject,weak_reject_category,Clear plastic bottle,Clear plastic bottle|Plastic bottle cap,reject,0.511667,0.488333,0.511667,reject,True
images/accept_weak/taco_00527_Plastic_film_c371db04.jpg,,accept_weak,accept,weak_accept_category,Plastic film,Plastic film,accept,0.922455,0.922455,0.077545,accept,True
images/accept_weak/taco_00528_Plastic_film_ccde25ec.jpg,,accept_weak,accept,weak_accept_category,Plastic film,Plastic film,accept,0.760916,0.760916,0.239084,accept,True
images/accept_weak/taco_00529_Plastic_film_6db65bb2.jpg,,accept_weak,accept,weak_accept_category,Plastic film,Plastic film,accept,0.621127,0.621127,0.378873,reject,True
images/reject_weak/taco_00530_Plastic_bottle_cap_ac4009a1.jpg,,reject_weak,reject,weak_reject_category,Plastic bottle cap,Plastic bottle cap,reject,0.516352,0.483648,0.516352,reject,True
images/reject_weak/taco_00531_Plastic_bottle_cap_4ba0ab8a.jpg,,reject_weak,reject,weak_reject_category,Plastic bottle cap,Plastic bottle cap,accept,0.749335,0.749335,0.250665,reject,False
images/reject_weak/taco_00532_Disposable_plastic_cup_00245c44.jpg,,reject_weak,reject,weak_reject_category,Disposable plastic cup,Disposable plastic cup,accept,0.504160,0.504160,0.495840,reject,False
images/accept_weak/taco_00533_Cigarette_aa01cd6e.jpg,,accept_weak,accept,weak_accept_category,Cigarette,Cigarette|Paper bag,accept,0.831531,0.831531,0.168469,accept,True
images/reject_weak/taco_00534_Disposable_plastic_cup_25f92989.jpg,,reject_weak,reject,weak_reject_category,Disposable plastic cup,Disposable plastic cup,accept,0.806302,0.806302,0.193698,accept,False
images/accept_weak/taco_00535_Plastic_film_c98ffa9f.jpg,,accept_weak,accept,weak_accept_category,Plastic film,Plastic film,accept,0.708638,0.708638,0.291362,reject,True
images/accept_weak/taco_00536_Other_plastic_wrapper_e2aba4f4.jpg,,accept_weak,accept,weak_accept_category,Other plastic wrapper,Other plastic wrapper,accept,0.848955,0.848955,0.151045,accept,True
images/reject_weak/taco_00537_Drink_can_3900d992.jpg,,reject_weak,reject,weak_reject_category,Drink can,Drink can|Pop tab,reject,0.804457,0.195543,0.804457,reject,True
images/reject_weak/taco_00538_Clear_plastic_bottle_1e43b025.jpg,,reject_weak,reject,weak_reject_category,Clear plastic bottle,Clear plastic bottle|Plastic bottle cap|Aluminium foil,accept,0.676294,0.676294,0.323706,reject,False
images/reject_weak/taco_00539_Glass_bottle_15b9eebf.jpg,,reject_weak,reject,weak_reject_category,Glass bottle,Glass bottle,accept,0.507490,0.507490,0.492510,reject,False
images/reject_weak/taco_00540_Glass_bottle_da178cea.jpg,,reject_weak,reject,weak_reject_category,Glass bottle,Glass bottle,accept,0.554659,0.554659,0.445341,reject,False
images/reject_weak/taco_00541_Metal_bottle_cap_8a6d7638.jpg,,reject_weak,reject,weak_reject_category,Metal bottle cap,Metal bottle cap,accept,0.926136,0.926136,0.073864,accept,False
images/reject_weak/taco_00542_Plastic_straw_754cede4.jpg,,reject_weak,reject,weak_reject_category,Plastic straw,Plastic straw,accept,0.954744,0.954744,0.045256,accept,False
images/reject_weak/taco_00543_Other_plastic_bottle_268362d7.jpg,,reject_weak,reject,weak_reject_category,Other plastic bottle,Other plastic bottle|Plastic bottle cap,accept,0.654781,0.654781,0.345219,reject,False
images/reject_weak/taco_00544_Metal_bottle_cap_aa499c35.jpg,,reject_weak,reject,weak_reject_category,Metal bottle cap,Metal bottle cap|Unlabeled litter,accept,0.852224,0.852224,0.147776,accept,False
images/reject_weak/taco_00545_Metal_bottle_cap_12dcdc6c.jpg,,reject_weak,reject,weak_reject_category,Metal bottle cap,Metal bottle cap,accept,0.543768,0.543768,0.456232,reject,False
images/accept_weak/taco_00546_Cigarette_670b8a5d.jpg,,accept_weak,accept,weak_accept_category,Cigarette,Cigarette,accept,0.939047,0.939047,0.060953,accept,True
images/accept_weak/taco_00548_Cigarette_df5b4df5.jpg,,accept_weak,accept,weak_accept_category,Cigarette,Drink can|Pop tab|Cigarette,reject,0.601918,0.398082,0.601918,reject,False
images/accept_weak/taco_00549_Plastic_film_158d51ed.jpg,,accept_weak,accept,weak_accept_category,Plastic film,Clear plastic bottle|Plastic film,reject,0.838989,0.161011,0.838989,reject,False
images/reject_weak/taco_00550_Broken_glass_19d6cb10.jpg,,reject_weak,reject,weak_reject_category,Broken glass,Broken glass,accept,0.645239,0.645239,0.354761,reject,False
images/reject_weak/taco_00552_Plastic_bottle_cap_bfb4c42f.jpg,,reject_weak,reject,weak_reject_category,Plastic bottle cap,Plastic bottle cap,reject,0.565632,0.434368,0.565632,reject,True
images/accept_weak/taco_00553_Styrofoam_piece_fa615138.jpg,,accept_weak,accept,weak_accept_category,Styrofoam piece,Styrofoam piece,accept,0.825779,0.825779,0.174221,accept,True
images/reject_weak/taco_00554_Other_plastic_0c7f387d.jpg,,reject_weak,reject,weak_reject_category,Other plastic,Other plastic,accept,0.619354,0.619354,0.380646,reject,False
images/reject_weak/taco_00555_Other_plastic_208cfd33.jpg,,reject_weak,reject,weak_reject_category,Other plastic,Other plastic,accept,0.741720,0.741720,0.258280,reject,False
images/reject_weak/taco_00557_Plastic_bottle_cap_389c470b.jpg,,reject_weak,reject,weak_reject_category,Plastic bottle cap,Plastic bottle cap,accept,0.736990,0.736990,0.263010,reject,False
images/accept_weak/taco_00558_Plastic_film_832d1631.jpg,,accept_weak,accept,weak_accept_category,Plastic film,Plastic film,accept,0.809792,0.809792,0.190208,accept,True
images/accept_weak/taco_00559_Styrofoam_piece_33acb63f.jpg,,accept_weak,accept,weak_accept_category,Styrofoam piece,Styrofoam piece,accept,0.716728,0.716728,0.283272,reject,True
images/reject_weak/taco_00560_Other_carton_f15915f4.jpg,,reject_weak,reject,weak_reject_category,Other carton,Other carton,accept,0.658449,0.658449,0.341551,reject,False
images/reject_weak/taco_00561_Other_plastic_e8f9bc06.jpg,,reject_weak,reject,weak_reject_category,Other plastic,Other plastic,accept,0.796807,0.796807,0.203193,accept,False
images/reject_weak/taco_00562_Normal_paper_a7817620.jpg,,reject_weak,reject,weak_reject_category,Normal paper,Normal paper,reject,0.918678,0.081322,0.918678,reject,True
images/accept_weak/taco_00563_Plastic_film_10155ba6.jpg,,accept_weak,accept,weak_accept_category,Plastic film,Plastic film|Other carton,accept,0.663562,0.663562,0.336438,reject,True
images/accept_weak/taco_00565_Plastic_film_e57e6464.jpg,,accept_weak,accept,weak_accept_category,Plastic film,Plastic film,accept,0.768887,0.768887,0.231113,accept,True
images/accept_weak/taco_00566_Other_plastic_wrapper_b14ef60e.jpg,,accept_weak,accept,weak_accept_category,Other plastic wrapper,Other plastic wrapper,accept,0.530366,0.530366,0.469634,reject,True
images/reject_weak/taco_00567_Disposable_plastic_cup_edc86e82.jpg,,reject_weak,reject,weak_reject_category,Disposable plastic cup,Disposable plastic cup,accept,0.687411,0.687411,0.312589,reject,False
images/accept_weak/taco_00568_Other_plastic_wrapper_4ec7e1de.jpg,,accept_weak,accept,weak_accept_category,Other plastic wrapper,Other plastic wrapper|Plastic film,accept,0.668307,0.668307,0.331693,reject,True
images/accept_weak/taco_00569_Other_plastic_wrapper_c2007816.jpg,,accept_weak,accept,weak_accept_category,Other plastic wrapper,Other plastic wrapper,accept,0.668287,0.668287,0.331713,reject,True
images/reject_weak/taco_00570_Drink_can_d6eeca2e.jpg,,reject_weak,reject,weak_reject_category,Drink can,Drink can|Pop tab,reject,0.658432,0.341568,0.658432,reject,True
images/reject_weak/taco_00571_Other_plastic_947bf565.jpg,,reject_weak,reject,weak_reject_category,Other plastic,Other plastic,accept,0.593325,0.593325,0.406675,reject,False
images/reject_weak/taco_00572_Other_carton_b60b025b.jpg,,reject_weak,reject,weak_reject_category,Other carton,Other carton,reject,0.593361,0.406639,0.593361,reject,True
images/reject_weak/taco_00573_Normal_paper_a89200fc.jpg,,reject_weak,reject,weak_reject_category,Normal paper,Normal paper,accept,0.531160,0.531160,0.468840,reject,False
images/reject_weak/taco_00574_Other_plastic_d935cbe2.jpg,,reject_weak,reject,weak_reject_category,Other plastic,Other plastic,accept,0.808512,0.808512,0.191488,accept,False
images/accept_weak/taco_00575_Styrofoam_piece_75dfbefb.jpg,,accept_weak,accept,weak_accept_category,Styrofoam piece,Styrofoam piece,accept,0.573891,0.573891,0.426109,reject,True
images/reject_weak/taco_00576_Metal_bottle_cap_1ce71ef7.jpg,,reject_weak,reject,weak_reject_category,Metal bottle cap,Metal bottle cap,accept,0.549080,0.549080,0.450920,reject,False
images/reject_weak/taco_00578_Other_plastic_bottle_a067e361.jpg,,reject_weak,reject,weak_reject_category,Other plastic bottle,Other plastic bottle|Plastic bottle cap,accept,0.625575,0.625575,0.374425,reject,False
images/reject_weak/taco_00579_Plastic_bottle_cap_2c3b89dd.jpg,,reject_weak,reject,weak_reject_category,Plastic bottle cap,Plastic bottle cap,accept,0.685997,0.685997,0.314003,reject,False
images/reject_weak/taco_00580_Clear_plastic_bottle_fee79482.jpg,,reject_weak,reject,weak_reject_category,Clear plastic bottle,Clear plastic bottle|Drink can|Other plastic,accept,0.697685,0.697685,0.302315,reject,False
images/reject_weak/taco_00581_Other_plastic_43100b91.jpg,,reject_weak,reject,weak_reject_category,Other plastic,Other plastic,accept,0.984324,0.984324,0.015676,accept,False
images/reject_weak/taco_00582_Glass_bottle_7edddce4.jpg,,reject_weak,reject,weak_reject_category,Glass bottle,Glass bottle|Drink can|Scrap metal|Unlabeled litter,accept,0.905192,0.905192,0.094808,accept,False
images/accept_weak/taco_00584_Other_plastic_wrapper_7eab1451.jpg,,accept_weak,accept,weak_accept_category,Other plastic wrapper,Other plastic wrapper|Unlabeled litter,accept,0.773071,0.773071,0.226929,accept,True
images/accept_weak/taco_00585_Other_plastic_wrapper_bf1aba81.jpg,,accept_weak,accept,weak_accept_category,Other plastic wrapper,Other plastic wrapper,accept,0.849213,0.849213,0.150787,accept,True
images/accept_weak/taco_00586_Other_plastic_wrapper_94642d58.jpg,,accept_weak,accept,weak_accept_category,Other plastic wrapper,Other plastic wrapper,accept,0.842605,0.842605,0.157395,accept,True
images/accept_weak/taco_00587_Plastic_film_93fa8e33.jpg,,accept_weak,accept,weak_accept_category,Plastic film,Plastic film,accept,0.511045,0.511045,0.488955,reject,True
images/accept_weak/taco_00588_Other_plastic_wrapper_54985de5.jpg,,accept_weak,accept,weak_accept_category,Other plastic wrapper,Other plastic wrapper|Plastic straw,accept,0.683190,0.683190,0.316810,reject,True
images/accept_weak/taco_00589_Styrofoam_piece_171d59d9.jpg,,accept_weak,accept,weak_accept_category,Styrofoam piece,Other plastic|Styrofoam piece,accept,0.760325,0.760325,0.239675,accept,True
images/accept_weak/taco_00590_Other_plastic_wrapper_522a1d6a.jpg,,accept_weak,accept,weak_accept_category,Other plastic wrapper,Other plastic wrapper,accept,0.810680,0.810680,0.189320,accept,True
images/accept_weak/taco_00591_Other_plastic_wrapper_863e33d5.jpg,,accept_weak,accept,weak_accept_category,Other plastic wrapper,Other plastic wrapper,reject,0.656447,0.343553,0.656447,reject,False
images/reject_weak/taco_00592_Plastic_bottle_cap_eac601f0.jpg,,reject_weak,reject,weak_reject_category,Plastic bottle cap,Plastic bottle cap,accept,0.609516,0.609516,0.390484,reject,False
images/reject_weak/taco_00593_Meal_carton_9e29a93b.jpg,,reject_weak,reject,weak_reject_category,Meal carton,Meal carton,accept,0.686708,0.686708,0.313292,reject,False
images/accept_weak/taco_00594_Other_plastic_wrapper_819c339d.jpg,,accept_weak,accept,weak_accept_category,Other plastic wrapper,Other plastic|Other plastic wrapper|Unlabeled litter,accept,0.603799,0.603799,0.396202,reject,True
images/reject_weak/taco_00595_Other_plastic_bottle_7adcd82c.jpg,,reject_weak,reject,weak_reject_category,Other plastic bottle,Other plastic bottle|Plastic bottle cap|Food Can|Pop tab,accept,0.679159,0.679159,0.320841,reject,False
images/reject_weak/taco_00596_Normal_paper_326a1d50.jpg,,reject_weak,reject,weak_reject_category,Normal paper,Normal paper,accept,0.584862,0.584862,0.415138,reject,False
images/reject_weak/taco_00597_Glass_bottle_890c6c0e.jpg,,reject_weak,reject,weak_reject_category,Glass bottle,Glass bottle,accept,0.958126,0.958126,0.041874,accept,False
images/reject_weak/taco_00598_Broken_glass_a02c0314.jpg,,reject_weak,reject,weak_reject_category,Broken glass,Broken glass,accept,0.695288,0.695288,0.304712,reject,False
images/reject_weak/taco_00600_Plastic_lid_9b3c973f.jpg,,reject_weak,reject,weak_reject_category,Plastic lid,Plastic lid|Unlabeled litter,accept,0.690668,0.690668,0.309332,reject,False
images/reject_weak/taco_00601_Drink_can_dccf28fe.jpg,,reject_weak,reject,weak_reject_category,Drink can,Foam cup|Drink can|Pop tab|Unlabeled litter,accept,0.544168,0.544168,0.455832,reject,False
images/reject_weak/taco_00602_Plastic_bottle_cap_daf22d67.jpg,,reject_weak,reject,weak_reject_category,Plastic bottle cap,Plastic bottle cap,accept,0.767622,0.767622,0.232378,accept,False
images/reject_weak/taco_00603_Paper_cup_a23a0b26.jpg,,reject_weak,reject,weak_reject_category,Paper cup,Paper cup|Plastic straw,accept,0.742416,0.742416,0.257584,reject,False
images/reject_weak/taco_00604_Other_plastic_bottle_2b910c83.jpg,,reject_weak,reject,weak_reject_category,Other plastic bottle,Unlabeled litter|Other plastic bottle,accept,0.644647,0.644647,0.355353,reject,False
images/reject_weak/taco_00605_Glass_bottle_a6d0d0e1.jpg,,reject_weak,reject,weak_reject_category,Glass bottle,Glass bottle|Other plastic,accept,0.600249,0.600249,0.399751,reject,False
images/accept_weak/taco_00606_Single-use_carrier_bag_fb41a41b.jpg,,accept_weak,accept,weak_accept_category,Single-use carrier bag,Single-use carrier bag|Unlabeled litter,accept,0.751525,0.751525,0.248475,reject,True
images/reject_weak/taco_00607_Disposable_plastic_cup_3276a7d8.jpg,,reject_weak,reject,weak_reject_category,Disposable plastic cup,Disposable plastic cup|Plastic lid,accept,0.611550,0.611550,0.388450,reject,False
images/accept_weak/taco_00608_Plastic_film_51c791ab.jpg,,accept_weak,accept,weak_accept_category,Plastic film,Normal paper|Meal carton|Plastic film|Tissues|Other plastic|Unlabeled litter,accept,0.633627,0.633627,0.366373,reject,True
images/reject_weak/taco_00609_Wrapping_paper_6366093b.jpg,,reject_weak,reject,weak_reject_category,Wrapping paper,Wrapping paper,accept,0.706233,0.706233,0.293767,reject,False
images/reject_weak/taco_00610_Other_carton_ef4ef937.jpg,,reject_weak,reject,weak_reject_category,Other carton,Other carton|Unlabeled litter|Other plastic,accept,0.658042,0.658042,0.341958,reject,False
images/reject_weak/taco_00611_Other_plastic_dfe61552.jpg,,reject_weak,reject,weak_reject_category,Other plastic,Other plastic|Paper bag|Unlabeled litter,accept,0.616865,0.616865,0.383135,reject,False
images/accept_weak/taco_00612_Plastic_film_f0c00314.jpg,,accept_weak,accept,weak_accept_category,Plastic film,Plastic film|Cigarette,reject,0.752718,0.247282,0.752718,reject,False
images/accept_weak/taco_00613_Other_plastic_wrapper_9bab0bf8.jpg,,accept_weak,accept,weak_accept_category,Other plastic wrapper,Plastic lid|Other plastic wrapper,accept,0.808684,0.808684,0.191316,accept,True
images/accept_weak/taco_00614_Disposable_food_container_96aa7d40.jpg,,accept_weak,accept,weak_accept_category,Disposable food container,Drink can|Pop tab|Plastic bottle cap|Unlabeled litter|Disposable food container,accept,0.803443,0.803443,0.196557,accept,True
images/accept_weak/taco_00615_Plastic_utensils_ce9d640e.jpg,,accept_weak,accept,weak_accept_category,Plastic utensils,Plastic utensils,accept,0.757139,0.757139,0.242861,reject,True
images/accept_weak/taco_00616_Plastic_film_764753ca.jpg,,accept_weak,accept,weak_accept_category,Plastic film,Glass bottle|Unlabeled litter|Clear plastic bottle|Disposable plastic cup|Plastic bottle cap|Plastic film,accept,0.729960,0.729960,0.270040,reject,True
images/accept_weak/taco_00617_Cigarette_1aec8bfb.jpg,,accept_weak,accept,weak_accept_category,Cigarette,Broken glass|Cigarette,reject,0.518515,0.481485,0.518515,reject,False
images/accept_weak/taco_00618_Cigarette_c1265015.jpg,,accept_weak,accept,weak_accept_category,Cigarette,Clear plastic bottle|Plastic bottle cap|Plastic straw|Cigarette,accept,0.830269,0.830269,0.169731,accept,True
images/reject_weak/taco_00619_Glass_bottle_8424c6d1.jpg,,reject_weak,reject,weak_reject_category,Glass bottle,Glass bottle|Unlabeled litter,reject,0.606828,0.393172,0.606828,reject,True
images/accept_weak/taco_00620_Plastic_utensils_c6207215.jpg,,accept_weak,accept,weak_accept_category,Plastic utensils,Unlabeled litter|Disposable plastic cup|Clear plastic bottle|Plastic utensils,accept,0.762784,0.762784,0.237216,accept,True
images/reject_weak/taco_00621_Drink_can_7ae9c3fa.jpg,,reject_weak,reject,weak_reject_category,Drink can,Drink can|Pop tab|Unlabeled litter,reject,0.508321,0.491679,0.508321,reject,True
images/accept_weak/taco_00622_Styrofoam_piece_c9b464ba.jpg,,accept_weak,accept,weak_accept_category,Styrofoam piece,Styrofoam piece|Other plastic wrapper,accept,0.708673,0.708673,0.291327,reject,True
images/accept_weak/taco_00623_Plastic_film_3ebe8dcd.jpg,,accept_weak,accept,weak_accept_category,Plastic film,Plastic film|Styrofoam piece|Other plastic wrapper|Broken glass|Unlabeled litter,accept,0.734266,0.734266,0.265734,reject,True
images/reject_weak/taco_00624_Wrapping_paper_4ed08531.jpg,,reject_weak,reject,weak_reject_category,Wrapping paper,Wrapping paper|Plastic straw,accept,0.739056,0.739056,0.260944,reject,False
images/accept_weak/taco_00625_Cigarette_7be41cc3.jpg,,accept_weak,accept,weak_accept_category,Cigarette,Pop tab|Other plastic|Unlabeled litter|Cigarette,accept,0.548587,0.548587,0.451413,reject,True
images/accept_weak/taco_00626_Cigarette_edb08358.jpg,,accept_weak,accept,weak_accept_category,Cigarette,Pop tab|Cigarette,reject,0.650891,0.349109,0.650891,reject,False
images/accept_weak/taco_00627_Plastic_film_4f1a1001.jpg,,accept_weak,accept,weak_accept_category,Plastic film,Plastic film|Other plastic,accept,0.583599,0.583599,0.416401,reject,True
images/reject_weak/taco_00628_Plastic_lid_185465a5.jpg,,reject_weak,reject,weak_reject_category,Plastic lid,Plastic lid,reject,0.654550,0.345450,0.654550,reject,True
images/accept_weak/taco_00629_Cigarette_5c94231e.jpg,,accept_weak,accept,weak_accept_category,Cigarette,Plastic straw|Plastic bottle cap|Unlabeled litter|Cigarette|Other plastic|Other plastic wrapper|Wrapping paper,accept,0.846234,0.846234,0.153766,accept,True
images/accept_weak/taco_00630_Plastic_film_e347c3c2.jpg,,accept_weak,accept,weak_accept_category,Plastic film,Plastic film|Plastic bottle cap|Plastic straw|Unlabeled litter|Cigarette|Plastic utensils|Other plastic wrapper|Disposable food container|Tissues,accept,0.827824,0.827824,0.172176,accept,True
images/accept_weak/taco_00631_Cigarette_1a05adf9.jpg,,accept_weak,accept,weak_accept_category,Cigarette,Cigarette|Drink can,accept,0.789567,0.789567,0.210433,accept,True
images/accept_weak/taco_00632_Cigarette_2851659b.jpg,,accept_weak,accept,weak_accept_category,Cigarette,Cigarette|Plastic film|Unlabeled litter,accept,0.715750,0.715750,0.284250,reject,True
images/accept_weak/taco_00633_Plastic_film_14118dc3.jpg,,accept_weak,accept,weak_accept_category,Plastic film,Foam cup|Paper cup|Unlabeled litter|Plastic film,accept,0.653050,0.653050,0.346950,reject,True
images/reject_weak/taco_00634_Plastic_lid_2b5f2819.jpg,,reject_weak,reject,weak_reject_category,Plastic lid,Plastic lid,reject,0.772870,0.227130,0.772870,reject,True
images/reject_weak/taco_00635_Plastic_lid_8f04bcec.jpg,,reject_weak,reject,weak_reject_category,Plastic lid,Plastic lid,accept,0.669389,0.669389,0.330611,reject,False
images/reject_weak/taco_00636_Drink_can_36b8cd12.jpg,,reject_weak,reject,weak_reject_category,Drink can,Drink can|Unlabeled litter,accept,0.573638,0.573638,0.426362,reject,False
images/reject_weak/taco_00637_Paper_cup_bae1acbd.jpg,,reject_weak,reject,weak_reject_category,Paper cup,Paper cup|Plastic lid|Unlabeled litter|Broken glass,reject,0.760479,0.239521,0.760479,reject,True
images/reject_weak/taco_00638_Paper_cup_4a875ae9.jpg,,reject_weak,reject,weak_reject_category,Paper cup,Paper cup,accept,0.910309,0.910309,0.089691,accept,False
images/accept_weak/taco_00639_Plastic_utensils_f66da97a.jpg,,accept_weak,accept,weak_accept_category,Plastic utensils,Plastic utensils|Other plastic|Metal bottle cap,accept,0.965182,0.965182,0.034818,accept,True
images/accept_weak/taco_00640_Other_plastic_wrapper_a0d10422.jpg,,accept_weak,accept,weak_accept_category,Other plastic wrapper,Other plastic wrapper,accept,0.522630,0.522630,0.477370,reject,True
images/reject_weak/taco_00641_Disposable_plastic_cup_0d692e9b.jpg,,reject_weak,reject,weak_reject_category,Disposable plastic cup,Disposable plastic cup,accept,0.743810,0.743810,0.256190,reject,False
images/accept_weak/taco_00642_Tissues_8f7f4c21.jpg,,accept_weak,accept,weak_accept_category,Tissues,Tissues|Cigarette,reject,0.543236,0.456764,0.543236,reject,False
images/reject_weak/taco_00643_Disposable_plastic_cup_19b3aeb8.jpg,,reject_weak,reject,weak_reject_category,Disposable plastic cup,Disposable plastic cup,accept,0.824151,0.824151,0.175849,accept,False
images/reject_weak/taco_00644_Other_plastic_f11d3da7.jpg,,reject_weak,reject,weak_reject_category,Other plastic,Other plastic,accept,0.607184,0.607184,0.392816,reject,False
images/reject_weak/taco_00645_Metal_bottle_cap_f3e48373.jpg,,reject_weak,reject,weak_reject_category,Metal bottle cap,Metal bottle cap,accept,0.639175,0.639175,0.360825,reject,False
images/accept_weak/taco_00646_Styrofoam_piece_733e5f4a.jpg,,accept_weak,accept,weak_accept_category,Styrofoam piece,Styrofoam piece,accept,0.847802,0.847802,0.152198,accept,True
images/reject_weak/taco_00647_Other_plastic_4a6ebff3.jpg,,reject_weak,reject,weak_reject_category,Other plastic,Other plastic,reject,0.861584,0.138416,0.861584,reject,True
images/accept_weak/taco_00648_Other_plastic_wrapper_52f3cca5.jpg,,accept_weak,accept,weak_accept_category,Other plastic wrapper,Other plastic wrapper|Metal bottle cap|Unlabeled litter,accept,0.615004,0.615004,0.384996,reject,True
images/reject_weak/taco_00649_Disposable_plastic_cup_6db27324.jpg,,reject_weak,reject,weak_reject_category,Disposable plastic cup,Disposable plastic cup|Unlabeled litter,accept,0.667944,0.667944,0.332056,reject,False
images/reject_weak/taco_00650_Clear_plastic_bottle_7c34c170.jpg,,reject_weak,reject,weak_reject_category,Clear plastic bottle,Clear plastic bottle|Plastic bottle cap|Plastic straw,reject,0.807021,0.192979,0.807021,reject,True
images/reject_weak/taco_00651_Glass_bottle_7dc700f6.jpg,,reject_weak,reject,weak_reject_category,Glass bottle,Glass bottle,reject,0.980056,0.019944,0.980056,reject,True
images/accept_weak/taco_00652_Plastic_utensils_7386de6a.jpg,,accept_weak,accept,weak_accept_category,Plastic utensils,Plastic utensils|Tissues|Other plastic wrapper,accept,0.973254,0.973254,0.026746,accept,True
images/accept_weak/taco_00653_Other_plastic_wrapper_0600555e.jpg,,accept_weak,accept,weak_accept_category,Other plastic wrapper,Other plastic wrapper|Cigarette|Plastic film|Scrap metal,reject,0.677538,0.322462,0.677538,reject,False
images/reject_weak/taco_00654_Plastic_bottle_cap_8c8cd9f0.jpg,,reject_weak,reject,weak_reject_category,Plastic bottle cap,Plastic bottle cap|Clear plastic bottle,reject,0.803441,0.196559,0.803441,reject,True
images/reject_weak/taco_00655_Plastic_bottle_cap_5b109d2b.jpg,,reject_weak,reject,weak_reject_category,Plastic bottle cap,Plastic bottle cap,accept,0.850342,0.850342,0.149658,accept,False
images/accept_weak/taco_00656_Crisp_packet_4ab8fd1b.jpg,,accept_weak,accept,weak_accept_category,Crisp packet,Crisp packet|Styrofoam piece,accept,0.575947,0.575947,0.424053,reject,True
images/accept_weak/taco_00657_Plastic_film_3c5ab10a.jpg,,accept_weak,accept,weak_accept_category,Plastic film,Clear plastic bottle|Normal paper|Plastic film|Other plastic wrapper|Other plastic,accept,0.829746,0.829746,0.170254,accept,True
images/reject_weak/taco_00658_Clear_plastic_bottle_5008103d.jpg,,reject_weak,reject,weak_reject_category,Clear plastic bottle,Clear plastic bottle|Plastic bottle cap,reject,0.637061,0.362939,0.637061,reject,True
images/accept_weak/taco_00659_Plastic_film_03201b03.jpg,,accept_weak,accept,weak_accept_category,Plastic film,Other carton|Plastic film,reject,0.734328,0.265672,0.734328,reject,False
images/reject_weak/taco_00660_Plastic_straw_793cf4bb.jpg,,reject_weak,reject,weak_reject_category,Plastic straw,Plastic straw,accept,0.944830,0.944830,0.055170,accept,False
images/reject_weak/taco_00661_Plastic_straw_7578d9b1.jpg,,reject_weak,reject,weak_reject_category,Plastic straw,Plastic straw,accept,0.803140,0.803140,0.196860,accept,False
images/accept_weak/taco_00662_Plastic_utensils_a0f1de75.jpg,,accept_weak,accept,weak_accept_category,Plastic utensils,Plastic utensils,accept,0.901273,0.901273,0.098727,accept,True
images/accept_weak/taco_00663_Plastic_film_6f4b50bd.jpg,,accept_weak,accept,weak_accept_category,Plastic film,Clear plastic bottle|Plastic film|Unlabeled litter,reject,0.580847,0.419153,0.580847,reject,False
images/reject_weak/taco_00664_Metal_bottle_cap_7c25e634.jpg,,reject_weak,reject,weak_reject_category,Metal bottle cap,Metal bottle cap|Other plastic,accept,0.876158,0.876158,0.123842,accept,False
images/accept_weak/taco_00665_Foam_food_container_524a5413.jpg,,accept_weak,accept,weak_accept_category,Foam food container,Foam food container|Other plastic|Cigarette|Unlabeled litter,reject,0.864805,0.135195,0.864805,reject,False
images/reject_weak/taco_00666_Drink_can_96ebf173.jpg,,reject_weak,reject,weak_reject_category,Drink can,Drink can|Plastic straw|Pop tab|Other plastic,reject,0.958505,0.041495,0.958505,reject,True
images/accept_weak/taco_00667_Plastic_utensils_f38e875c.jpg,,accept_weak,accept,weak_accept_category,Plastic utensils,Plastic utensils|Other plastic|Broken glass,accept,0.977768,0.977768,0.022232,accept,True
images/reject_weak/taco_00668_Metal_bottle_cap_994a4c3c.jpg,,reject_weak,reject,weak_reject_category,Metal bottle cap,Metal bottle cap,accept,0.597070,0.597070,0.402930,reject,False
images/reject_weak/taco_00669_Metal_bottle_cap_51668eee.jpg,,reject_weak,reject,weak_reject_category,Metal bottle cap,Metal bottle cap,accept,0.587585,0.587585,0.412415,reject,False
images/reject_weak/taco_00670_Plastic_straw_38b2f434.jpg,,reject_weak,reject,weak_reject_category,Plastic straw,Plastic straw,accept,0.811538,0.811538,0.188462,accept,False
images/reject_weak/taco_00671_Plastic_straw_75bf0dcd.jpg,,reject_weak,reject,weak_reject_category,Plastic straw,Plastic straw,accept,0.990071,0.990071,0.009929,accept,False
images/reject_weak/taco_00672_Clear_plastic_bottle_1bfbd375.jpg,,reject_weak,reject,weak_reject_category,Clear plastic bottle,Clear plastic bottle|Plastic bottle cap|Unlabeled litter,accept,0.873470,0.873470,0.126530,accept,False
images/reject_weak/taco_00673_Clear_plastic_bottle_1576e9ae.jpg,,reject_weak,reject,weak_reject_category,Clear plastic bottle,Clear plastic bottle,accept,0.636024,0.636024,0.363976,reject,False
images/accept_weak/taco_00674_Garbage_bag_840d2134.jpg,,accept_weak,accept,weak_accept_category,Garbage bag,Foam cup|Garbage bag,accept,0.664825,0.664825,0.335175,reject,True
images/accept_weak/taco_00675_Other_plastic_wrapper_a9400688.jpg,,accept_weak,accept,weak_accept_category,Other plastic wrapper,Other plastic wrapper|Plastic film,accept,0.692122,0.692122,0.307878,reject,True
images/accept_weak/taco_00676_Plastic_film_00e73379.jpg,,accept_weak,accept,weak_accept_category,Plastic film,Plastic film,accept,0.780595,0.780595,0.219405,accept,True
images/reject_weak/taco_00677_Drink_can_d9782c34.jpg,,reject_weak,reject,weak_reject_category,Drink can,Drink can|Paper bag|Pop tab|Disposable plastic cup|Normal paper,reject,0.587626,0.412374,0.587626,reject,True
images/reject_weak/taco_00678_Paper_cup_6cfdc318.jpg,,reject_weak,reject,weak_reject_category,Paper cup,Paper cup|Plastic lid,reject,0.836567,0.163433,0.836567,reject,True
images/reject_weak/taco_00679_Drink_can_da23ce61.jpg,,reject_weak,reject,weak_reject_category,Drink can,Drink can|Plastic straw|Other plastic bottle|Paper bag,reject,0.759877,0.240123,0.759877,reject,True
images/accept_weak/taco_00680_Other_plastic_wrapper_c2fca5be.jpg,,accept_weak,accept,weak_accept_category,Other plastic wrapper,Other plastic wrapper,reject,0.812834,0.187166,0.812834,reject,False
images/accept_weak/taco_00681_Cigarette_3729ac3d.jpg,,accept_weak,accept,weak_accept_category,Cigarette,Plastic straw|Cigarette,accept,0.970880,0.970880,0.029120,accept,True
images/accept_weak/taco_00682_Other_plastic_wrapper_88f564d1.jpg,,accept_weak,accept,weak_accept_category,Other plastic wrapper,Other plastic wrapper,accept,0.986636,0.986636,0.013364,accept,True
images/reject_weak/taco_00683_Normal_paper_80afcdb7.jpg,,reject_weak,reject,weak_reject_category,Normal paper,Normal paper,accept,0.824422,0.824422,0.175578,accept,False
images/reject_weak/taco_00684_Paper_cup_67867c54.jpg,,reject_weak,reject,weak_reject_category,Paper cup,Paper cup,accept,0.743301,0.743301,0.256699,reject,False
images/accept_weak/taco_00685_Tissues_ebc6122b.jpg,,accept_weak,accept,weak_accept_category,Tissues,Glass bottle|Tissues,reject,0.538600,0.461400,0.538600,reject,False
images/reject_weak/taco_00686_Other_plastic_bottle_5360902e.jpg,,reject_weak,reject,weak_reject_category,Other plastic bottle,Other plastic bottle|Plastic bottle cap,reject,0.595796,0.404205,0.595796,reject,True
images/accept_weak/taco_00687_Other_plastic_wrapper_267be5e5.jpg,,accept_weak,accept,weak_accept_category,Other plastic wrapper,Glass bottle|Other plastic wrapper,accept,0.778296,0.778296,0.221704,accept,True
images/accept_weak/taco_00688_Disposable_food_container_8121a203.jpg,,accept_weak,accept,weak_accept_category,Disposable food container,Disposable food container|Other plastic wrapper,reject,0.914416,0.085584,0.914416,reject,False
images/accept_weak/taco_00689_Crisp_packet_24ae7c53.jpg,,accept_weak,accept,weak_accept_category,Crisp packet,Crisp packet|Other plastic wrapper|Garbage bag|Normal paper|Other carton|Meal carton|Plastic film,accept,0.602057,0.602057,0.397943,reject,True
images/accept_weak/taco_00690_Crisp_packet_cb56e7c4.jpg,,accept_weak,accept,weak_accept_category,Crisp packet,Crisp packet,accept,0.691866,0.691866,0.308134,reject,True
images/accept_weak/taco_00691_Cigarette_dd342d6d.jpg,,accept_weak,accept,weak_accept_category,Cigarette,Drink can|Cigarette,accept,0.774531,0.774531,0.225469,accept,True
images/reject_weak/taco_00692_Other_carton_d1ebeed3.jpg,,reject_weak,reject,weak_reject_category,Other carton,Other carton,reject,0.913594,0.086406,0.913594,reject,True
images/reject_weak/taco_00693_Paper_cup_600fdd59.jpg,,reject_weak,reject,weak_reject_category,Paper cup,Paper cup|Plastic lid|Paper straw,reject,0.869412,0.130588,0.869412,reject,True
images/accept_weak/taco_00694_Disposable_food_container_195706cf.jpg,,accept_weak,accept,weak_accept_category,Disposable food container,Plastic lid|Disposable food container|Plastic film|Unlabeled litter,reject,0.576107,0.423893,0.576107,reject,False
images/reject_weak/taco_00695_Meal_carton_e16a4f97.jpg,,reject_weak,reject,weak_reject_category,Meal carton,Meal carton,accept,0.607399,0.607399,0.392601,reject,False
images/accept_weak/taco_00696_Other_plastic_wrapper_0e154d41.jpg,,accept_weak,accept,weak_accept_category,Other plastic wrapper,Other plastic wrapper|Cigarette,accept,0.979845,0.979845,0.020155,accept,True
images/reject_weak/taco_00697_Other_carton_286ff31a.jpg,,reject_weak,reject,weak_reject_category,Other carton,Other carton,accept,0.593897,0.593897,0.406103,reject,False
images/accept_weak/taco_00698_Crisp_packet_a5dc8621.jpg,,accept_weak,accept,weak_accept_category,Crisp packet,Crisp packet,accept,0.545681,0.545681,0.454319,reject,True
images/reject_weak/taco_00699_Wrapping_paper_84933c35.jpg,,reject_weak,reject,weak_reject_category,Wrapping paper,Wrapping paper,accept,0.830788,0.830788,0.169212,accept,False
images/reject_weak/taco_00700_Clear_plastic_bottle_1ee04dd3.jpg,,reject_weak,reject,weak_reject_category,Clear plastic bottle,Clear plastic bottle,reject,0.532289,0.467711,0.532289,reject,True
images/reject_weak/taco_00701_Clear_plastic_bottle_25f390e6.jpg,,reject_weak,reject,weak_reject_category,Clear plastic bottle,Clear plastic bottle,reject,0.691677,0.308323,0.691677,reject,True
images/accept_weak/taco_00702_Other_plastic_wrapper_2a34a50f.jpg,,accept_weak,accept,weak_accept_category,Other plastic wrapper,Other plastic wrapper,accept,0.903999,0.903999,0.096001,accept,True
images/reject_weak/taco_00703_Disposable_plastic_cup_b0fc45cf.jpg,,reject_weak,reject,weak_reject_category,Disposable plastic cup,Disposable plastic cup|Plastic lid|Plastic straw,reject,0.910460,0.089540,0.910460,reject,True
images/reject_weak/taco_00704_Plastic_bottle_cap_23688bd7.jpg,,reject_weak,reject,weak_reject_category,Plastic bottle cap,Plastic bottle cap|Food waste|Unlabeled litter|Normal paper,reject,0.998749,0.001251,0.998749,reject,True
images/accept_weak/taco_00705_Crisp_packet_6ecf01c5.jpg,,accept_weak,accept,weak_accept_category,Crisp packet,Crisp packet|Garbage bag,reject,0.992957,0.007043,0.992957,reject,False
images/reject_weak/taco_00706_Metal_bottle_cap_184f9c05.jpg,,reject_weak,reject,weak_reject_category,Metal bottle cap,Metal bottle cap|Glass bottle,reject,0.968561,0.031439,0.968561,reject,True
images/reject_weak/taco_00707_Glass_bottle_286ba923.jpg,,reject_weak,reject,weak_reject_category,Glass bottle,Glass bottle|Unlabeled litter,reject,0.992798,0.007202,0.992798,reject,True
images/accept_weak/taco_00708_Crisp_packet_a46753af.jpg,,accept_weak,accept,weak_accept_category,Crisp packet,Drink can|Paper cup|Unlabeled litter|Crisp packet,accept,0.570556,0.570556,0.429444,reject,True
images/reject_weak/taco_00709_Drink_can_d4336edc.jpg,,reject_weak,reject,weak_reject_category,Drink can,Drink can,reject,0.763864,0.236136,0.763864,reject,True
images/reject_weak/taco_00710_Drink_can_08a8ba07.jpg,,reject_weak,reject,weak_reject_category,Drink can,Drink can,accept,0.753770,0.753770,0.246230,reject,False
images/accept_weak/taco_00711_Foam_food_container_49ae4c4e.jpg,,accept_weak,accept,weak_accept_category,Foam food container,Foam food container,accept,0.786944,0.786944,0.213056,accept,True
images/accept_weak/taco_00712_Foam_food_container_51dca26f.jpg,,accept_weak,accept,weak_accept_category,Foam food container,Foam food container|Tissues,reject,0.757583,0.242417,0.757583,reject,False
images/accept_weak/taco_00713_Cigarette_3eed0af1.jpg,,accept_weak,accept,weak_accept_category,Cigarette,Drink can|Unlabeled litter|Cigarette,accept,0.930658,0.930658,0.069342,accept,True
images/accept_weak/taco_00714_Cigarette_e3d7a8e7.jpg,,accept_weak,accept,weak_accept_category,Cigarette,Glass bottle|Cigarette,accept,0.827139,0.827139,0.172861,accept,True
images/accept_weak/taco_00715_Other_plastic_wrapper_7fee6495.jpg,,accept_weak,accept,weak_accept_category,Other plastic wrapper,Drink can|Other plastic wrapper|Plastic film|Other carton,accept,0.632201,0.632201,0.367799,reject,True
images/accept_weak/taco_00716_Cigarette_c0b0c92d.jpg,,accept_weak,accept,weak_accept_category,Cigarette,Clear plastic bottle|Cigarette,accept,0.781184,0.781184,0.218816,accept,True
images/reject_weak/taco_00717_Clear_plastic_bottle_903495b2.jpg,,reject_weak,reject,weak_reject_category,Clear plastic bottle,Clear plastic bottle|Unlabeled litter,accept,0.910593,0.910593,0.089407,accept,False
images/accept_weak/taco_00718_Cigarette_5683a037.jpg,,accept_weak,accept,weak_accept_category,Cigarette,Disposable plastic cup|Other plastic|Cigarette,accept,0.812693,0.812693,0.187307,accept,True
images/reject_weak/taco_00719_Drink_can_64b245b8.jpg,,reject_weak,reject,weak_reject_category,Drink can,Drink can|Unlabeled litter,accept,0.778001,0.778001,0.221999,accept,False
images/reject_weak/taco_00720_Disposable_plastic_cup_54a4f7ba.jpg,,reject_weak,reject,weak_reject_category,Disposable plastic cup,Disposable plastic cup,accept,0.856684,0.856684,0.143316,accept,False
images/reject_weak/taco_00721_Drink_can_da200dc7.jpg,,reject_weak,reject,weak_reject_category,Drink can,Drink can|Pop tab,accept,0.704193,0.704193,0.295807,reject,False
images/accept_weak/taco_00722_Cigarette_50973b63.jpg,,accept_weak,accept,weak_accept_category,Cigarette,Drink can|Cigarette,accept,0.903781,0.903781,0.096219,accept,True
images/reject_weak/taco_00723_Drink_can_89a0b19f.jpg,,reject_weak,reject,weak_reject_category,Drink can,Drink can,accept,0.796765,0.796765,0.203235,accept,False
images/accept_weak/taco_00724_Cigarette_f96605c2.jpg,,accept_weak,accept,weak_accept_category,Cigarette,Clear plastic bottle|Plastic bottle cap|Cigarette,reject,0.551161,0.448839,0.551161,reject,False
images/reject_weak/taco_00725_Drink_can_4cb996d2.jpg,,reject_weak,reject,weak_reject_category,Drink can,Drink can,accept,0.830347,0.830347,0.169653,accept,False
images/reject_weak/taco_00726_Paper_cup_352aa57d.jpg,,reject_weak,reject,weak_reject_category,Paper cup,Paper cup|Drink can,accept,0.862920,0.862920,0.137080,accept,False
images/accept_weak/taco_00727_Cigarette_514c7f8a.jpg,,accept_weak,accept,weak_accept_category,Cigarette,Drink can|Pop tab|Unlabeled litter|Cigarette,accept,0.907112,0.907112,0.092888,accept,True
images/accept_weak/taco_00728_Cigarette_e83fbfb3.jpg,,accept_weak,accept,weak_accept_category,Cigarette,Disposable plastic cup|Plastic straw|Plastic lid|Cigarette,accept,0.877483,0.877483,0.122517,accept,True
images/reject_weak/taco_00729_Clear_plastic_bottle_3aae95c7.jpg,,reject_weak,reject,weak_reject_category,Clear plastic bottle,Clear plastic bottle|Plastic bottle cap,accept,0.943736,0.943736,0.056264,accept,False
images/accept_weak/taco_00730_Cigarette_4d0c5a30.jpg,,accept_weak,accept,weak_accept_category,Cigarette,Plastic straw|Normal paper|Cigarette,accept,0.991314,0.991314,0.008686,accept,True
images/reject_weak/taco_00731_Plastic_straw_f6c01a0b.jpg,,reject_weak,reject,weak_reject_category,Plastic straw,Plastic straw|Metal bottle cap,accept,0.828678,0.828678,0.171322,accept,False
images/accept_weak/taco_00732_Plastic_film_cecfafa2.jpg,,accept_weak,accept,weak_accept_category,Plastic film,Six pack rings|Plastic lid|Plastic film|Unlabeled litter|Aluminium foil,accept,0.791320,0.791320,0.208680,accept,True
images/reject_weak/taco_00733_Plastic_lid_e8d8e4f4.jpg,,reject_weak,reject,weak_reject_category,Plastic lid,Plastic lid,accept,0.855577,0.855577,0.144423,accept,False
images/accept_weak/taco_00734_Crisp_packet_d39ee126.jpg,,accept_weak,accept,weak_accept_category,Crisp packet,Crisp packet,accept,0.700197,0.700197,0.299803,reject,True
images/accept_weak/taco_00735_Other_plastic_wrapper_9daef8d0.jpg,,accept_weak,accept,weak_accept_category,Other plastic wrapper,Other plastic wrapper,accept,0.851073,0.851073,0.148927,accept,True
images/accept_weak/taco_00736_Other_plastic_wrapper_a240211c.jpg,,accept_weak,accept,weak_accept_category,Other plastic wrapper,Other plastic wrapper,accept,0.905826,0.905826,0.094174,accept,True
images/reject_weak/taco_00737_Disposable_plastic_cup_66fb1703.jpg,,reject_weak,reject,weak_reject_category,Disposable plastic cup,Disposable plastic cup|Other plastic|Normal paper,accept,0.790565,0.790565,0.209435,accept,False
images/reject_weak/taco_00739_Other_plastic_230cb631.jpg,,reject_weak,reject,weak_reject_category,Other plastic,Other plastic,accept,0.737896,0.737896,0.262104,reject,False
images/reject_weak/taco_00740_Metal_bottle_cap_ac1bde40.jpg,,reject_weak,reject,weak_reject_category,Metal bottle cap,Metal bottle cap,reject,0.696894,0.303106,0.696894,reject,True
images/reject_weak/taco_00741_Metal_bottle_cap_302840bf.jpg,,reject_weak,reject,weak_reject_category,Metal bottle cap,Metal bottle cap,reject,0.554852,0.445148,0.554852,reject,True
images/reject_weak/taco_00742_Normal_paper_a3501bd3.jpg,,reject_weak,reject,weak_reject_category,Normal paper,Normal paper,accept,0.540167,0.540167,0.459833,reject,False
images/accept_weak/taco_00743_Plastic_film_b1ef5f03.jpg,,accept_weak,accept,weak_accept_category,Plastic film,Plastic film|Cigarette,accept,0.613846,0.613846,0.386154,reject,True
images/accept_weak/taco_00744_Other_plastic_wrapper_ea900d4c.jpg,,accept_weak,accept,weak_accept_category,Other plastic wrapper,Other plastic wrapper,accept,0.631888,0.631888,0.368112,reject,True
images/reject_weak/taco_00745_Corrugated_carton_d879175b.jpg,,reject_weak,reject,weak_reject_category,Corrugated carton,Corrugated carton|Aluminium foil,accept,0.616239,0.616239,0.383761,reject,False
images/reject_weak/taco_00746_Other_carton_77d9be49.jpg,,reject_weak,reject,weak_reject_category,Other carton,Other carton,accept,0.717890,0.717890,0.282110,reject,False
images/accept_weak/taco_00747_Crisp_packet_a9a93105.jpg,,accept_weak,accept,weak_accept_category,Crisp packet,Crisp packet,accept,0.756069,0.756069,0.243931,reject,True
images/reject_weak/taco_00748_Plastic_straw_034c0306.jpg,,reject_weak,reject,weak_reject_category,Plastic straw,Plastic straw,accept,0.763836,0.763836,0.236164,accept,False
images/reject_weak/taco_00749_Plastic_bottle_cap_62584f3a.jpg,,reject_weak,reject,weak_reject_category,Plastic bottle cap,Plastic bottle cap,accept,0.738313,0.738313,0.261687,reject,False
images/accept_weak/taco_00750_Plastic_film_82d0f31f.jpg,,accept_weak,accept,weak_accept_category,Plastic film,Meal carton|Plastic film|Other plastic wrapper,accept,0.601313,0.601313,0.398687,reject,True
images/reject_weak/taco_00751_Glass_bottle_d8e018ca.jpg,,reject_weak,reject,weak_reject_category,Glass bottle,Glass bottle|Plastic straw|Unlabeled litter,reject,0.594401,0.405599,0.594401,reject,True
images/accept_weak/taco_00752_Cigarette_e5848666.jpg,,accept_weak,accept,weak_accept_category,Cigarette,Drink can|Cigarette,accept,0.826234,0.826234,0.173766,accept,True
images/accept_weak/taco_00753_Cigarette_94f7f8c9.jpg,,accept_weak,accept,weak_accept_category,Cigarette,Clear plastic bottle|Metal bottle cap|Cigarette,accept,0.780462,0.780462,0.219538,accept,True
images/reject_weak/taco_00754_Paper_bag_1544f8ab.jpg,,reject_weak,reject,weak_reject_category,Paper bag,Paper bag|Shoe,accept,0.751902,0.751902,0.248098,reject,False
images/accept_weak/taco_00755_Cigarette_1ff36e45.jpg,,accept_weak,accept,weak_accept_category,Cigarette,Other carton|Other plastic bottle|Shoe|Cigarette,accept,0.707452,0.707452,0.292548,reject,True
images/accept_weak/taco_00756_Cigarette_193ec1a7.jpg,,accept_weak,accept,weak_accept_category,Cigarette,Drink can|Unlabeled litter|Cigarette,accept,0.556845,0.556845,0.443155,reject,True
images/accept_weak/taco_00757_Crisp_packet_b35df66d.jpg,,accept_weak,accept,weak_accept_category,Crisp packet,Crisp packet|Cigarette,accept,0.802181,0.802181,0.197819,accept,True
images/accept_weak/taco_00758_Plastic_film_0b7273de.jpg,,accept_weak,accept,weak_accept_category,Plastic film,Glass bottle|Unlabeled litter|Plastic film|Cigarette,accept,0.900287,0.900287,0.099713,accept,True
images/reject_weak/taco_00759_Other_carton_2cc88bcd.jpg,,reject_weak,reject,weak_reject_category,Other carton,Other carton,accept,0.624426,0.624426,0.375574,reject,False
images/reject_weak/taco_00760_Plastic_straw_63bbc886.jpg,,reject_weak,reject,weak_reject_category,Plastic straw,Plastic straw,accept,0.808244,0.808244,0.191756,accept,False
images/reject_weak/taco_00761_Drink_can_7e8af2fb.jpg,,reject_weak,reject,weak_reject_category,Drink can,Drink can|Pop tab,reject,0.630127,0.369873,0.630127,reject,True
images/accept_weak/taco_00762_Other_plastic_wrapper_05c1fcfc.jpg,,accept_weak,accept,weak_accept_category,Other plastic wrapper,Other plastic wrapper,accept,0.710658,0.710658,0.289342,reject,True
images/accept_weak/taco_00763_Foam_food_container_8e8387ec.jpg,,accept_weak,accept,weak_accept_category,Foam food container,Foam food container|Plastic film|Normal paper|Cigarette,accept,0.749210,0.749210,0.250790,reject,True
images/accept_weak/taco_00764_Cigarette_195812bd.jpg,,accept_weak,accept,weak_accept_category,Cigarette,Drink can|Clear plastic bottle|Glass bottle|Disposable plastic cup|Plastic lid|Plastic straw|Cigarette,accept,0.635417,0.635417,0.364583,reject,True
images/reject_weak/taco_00765_Clear_plastic_bottle_ac970196.jpg,,reject_weak,reject,weak_reject_category,Clear plastic bottle,Clear plastic bottle|Plastic bottle cap,accept,0.927962,0.927962,0.072038,accept,False
images/accept_weak/taco_00766_Plastic_film_a70262b7.jpg,,accept_weak,accept,weak_accept_category,Plastic film,Plastic film,accept,0.868009,0.868009,0.131991,accept,True
images/accept_weak/taco_00767_Plastic_film_e21e62cd.jpg,,accept_weak,accept,weak_accept_category,Plastic film,Plastic film,accept,0.821006,0.821006,0.178994,accept,True
images/accept_weak/taco_00768_Other_plastic_wrapper_845d6d15.jpg,,accept_weak,accept,weak_accept_category,Other plastic wrapper,Other plastic wrapper,accept,0.756347,0.756347,0.243653,reject,True
images/accept_weak/taco_00769_Other_plastic_wrapper_b8e650be.jpg,,accept_weak,accept,weak_accept_category,Other plastic wrapper,Other plastic wrapper,accept,0.579339,0.579339,0.420661,reject,True
images/reject_weak/taco_00770_Plastic_bottle_cap_73a98749.jpg,,reject_weak,reject,weak_reject_category,Plastic bottle cap,Plastic bottle cap,accept,0.909650,0.909650,0.090350,accept,False
images/accept_weak/taco_00771_Crisp_packet_17c5646f.jpg,,accept_weak,accept,weak_accept_category,Crisp packet,Crisp packet,accept,0.786438,0.786438,0.213562,accept,True
images/accept_weak/taco_00772_Crisp_packet_5ad6bcb6.jpg,,accept_weak,accept,weak_accept_category,Crisp packet,Crisp packet,accept,0.552133,0.552133,0.447867,reject,True
images/accept_weak/taco_00773_Plastic_film_f0d2bec9.jpg,,accept_weak,accept,weak_accept_category,Plastic film,Meal carton|Plastic film,accept,0.811343,0.811343,0.188657,accept,True
images/reject_weak/taco_00774_Meal_carton_3580198d.jpg,,reject_weak,reject,weak_reject_category,Meal carton,Meal carton,accept,0.550378,0.550378,0.449622,reject,False
images/accept_weak/taco_00775_Cigarette_6d547191.jpg,,accept_weak,accept,weak_accept_category,Cigarette,Drink can|Cigarette,reject,0.669534,0.330466,0.669534,reject,False
images/accept_weak/taco_00776_Single-use_carrier_bag_54f711e2.jpg,,accept_weak,accept,weak_accept_category,Single-use carrier bag,Single-use carrier bag,accept,0.667244,0.667244,0.332756,reject,True
images/accept_weak/taco_00777_Other_plastic_wrapper_716eefd9.jpg,,accept_weak,accept,weak_accept_category,Other plastic wrapper,Other plastic wrapper|Cigarette,accept,0.923433,0.923433,0.076567,accept,True
images/accept_weak/taco_00778_Cigarette_f19ddced.jpg,,accept_weak,accept,weak_accept_category,Cigarette,Pop tab|Cigarette,accept,0.883680,0.883680,0.116320,accept,True
images/reject_weak/taco_00779_Drink_can_21550462.jpg,,reject_weak,reject,weak_reject_category,Drink can,Drink can,accept,0.633714,0.633714,0.366286,reject,False
images/reject_weak/taco_00780_Drink_can_8a7ccebe.jpg,,reject_weak,reject,weak_reject_category,Drink can,Drink can|Pop tab,reject,0.635762,0.364238,0.635762,reject,True
images/accept_weak/taco_00781_Other_plastic_wrapper_86096650.jpg,,accept_weak,accept,weak_accept_category,Other plastic wrapper,Other plastic wrapper|Cigarette,accept,0.779195,0.779195,0.220805,accept,True
images/reject_weak/taco_00782_Clear_plastic_bottle_a90a39f7.jpg,,reject_weak,reject,weak_reject_category,Clear plastic bottle,Clear plastic bottle|Plastic bottle cap,accept,0.701478,0.701478,0.298522,reject,False
images/reject_weak/taco_00783_Disposable_plastic_cup_2cb8fee5.jpg,,reject_weak,reject,weak_reject_category,Disposable plastic cup,Disposable plastic cup|Glass bottle|Scrap metal,accept,0.693844,0.693844,0.306156,reject,False
images/reject_weak/taco_00784_Clear_plastic_bottle_e2c468db.jpg,,reject_weak,reject,weak_reject_category,Clear plastic bottle,Clear plastic bottle|Plastic bottle cap|Drink can|Pop tab,reject,0.589032,0.410968,0.589032,reject,True
images/reject_weak/taco_00785_Drink_can_00302a53.jpg,,reject_weak,reject,weak_reject_category,Drink can,Drink can|Unlabeled litter,accept,0.752970,0.752970,0.247030,reject,False
images/reject_weak/taco_00786_Drink_can_981d1f82.jpg,,reject_weak,reject,weak_reject_category,Drink can,Drink can,accept,0.751271,0.751271,0.248729,reject,False
images/accept_weak/taco_00787_Plastic_utensils_b748700c.jpg,,accept_weak,accept,weak_accept_category,Plastic utensils,Plastic utensils|Meal carton,accept,0.882159,0.882159,0.117841,accept,True
images/accept_weak/taco_00788_Plastic_utensils_c1481733.jpg,,accept_weak,accept,weak_accept_category,Plastic utensils,Plastic utensils|Unlabeled litter|Cigarette,accept,0.977813,0.977813,0.022187,accept,True
images/accept_weak/taco_00789_Tissues_84635535.jpg,,accept_weak,accept,weak_accept_category,Tissues,Tissues|Clear plastic bottle,reject,0.739551,0.260449,0.739551,reject,False
images/reject_weak/taco_00790_Plastic_lid_c2b035bf.jpg,,reject_weak,reject,weak_reject_category,Plastic lid,Unlabeled litter|Plastic lid,accept,0.637039,0.637039,0.362961,reject,False
images/accept_weak/taco_00791_Crisp_packet_2bc3e2f0.jpg,,accept_weak,accept,weak_accept_category,Crisp packet,Crisp packet,accept,0.753053,0.753053,0.246947,reject,True
images/accept_weak/taco_00792_Crisp_packet_dcf089a7.jpg,,accept_weak,accept,weak_accept_category,Crisp packet,Crisp packet,accept,0.628008,0.628008,0.371992,reject,True
images/reject_weak/taco_00793_Glass_bottle_85c32763.jpg,,reject_weak,reject,weak_reject_category,Glass bottle,Glass bottle,reject,0.951723,0.048277,0.951723,reject,True
images/reject_weak/taco_00794_Clear_plastic_bottle_e68af571.jpg,,reject_weak,reject,weak_reject_category,Clear plastic bottle,Clear plastic bottle,accept,0.937329,0.937329,0.062671,accept,False
images/reject_weak/taco_00795_Other_carton_b470f6dd.jpg,,reject_weak,reject,weak_reject_category,Other carton,Other carton,reject,0.977917,0.022083,0.977917,reject,True
images/accept_weak/taco_00796_Other_plastic_wrapper_1a14307d.jpg,,accept_weak,accept,weak_accept_category,Other plastic wrapper,Other carton|Other plastic wrapper,accept,0.949029,0.949029,0.050970,accept,True
images/reject_weak/taco_00797_Food_Can_e22a1e45.jpg,,reject_weak,reject,weak_reject_category,Food Can,Food Can|Pop tab|Glass jar|Metal lid,reject,0.678501,0.321499,0.678501,reject,True
images/accept_weak/taco_00798_Other_plastic_wrapper_98c4472f.jpg,,accept_weak,accept,weak_accept_category,Other plastic wrapper,Other plastic wrapper,reject,0.967556,0.032444,0.967556,reject,False
images/accept_weak/taco_00799_Plastic_film_e7b962b5.jpg,,accept_weak,accept,weak_accept_category,Plastic film,Plastic film,reject,0.997367,0.002633,0.997367,reject,False
images/reject_weak/taco_00800_Aerosol_85e3aa01.jpg,,reject_weak,reject,weak_reject_category,Aerosol,Aerosol|Plastic lid,reject,0.973025,0.026975,0.973025,reject,True
images/reject_weak/taco_00801_Pop_tab_62cc1a3c.jpg,,reject_weak,reject,weak_reject_category,Pop tab,Pop tab,reject,0.966500,0.033500,0.966500,reject,True
images/reject_weak/taco_00802_Meal_carton_f8dd4ed9.jpg,,reject_weak,reject,weak_reject_category,Meal carton,Meal carton,reject,0.957522,0.042478,0.957522,reject,True
images/reject_weak/taco_00803_Other_plastic_bottle_fcb20204.jpg,,reject_weak,reject,weak_reject_category,Other plastic bottle,Other plastic bottle|Clear plastic bottle|Plastic bottle cap,reject,0.691973,0.308027,0.691973,reject,True
images/reject_weak/taco_00804_Disposable_plastic_cup_53836f1b.jpg,,reject_weak,reject,weak_reject_category,Disposable plastic cup,Disposable plastic cup|Paper cup|Plastic lid|Drink can|Unlabeled litter|Plastic straw,reject,0.853135,0.146865,0.853135,reject,True
images/reject_weak/taco_00805_Drink_can_c01c0654.jpg,,reject_weak,reject,weak_reject_category,Drink can,Drink can|Pop tab,accept,0.826740,0.826740,0.173260,accept,False
images/reject_weak/taco_00806_Disposable_plastic_cup_a4a10d45.jpg,,reject_weak,reject,weak_reject_category,Disposable plastic cup,Disposable plastic cup,accept,0.807342,0.807342,0.192658,accept,False
images/reject_weak/taco_00807_Drink_can_34c80179.jpg,,reject_weak,reject,weak_reject_category,Drink can,Drink can,accept,0.638623,0.638623,0.361378,reject,False
images/reject_weak/taco_00808_Drink_can_6ef88af7.jpg,,reject_weak,reject,weak_reject_category,Drink can,Drink can,accept,0.802880,0.802880,0.197120,accept,False
images/accept_weak/taco_00809_Disposable_food_container_c51e3b93.jpg,,accept_weak,accept,weak_accept_category,Disposable food container,Disposable food container|Cigarette,accept,0.595952,0.595952,0.404048,reject,True
images/accept_weak/taco_00810_Cigarette_7a16b6e1.jpg,,accept_weak,accept,weak_accept_category,Cigarette,Plastic lid|Cigarette,accept,0.963439,0.963439,0.036562,accept,True
images/reject_weak/taco_00811_Paper_cup_0b0985f0.jpg,,reject_weak,reject,weak_reject_category,Paper cup,Paper cup,accept,0.760942,0.760942,0.239058,accept,False
images/reject_weak/taco_00812_Other_carton_6de2cefd.jpg,,reject_weak,reject,weak_reject_category,Other carton,Other carton,reject,0.855067,0.144933,0.855067,reject,True
images/accept_weak/taco_00813_Plastic_film_ff9af0d7.jpg,,accept_weak,accept,weak_accept_category,Plastic film,Plastic film,accept,0.818443,0.818443,0.181557,accept,True
images/accept_weak/taco_00814_Plastic_film_e8dd9cf3.jpg,,accept_weak,accept,weak_accept_category,Plastic film,Plastic film,accept,0.503081,0.503081,0.496919,reject,True
images/accept_weak/taco_00815_Plastic_film_cb790ea4.jpg,,accept_weak,accept,weak_accept_category,Plastic film,Plastic film|Crisp packet|Tissues,reject,0.687103,0.312897,0.687103,reject,False
images/accept_weak/taco_00816_Cigarette_0c819024.jpg,,accept_weak,accept,weak_accept_category,Cigarette,Meal carton|Aluminium foil|Plastic bottle cap|Cigarette,accept,0.885090,0.885090,0.114910,accept,True
images/accept_weak/taco_00817_Plastic_film_cdb81850.jpg,,accept_weak,accept,weak_accept_category,Plastic film,Other carton|Plastic film,reject,0.843146,0.156854,0.843146,reject,False
images/reject_weak/taco_00818_Drink_can_310a8ce8.jpg,,reject_weak,reject,weak_reject_category,Drink can,Drink can|Pop tab,reject,0.969155,0.030845,0.969155,reject,True
images/accept_weak/taco_00819_Plastic_film_b01333a4.jpg,,accept_weak,accept,weak_accept_category,Plastic film,Plastic film,accept,0.944027,0.944027,0.055973,accept,True
images/accept_weak/taco_00820_Plastic_film_3a93f4d7.jpg,,accept_weak,accept,weak_accept_category,Plastic film,Plastic film|Corrugated carton,reject,0.781228,0.218772,0.781228,reject,False
images/reject_weak/taco_00821_Corrugated_carton_eef5f685.jpg,,reject_weak,reject,weak_reject_category,Corrugated carton,Corrugated carton|Other carton,reject,0.999411,0.000589,0.999411,reject,True
images/accept_weak/taco_00822_Disposable_food_container_341eb6e4.jpg,,accept_weak,accept,weak_accept_category,Disposable food container,Disposable food container|Plastic film,reject,0.656324,0.343676,0.656324,reject,False
images/accept_weak/taco_00823_Plastic_film_df6ff875.jpg,,accept_weak,accept,weak_accept_category,Plastic film,Other carton|Plastic film,reject,0.849787,0.150213,0.849787,reject,False
images/accept_weak/taco_00824_Plastic_film_0138f779.jpg,,accept_weak,accept,weak_accept_category,Plastic film,Other carton|Plastic film,accept,0.607489,0.607489,0.392511,reject,True
images/reject_weak/taco_00825_Spread_tub_c7073b12.jpg,,reject_weak,reject,weak_reject_category,Spread tub,Spread tub,reject,0.833968,0.166032,0.833968,reject,True
images/reject_weak/taco_00826_Other_plastic_b0485c45.jpg,,reject_weak,reject,weak_reject_category,Other plastic,Other plastic|Aluminium foil,accept,0.558578,0.558578,0.441422,reject,False
images/reject_weak/taco_00827_Drink_can_367615d5.jpg,,reject_weak,reject,weak_reject_category,Drink can,Drink can|Unlabeled litter,reject,0.655894,0.344106,0.655894,reject,True
images/reject_weak/taco_00828_Drink_can_c7f47ebe.jpg,,reject_weak,reject,weak_reject_category,Drink can,Drink can|Unlabeled litter,reject,0.923446,0.076554,0.923446,reject,True
images/accept_weak/taco_00829_Plastic_film_b8092a1f.jpg,,accept_weak,accept,weak_accept_category,Plastic film,Plastic film|Unlabeled litter|Cigarette,accept,0.680429,0.680429,0.319571,reject,True
images/reject_weak/taco_00830_Clear_plastic_bottle_19b24bed.jpg,,reject_weak,reject,weak_reject_category,Clear plastic bottle,Clear plastic bottle|Normal paper,accept,0.603609,0.603609,0.396391,reject,False
images/accept_weak/taco_00831_Other_plastic_wrapper_9acfe74a.jpg,,accept_weak,accept,weak_accept_category,Other plastic wrapper,Other plastic wrapper|Plastic film,accept,0.809307,0.809307,0.190693,accept,True
images/accept_weak/taco_00832_Plastic_film_03dd1354.jpg,,accept_weak,accept,weak_accept_category,Plastic film,Plastic film,accept,0.826331,0.826331,0.173669,accept,True
images/accept_weak/taco_00833_Single-use_carrier_bag_97172be5.jpg,,accept_weak,accept,weak_accept_category,Single-use carrier bag,Single-use carrier bag,accept,0.834889,0.834889,0.165111,accept,True
images/accept_weak/taco_00834_Other_plastic_wrapper_b612e631.jpg,,accept_weak,accept,weak_accept_category,Other plastic wrapper,Other plastic wrapper|Unlabeled litter|Other carton,accept,0.787892,0.787892,0.212108,accept,True
images/accept_weak/taco_00835_Disposable_food_container_330a23ff.jpg,,accept_weak,accept,weak_accept_category,Disposable food container,Disposable food container|Plastic film|Unlabeled litter,accept,0.721048,0.721048,0.278952,reject,True
images/accept_weak/taco_00837_Disposable_food_container_a742652a.jpg,,accept_weak,accept,weak_accept_category,Disposable food container,Disposable food container|Plastic film,accept,0.868379,0.868379,0.131621,accept,True
images/accept_weak/taco_00838_Single-use_carrier_bag_e2a01f49.jpg,,accept_weak,accept,weak_accept_category,Single-use carrier bag,Single-use carrier bag|Metal lid|Glass jar,reject,0.925433,0.074567,0.925433,reject,False
images/reject_weak/taco_00839_Glass_jar_5befc9e8.jpg,,reject_weak,reject,weak_reject_category,Glass jar,Glass jar|Metal lid|Metal bottle cap,reject,0.899552,0.100448,0.899552,reject,True
images/reject_weak/taco_00840_Other_plastic_bottle_9e6c96c4.jpg,,reject_weak,reject,weak_reject_category,Other plastic bottle,Other plastic bottle,reject,0.998844,0.001156,0.998844,reject,True
images/accept_weak/taco_00841_Disposable_food_container_0223a6d5.jpg,,accept_weak,accept,weak_accept_category,Disposable food container,Disposable food container|Food waste,reject,0.557013,0.442987,0.557013,reject,False
images/reject_weak/taco_00842_Metal_bottle_cap_1418676b.jpg,,reject_weak,reject,weak_reject_category,Metal bottle cap,Metal bottle cap,reject,0.700676,0.299324,0.700676,reject,True
images/reject_weak/taco_00843_Drink_can_76061858.jpg,,reject_weak,reject,weak_reject_category,Drink can,Drink can|Pop tab|Unlabeled litter,accept,0.501705,0.501705,0.498295,reject,False
images/accept_weak/taco_00844_Foam_food_container_7b3d4384.jpg,,accept_weak,accept,weak_accept_category,Foam food container,Foam food container|Unlabeled litter,accept,0.707942,0.707942,0.292058,reject,True
images/reject_weak/taco_00845_Paper_straw_039cad04.jpg,,reject_weak,reject,weak_reject_category,Paper straw,Paper straw|Disposable plastic cup,accept,0.855641,0.855641,0.144359,accept,False
images/accept_weak/taco_00846_Disposable_food_container_f7e50262.jpg,,accept_weak,accept,weak_accept_category,Disposable food container,Disposable food container|Plastic film|Cigarette,accept,0.508874,0.508874,0.491126,reject,True
images/reject_weak/taco_00847_Aluminium_foil_dad4b787.jpg,,reject_weak,reject,weak_reject_category,Aluminium foil,Aluminium foil,reject,0.969290,0.030710,0.969290,reject,True
images/accept_weak/taco_00848_Plastic_utensils_9059f66b.jpg,,accept_weak,accept,weak_accept_category,Plastic utensils,Plastic utensils|Unlabeled litter,accept,0.880172,0.880172,0.119828,accept,True
images/accept_weak/taco_00849_Cigarette_3d0c0bfc.jpg,,accept_weak,accept,weak_accept_category,Cigarette,Clear plastic bottle|Cigarette,accept,0.835365,0.835365,0.164635,accept,True
images/reject_weak/taco_00850_Normal_paper_abe7d81c.jpg,,reject_weak,reject,weak_reject_category,Normal paper,Normal paper,accept,0.946093,0.946093,0.053907,accept,False
images/reject_weak/taco_00851_Plastic_straw_6da5749b.jpg,,reject_weak,reject,weak_reject_category,Plastic straw,Plastic straw|Unlabeled litter,accept,0.844451,0.844451,0.155549,accept,False
images/reject_weak/taco_00852_Paper_cup_137f4385.jpg,,reject_weak,reject,weak_reject_category,Paper cup,Paper cup|Plastic lid|Paper bag,reject,0.999562,0.000438,0.999562,reject,True
images/accept_weak/taco_00853_Other_plastic_wrapper_ae432ce6.jpg,,accept_weak,accept,weak_accept_category,Other plastic wrapper,Clear plastic bottle|Glass bottle|Other plastic|Unlabeled litter|Normal paper|Pop tab|Other plastic wrapper|Paper bag|Plastic straw|Shoe|Cigarette,accept,0.942926,0.942926,0.057074,accept,True
images/accept_weak/taco_00854_Plastic_utensils_0f573ab1.jpg,,accept_weak,accept,weak_accept_category,Plastic utensils,Plastic utensils,accept,0.859053,0.859053,0.140947,accept,True
images/reject_weak/taco_00855_Clear_plastic_bottle_6dd21a9e.jpg,,reject_weak,reject,weak_reject_category,Clear plastic bottle,Clear plastic bottle,accept,0.509355,0.509355,0.490645,reject,False
images/accept_weak/taco_00856_Plastic_film_bbc46391.jpg,,accept_weak,accept,weak_accept_category,Plastic film,Plastic film,accept,0.505965,0.505965,0.494035,reject,True
images/accept_weak/taco_00857_Single-use_carrier_bag_13802b93.jpg,,accept_weak,accept,weak_accept_category,Single-use carrier bag,Single-use carrier bag,accept,0.697295,0.697295,0.302705,reject,True
images/accept_weak/taco_00858_Plastic_film_76a108fb.jpg,,accept_weak,accept,weak_accept_category,Plastic film,Plastic film|Other plastic|Unlabeled litter,accept,0.727116,0.727116,0.272884,reject,True
images/reject_weak/taco_00859_Plastic_straw_82a75a19.jpg,,reject_weak,reject,weak_reject_category,Plastic straw,Plastic straw|Other plastic|Disposable plastic cup,accept,0.742307,0.742307,0.257693,reject,False
images/accept_weak/taco_00860_Other_plastic_wrapper_70bca3d9.jpg,,accept_weak,accept,weak_accept_category,Other plastic wrapper,Clear plastic bottle|Glass bottle|Drink carton|Unlabeled litter|Paper cup|Other plastic wrapper|Drink can,accept,0.723704,0.723704,0.276296,reject,True
images/reject_weak/taco_00861_Plastic_bottle_cap_bf040a3a.jpg,,reject_weak,reject,weak_reject_category,Plastic bottle cap,Plastic bottle cap,accept,0.699570,0.699570,0.300430,reject,False
images/accept_weak/taco_00862_Plastic_film_4d2539b9.jpg,,accept_weak,accept,weak_accept_category,Plastic film,Plastic film|Unlabeled litter|Cigarette,accept,0.963552,0.963552,0.036447,accept,True
images/accept_weak/taco_00863_Plastic_film_b649e5d8.jpg,,accept_weak,accept,weak_accept_category,Plastic film,Plastic film,accept,0.933412,0.933412,0.066588,accept,True
images/accept_weak/taco_00864_Tissues_b6a16fff.jpg,,accept_weak,accept,weak_accept_category,Tissues,Tissues|Plastic film,accept,0.609334,0.609334,0.390666,reject,True
images/reject_weak/taco_00865_Paper_cup_c3d41e0f.jpg,,reject_weak,reject,weak_reject_category,Paper cup,Paper cup,accept,0.502256,0.502256,0.497744,reject,False
images/accept_weak/taco_00866_Plastic_utensils_86d870f7.jpg,,accept_weak,accept,weak_accept_category,Plastic utensils,Clear plastic bottle|Drink can|Metal bottle cap|Plastic bottle cap|Plastic utensils|Normal paper|Other plastic wrapper|Unlabeled litter|Other plastic|Cigarette,accept,0.953477,0.953477,0.046523,accept,True
images/accept_weak/taco_00867_Plastic_film_5e6afbfc.jpg,,accept_weak,accept,weak_accept_category,Plastic film,Plastic film,accept,0.945549,0.945549,0.054451,accept,True
images/accept_weak/taco_00868_Garbage_bag_def493bd.jpg,,accept_weak,accept,weak_accept_category,Garbage bag,Egg carton|Garbage bag,accept,0.776358,0.776358,0.223642,accept,True
images/reject_weak/taco_00869_Plastic_lid_5715297e.jpg,,reject_weak,reject,weak_reject_category,Plastic lid,Plastic lid|Other carton,reject,0.856020,0.143980,0.856020,reject,True
images/accept_weak/taco_00870_Disposable_food_container_8359925d.jpg,,accept_weak,accept,weak_accept_category,Disposable food container,Other carton|Disposable food container,reject,0.900742,0.099258,0.900742,reject,False
images/accept_weak/taco_00871_Other_plastic_wrapper_1e6a9642.jpg,,accept_weak,accept,weak_accept_category,Other plastic wrapper,Other plastic wrapper,accept,0.978645,0.978645,0.021355,accept,True
images/accept_weak/taco_00872_Other_plastic_wrapper_790e4374.jpg,,accept_weak,accept,weak_accept_category,Other plastic wrapper,Other plastic container|Tupperware|Other plastic wrapper,reject,0.556838,0.443162,0.556838,reject,False
images/accept_weak/taco_00873_Plastic_film_e8ce43b6.jpg,,accept_weak,accept,weak_accept_category,Plastic film,Other carton|Aluminium blister pack|Normal paper|Plastic film,accept,0.708650,0.708650,0.291350,reject,True
images/reject_weak/taco_00874_Magazine_paper_2cad3184.jpg,,reject_weak,reject,weak_reject_category,Magazine paper,Magazine paper,reject,0.573883,0.426117,0.573883,reject,True
images/accept_weak/taco_00875_Cigarette_b6d7b2ec.jpg,,accept_weak,accept,weak_accept_category,Cigarette,Plastic bottle cap|Clear plastic bottle|Wrapping paper|Cigarette,accept,0.942227,0.942227,0.057773,accept,True
images/reject_weak/taco_00876_Plastic_straw_458d4ed3.jpg,,reject_weak,reject,weak_reject_category,Plastic straw,Plastic straw,accept,0.835400,0.835400,0.164600,accept,False
images/accept_weak/taco_00877_Plastic_film_a0c5d3f4.jpg,,accept_weak,accept,weak_accept_category,Plastic film,Other plastic|Plastic film,accept,0.719577,0.719577,0.280423,reject,True
images/reject_weak/taco_00878_Plastic_bottle_cap_b217559e.jpg,,reject_weak,reject,weak_reject_category,Plastic bottle cap,Plastic bottle cap,accept,0.689907,0.689907,0.310093,reject,False
images/accept_weak/taco_00879_Plastic_film_8266a955.jpg,,accept_weak,accept,weak_accept_category,Plastic film,Disposable plastic cup|Plastic film|Normal paper|Cigarette,accept,0.766222,0.766222,0.233778,accept,True
images/reject_weak/taco_00880_Plastic_bottle_cap_61127abd.jpg,,reject_weak,reject,weak_reject_category,Plastic bottle cap,Plastic bottle cap,accept,0.699555,0.699555,0.300445,reject,False
images/accept_weak/taco_00881_Cigarette_9abdf397.jpg,,accept_weak,accept,weak_accept_category,Cigarette,Magazine paper|Normal paper|Cigarette,accept,0.971107,0.971107,0.028893,accept,True
images/accept_weak/taco_00882_Cigarette_3195fe05.jpg,,accept_weak,accept,weak_accept_category,Cigarette,Disposable plastic cup|Cigarette,accept,0.917132,0.917132,0.082868,accept,True
images/reject_weak/taco_00883_Other_plastic_28654aea.jpg,,reject_weak,reject,weak_reject_category,Other plastic,Other plastic,accept,0.537042,0.537042,0.462958,reject,False
images/accept_weak/taco_00884_Plastic_film_492fe406.jpg,,accept_weak,accept,weak_accept_category,Plastic film,Plastic film,accept,0.878746,0.878746,0.121254,accept,True
images/reject_weak/taco_00885_Plastic_straw_e8ef3aae.jpg,,reject_weak,reject,weak_reject_category,Plastic straw,Plastic straw,accept,0.931536,0.931536,0.068464,accept,False
images/reject_weak/taco_00886_Other_plastic_e82f8bd7.jpg,,reject_weak,reject,weak_reject_category,Other plastic,Other plastic,accept,0.917966,0.917966,0.082034,accept,False
images/reject_weak/taco_00887_Other_plastic_024d1877.jpg,,reject_weak,reject,weak_reject_category,Other plastic,Other plastic,accept,0.894114,0.894114,0.105886,accept,False
images/reject_weak/taco_00888_Other_plastic_2d2a0ba4.jpg,,reject_weak,reject,weak_reject_category,Other plastic,Other plastic|Plastic lid,accept,0.936348,0.936348,0.063652,accept,False
images/reject_weak/taco_00889_Other_plastic_6315f2e1.jpg,,reject_weak,reject,weak_reject_category,Other plastic,Other plastic,accept,0.971138,0.971138,0.028862,accept,False
images/reject_weak/taco_00890_Plastic_bottle_cap_8fdc48bb.jpg,,reject_weak,reject,weak_reject_category,Plastic bottle cap,Plastic bottle cap,accept,0.933712,0.933712,0.066288,accept,False
images/reject_weak/taco_00891_Other_plastic_f2eee01b.jpg,,reject_weak,reject,weak_reject_category,Other plastic,Other plastic|Plastic bottle cap,accept,0.946713,0.946713,0.053287,accept,False
images/accept_weak/taco_00892_Plastic_film_8e84e23f.jpg,,accept_weak,accept,weak_accept_category,Plastic film,Plastic film,accept,0.911421,0.911421,0.088579,accept,True
images/reject_weak/taco_00893_Other_plastic_9b677aca.jpg,,reject_weak,reject,weak_reject_category,Other plastic,Other plastic,accept,0.982578,0.982578,0.017422,accept,False
images/reject_weak/taco_00894_Other_plastic_f81ec9e2.jpg,,reject_weak,reject,weak_reject_category,Other plastic,Other plastic,accept,0.731102,0.731102,0.268898,reject,False
images/reject_weak/taco_00895_Other_plastic_a4c96d52.jpg,,reject_weak,reject,weak_reject_category,Other plastic,Other plastic,accept,0.819683,0.819683,0.180317,accept,False
images/accept_weak/taco_00896_Plastic_film_888a396b.jpg,,accept_weak,accept,weak_accept_category,Plastic film,Plastic film,accept,0.925476,0.925476,0.074524,accept,True
images/reject_weak/taco_00897_Other_plastic_3a6e4c71.jpg,,reject_weak,reject,weak_reject_category,Other plastic,Other plastic,reject,0.543838,0.456162,0.543838,reject,True
images/reject_weak/taco_00898_Other_plastic_6f855259.jpg,,reject_weak,reject,weak_reject_category,Other plastic,Other plastic,accept,0.990590,0.990590,0.009410,accept,False
images/reject_weak/taco_00899_Plastic_bottle_cap_ccac1b85.jpg,,reject_weak,reject,weak_reject_category,Plastic bottle cap,Plastic bottle cap,accept,0.930625,0.930625,0.069375,accept,False
images/accept_weak/taco_00900_Plastic_film_15648e13.jpg,,accept_weak,accept,weak_accept_category,Plastic film,Plastic film,accept,0.749853,0.749853,0.250147,reject,True
images/reject_weak/taco_00901_Other_plastic_cup_fdd81df5.jpg,,reject_weak,reject,weak_reject_category,Other plastic cup,Other plastic cup,accept,0.827217,0.827217,0.172783,accept,False
images/reject_weak/taco_00902_Other_plastic_935a8a57.jpg,,reject_weak,reject,weak_reject_category,Other plastic,Other plastic,reject,0.751309,0.248691,0.751309,reject,True
images/reject_weak/taco_00903_Other_plastic_07adf761.jpg,,reject_weak,reject,weak_reject_category,Other plastic,Other plastic,accept,0.982537,0.982537,0.017463,accept,False
images/accept_weak/taco_00904_Plastic_film_1c52fa65.jpg,,accept_weak,accept,weak_accept_category,Plastic film,Plastic film|Other plastic,accept,0.939995,0.939995,0.060005,accept,True
images/accept_weak/taco_00905_Plastic_film_b04c13aa.jpg,,accept_weak,accept,weak_accept_category,Plastic film,Plastic film|Cigarette,accept,0.860370,0.860370,0.139630,accept,True
images/accept_weak/taco_00906_Styrofoam_piece_76a83b69.jpg,,accept_weak,accept,weak_accept_category,Styrofoam piece,Styrofoam piece,accept,0.700755,0.700755,0.299245,reject,True
images/accept_weak/taco_00907_Styrofoam_piece_d267ae23.jpg,,accept_weak,accept,weak_accept_category,Styrofoam piece,Styrofoam piece|Cigarette,reject,0.609996,0.390004,0.609996,reject,False
images/reject_weak/taco_00908_Other_plastic_790c5706.jpg,,reject_weak,reject,weak_reject_category,Other plastic,Other plastic,accept,0.697314,0.697314,0.302686,reject,False
images/reject_weak/taco_00910_Disposable_plastic_cup_82210697.jpg,,reject_weak,reject,weak_reject_category,Disposable plastic cup,Disposable plastic cup,accept,0.606018,0.606018,0.393982,reject,False
images/reject_weak/taco_00911_Disposable_plastic_cup_24716c7d.jpg,,reject_weak,reject,weak_reject_category,Disposable plastic cup,Disposable plastic cup,accept,0.699185,0.699185,0.300815,reject,False
images/reject_weak/taco_00913_Normal_paper_1d363d38.jpg,,reject_weak,reject,weak_reject_category,Normal paper,Normal paper,accept,0.895090,0.895090,0.104910,accept,False
images/reject_weak/taco_00914_Plastic_straw_81bd8db1.jpg,,reject_weak,reject,weak_reject_category,Plastic straw,Plastic straw,accept,0.795360,0.795360,0.204640,accept,False
images/accept_weak/taco_00915_Plastic_film_80e04cc6.jpg,,accept_weak,accept,weak_accept_category,Plastic film,Plastic straw|Plastic film,accept,0.692096,0.692096,0.307904,reject,True
images/accept_weak/taco_00918_Plastic_film_27a2f568.jpg,,accept_weak,accept,weak_accept_category,Plastic film,Plastic film,accept,0.737860,0.737860,0.262140,reject,True
images/reject_weak/taco_00919_Other_plastic_95b2eafa.jpg,,reject_weak,reject,weak_reject_category,Other plastic,Other plastic,accept,0.919939,0.919939,0.080060,accept,False
images/reject_weak/taco_00920_Aluminium_foil_30977a3a.jpg,,reject_weak,reject,weak_reject_category,Aluminium foil,Aluminium foil,accept,0.663556,0.663556,0.336444,reject,False
images/reject_weak/taco_00921_Aluminium_foil_d912c3df.jpg,,reject_weak,reject,weak_reject_category,Aluminium foil,Aluminium foil,accept,0.969476,0.969476,0.030524,accept,False
images/accept_weak/taco_00922_Plastic_film_314391e1.jpg,,accept_weak,accept,weak_accept_category,Plastic film,Plastic film,accept,0.632849,0.632849,0.367151,reject,True
images/accept_weak/taco_00923_Plastic_film_538e7c26.jpg,,accept_weak,accept,weak_accept_category,Plastic film,Plastic film,accept,0.976403,0.976403,0.023597,accept,True
images/reject_weak/taco_00924_Food_waste_b8d3c665.jpg,,reject_weak,reject,weak_reject_category,Food waste,Food waste|Other plastic,accept,0.907525,0.907525,0.092475,accept,False
images/reject_weak/taco_00926_Other_plastic_9668eab8.jpg,,reject_weak,reject,weak_reject_category,Other plastic,Other plastic,accept,0.911899,0.911899,0.088101,accept,False
images/reject_weak/taco_00927_Other_plastic_ed0bfb8b.jpg,,reject_weak,reject,weak_reject_category,Other plastic,Other plastic,accept,0.756106,0.756106,0.243893,reject,False
images/accept_weak/taco_00928_Single-use_carrier_bag_9eb1fe4e.jpg,,accept_weak,accept,weak_accept_category,Single-use carrier bag,Single-use carrier bag|Other carton,accept,0.955643,0.955643,0.044357,accept,True
images/reject_weak/taco_00929_Other_plastic_deded25e.jpg,,reject_weak,reject,weak_reject_category,Other plastic,Other plastic,accept,0.876080,0.876080,0.123920,accept,False
images/reject_weak/taco_00930_Other_plastic_c7f97311.jpg,,reject_weak,reject,weak_reject_category,Other plastic,Other plastic,accept,0.873414,0.873414,0.126586,accept,False
images/reject_weak/taco_00931_Plastic_bottle_cap_f58cb439.jpg,,reject_weak,reject,weak_reject_category,Plastic bottle cap,Plastic bottle cap,accept,0.889771,0.889771,0.110229,accept,False
images/reject_weak/taco_00932_Plastic_bottle_cap_6f196a42.jpg,,reject_weak,reject,weak_reject_category,Plastic bottle cap,Plastic bottle cap,accept,0.702205,0.702205,0.297795,reject,False
images/accept_weak/taco_00933_Plastic_film_4f9469de.jpg,,accept_weak,accept,weak_accept_category,Plastic film,Plastic film,accept,0.914852,0.914852,0.085148,accept,True
images/reject_weak/taco_00935_Other_plastic_af5aacaf.jpg,,reject_weak,reject,weak_reject_category,Other plastic,Other plastic,accept,0.929443,0.929443,0.070557,accept,False
images/reject_weak/taco_00936_Other_plastic_2c403034.jpg,,reject_weak,reject,weak_reject_category,Other plastic,Other plastic,accept,0.894866,0.894866,0.105134,accept,False
images/reject_weak/taco_00937_Metal_bottle_cap_a5564392.jpg,,reject_weak,reject,weak_reject_category,Metal bottle cap,Metal bottle cap,accept,0.637308,0.637308,0.362692,reject,False
images/reject_weak/taco_00938_Metal_bottle_cap_d17743a5.jpg,,reject_weak,reject,weak_reject_category,Metal bottle cap,Metal bottle cap,accept,0.629873,0.629873,0.370127,reject,False
images/accept_weak/taco_00939_Tissues_8e7ca10b.jpg,,accept_weak,accept,weak_accept_category,Tissues,Tissues,accept,0.785398,0.785398,0.214602,accept,True
images/accept_weak/taco_00940_Styrofoam_piece_1588082d.jpg,,accept_weak,accept,weak_accept_category,Styrofoam piece,Styrofoam piece,reject,0.530092,0.469908,0.530092,reject,False
images/accept_weak/taco_00941_Styrofoam_piece_90b745dc.jpg,,accept_weak,accept,weak_accept_category,Styrofoam piece,Styrofoam piece|Other plastic,accept,0.804656,0.804656,0.195344,accept,True
images/reject_weak/taco_00942_Plastic_bottle_cap_ef4cd366.jpg,,reject_weak,reject,weak_reject_category,Plastic bottle cap,Plastic bottle cap,accept,0.664425,0.664425,0.335575,reject,False
images/accept_weak/taco_00943_Plastic_film_8d69692c.jpg,,accept_weak,accept,weak_accept_category,Plastic film,Plastic film,accept,0.787189,0.787189,0.212811,accept,True
images/accept_weak/taco_00944_Plastic_film_2727ac42.jpg,,accept_weak,accept,weak_accept_category,Plastic film,Plastic film,accept,0.599941,0.599941,0.400059,reject,True
images/accept_weak/taco_00945_Plastic_film_0664599f.jpg,,accept_weak,accept,weak_accept_category,Plastic film,Plastic film,accept,0.778754,0.778754,0.221246,accept,True
images/reject_weak/taco_00946_Plastic_bottle_cap_0d7e4ce3.jpg,,reject_weak,reject,weak_reject_category,Plastic bottle cap,Plastic bottle cap|Other plastic,accept,0.571057,0.571057,0.428943,reject,False
images/reject_weak/taco_00947_Corrugated_carton_24330de8.jpg,,reject_weak,reject,weak_reject_category,Corrugated carton,Corrugated carton,accept,0.560657,0.560657,0.439343,reject,False
images/accept_weak/taco_00948_Cigarette_59bc6cfb.jpg,,accept_weak,accept,weak_accept_category,Cigarette,Disposable plastic cup|Cigarette,accept,0.701729,0.701729,0.298271,reject,True
images/accept_weak/taco_00949_Styrofoam_piece_a599a26a.jpg,,accept_weak,accept,weak_accept_category,Styrofoam piece,Styrofoam piece,accept,0.971589,0.971589,0.028411,accept,True
images/accept_weak/taco_00950_Plastic_film_c92261d4.jpg,,accept_weak,accept,weak_accept_category,Plastic film,Plastic film,accept,0.731347,0.731347,0.268653,reject,True
images/accept_weak/taco_00951_Cigarette_080dbc43.jpg,,accept_weak,accept,weak_accept_category,Cigarette,Drink can|Cigarette,accept,0.666288,0.666288,0.333712,reject,True
images/accept_weak/taco_00952_Disposable_food_container_3187f0f1.jpg,,accept_weak,accept,weak_accept_category,Disposable food container,Disposable food container,accept,0.704079,0.704079,0.295921,reject,True
images/accept_weak/taco_00953_Styrofoam_piece_9f00809a.jpg,,accept_weak,accept,weak_accept_category,Styrofoam piece,Styrofoam piece|Plastic film|Unlabeled litter,accept,0.574552,0.574552,0.425448,reject,True
images/accept_weak/taco_00954_Plastic_film_8bfe989f.jpg,,accept_weak,accept,weak_accept_category,Plastic film,Plastic film|Styrofoam piece,accept,0.702911,0.702911,0.297089,reject,True
images/accept_weak/taco_00955_Other_plastic_wrapper_e54b4bc1.jpg,,accept_weak,accept,weak_accept_category,Other plastic wrapper,Other plastic wrapper,accept,0.729334,0.729334,0.270666,reject,True
images/reject_weak/taco_00956_Plastic_straw_711ebdd0.jpg,,reject_weak,reject,weak_reject_category,Plastic straw,Plastic straw,accept,0.922948,0.922948,0.077052,accept,False
images/accept_weak/taco_00957_Other_plastic_wrapper_eed3b781.jpg,,accept_weak,accept,weak_accept_category,Other plastic wrapper,Other plastic wrapper,accept,0.688253,0.688253,0.311747,reject,True
images/accept_weak/taco_00958_Plastic_film_37bbef32.jpg,,accept_weak,accept,weak_accept_category,Plastic film,Plastic film|Cigarette,accept,0.782332,0.782332,0.217668,accept,True
images/accept_weak/taco_00959_Cigarette_8980dd5e.jpg,,accept_weak,accept,weak_accept_category,Cigarette,Other plastic|Cigarette,accept,0.980776,0.980776,0.019224,accept,True
images/reject_weak/taco_00960_Plastic_bottle_cap_40b0748c.jpg,,reject_weak,reject,weak_reject_category,Plastic bottle cap,Plastic bottle cap,accept,0.701273,0.701273,0.298727,reject,False
images/accept_weak/taco_00961_Cigarette_9da37008.jpg,,accept_weak,accept,weak_accept_category,Cigarette,Plastic bottle cap|Pop tab|Cigarette,accept,0.915055,0.915055,0.084945,accept,True
images/accept_weak/taco_00962_Other_plastic_wrapper_b07702d2.jpg,,accept_weak,accept,weak_accept_category,Other plastic wrapper,Other plastic bottle|Squeezable tube|Other plastic wrapper|Other plastic,accept,0.858893,0.858893,0.141107,accept,True
images/accept_weak/taco_00963_Plastic_film_d81ad1d1.jpg,,accept_weak,accept,weak_accept_category,Plastic film,Plastic film|Disposable food container,accept,0.694087,0.694087,0.305913,reject,True
images/accept_weak/taco_00964_Cigarette_7ce57450.jpg,,accept_weak,accept,weak_accept_category,Cigarette,Clear plastic bottle|Other plastic|Cigarette,accept,0.974096,0.974096,0.025904,accept,True
images/accept_weak/taco_00965_Cigarette_0e26f7e0.jpg,,accept_weak,accept,weak_accept_category,Cigarette,Clear plastic bottle|Cigarette,accept,0.712952,0.712952,0.287048,reject,True
images/reject_weak/taco_00966_Drink_can_4ffbaf6a.jpg,,reject_weak,reject,weak_reject_category,Drink can,Drink can|Plastic straw|Metal bottle cap|Unlabeled litter,accept,0.752853,0.752853,0.247147,reject,False
images/reject_weak/taco_00967_Plastic_straw_08efa665.jpg,,reject_weak,reject,weak_reject_category,Plastic straw,Plastic straw,accept,0.915051,0.915051,0.084949,accept,False
images/reject_weak/taco_00969_Plastic_straw_33f0df64.jpg,,reject_weak,reject,weak_reject_category,Plastic straw,Plastic straw,accept,0.829376,0.829376,0.170624,accept,False
images/accept_weak/taco_00970_Cigarette_0230ad2c.jpg,,accept_weak,accept,weak_accept_category,Cigarette,Other plastic|Cigarette,accept,0.707216,0.707216,0.292784,reject,True
images/accept_weak/taco_00971_Plastic_film_f2ac3aa2.jpg,,accept_weak,accept,weak_accept_category,Plastic film,Plastic film,accept,0.710576,0.710576,0.289424,reject,True
images/reject_weak/taco_00972_Scrap_metal_af3343bb.jpg,,reject_weak,reject,weak_reject_category,Scrap metal,Scrap metal,accept,0.619912,0.619912,0.380088,reject,False
images/accept_weak/taco_00973_Plastic_film_921d8369.jpg,,accept_weak,accept,weak_accept_category,Plastic film,Plastic film,accept,0.617442,0.617442,0.382558,reject,True
images/reject_weak/taco_00974_Clear_plastic_bottle_c2796700.jpg,,reject_weak,reject,weak_reject_category,Clear plastic bottle,Clear plastic bottle|Plastic bottle cap|Unlabeled litter,accept,0.682508,0.682508,0.317492,reject,False
images/reject_weak/taco_00975_Clear_plastic_bottle_c907a687.jpg,,reject_weak,reject,weak_reject_category,Clear plastic bottle,Clear plastic bottle|Plastic bottle cap,reject,0.578144,0.421856,0.578144,reject,True
images/accept_weak/taco_00976_Styrofoam_piece_9b580012.jpg,,accept_weak,accept,weak_accept_category,Styrofoam piece,Styrofoam piece|Plastic film|Aluminium foil,accept,0.697085,0.697085,0.302915,reject,True
images/reject_weak/taco_00977_Other_plastic_f8be853e.jpg,,reject_weak,reject,weak_reject_category,Other plastic,Other plastic,accept,0.743268,0.743268,0.256732,reject,False
images/accept_weak/taco_00978_Disposable_food_container_4986341b.jpg,,accept_weak,accept,weak_accept_category,Disposable food container,Disposable food container,accept,0.582173,0.582173,0.417827,reject,True
images/reject_weak/taco_00979_Plastic_bottle_cap_9a3334ac.jpg,,reject_weak,reject,weak_reject_category,Plastic bottle cap,Plastic bottle cap,accept,0.817402,0.817402,0.182598,accept,False
images/accept_weak/taco_00980_Styrofoam_piece_f8991622.jpg,,accept_weak,accept,weak_accept_category,Styrofoam piece,Styrofoam piece,accept,0.830236,0.830236,0.169764,accept,True
images/reject_weak/taco_00981_Plastic_bottle_cap_7968c18f.jpg,,reject_weak,reject,weak_reject_category,Plastic bottle cap,Plastic bottle cap,accept,0.736575,0.736575,0.263425,reject,False
images/accept_weak/taco_00982_Styrofoam_piece_84d26277.jpg,,accept_weak,accept,weak_accept_category,Styrofoam piece,Styrofoam piece|Unlabeled litter,accept,0.754345,0.754345,0.245655,reject,True
images/reject_weak/taco_00983_Paper_bag_8a48de53.jpg,,reject_weak,reject,weak_reject_category,Paper bag,Paper bag|Unlabeled litter|Other plastic,accept,0.943538,0.943538,0.056462,accept,False
images/accept_weak/taco_00984_Styrofoam_piece_451885aa.jpg,,accept_weak,accept,weak_accept_category,Styrofoam piece,Styrofoam piece,accept,0.827895,0.827895,0.172105,accept,True
images/accept_weak/taco_00985_Styrofoam_piece_a0aaa022.jpg,,accept_weak,accept,weak_accept_category,Styrofoam piece,Plastic bottle cap|Styrofoam piece,reject,0.683293,0.316707,0.683293,reject,False
images/reject_weak/taco_00986_Disposable_plastic_cup_52330317.jpg,,reject_weak,reject,weak_reject_category,Disposable plastic cup,Disposable plastic cup,accept,0.740403,0.740403,0.259597,reject,False
images/reject_weak/taco_00988_Other_carton_12cb1b68.jpg,,reject_weak,reject,weak_reject_category,Other carton,Other carton,reject,0.749011,0.250989,0.749011,reject,True
images/accept_weak/taco_00989_Disposable_food_container_c09ead2b.jpg,,accept_weak,accept,weak_accept_category,Disposable food container,Disposable food container,reject,0.813717,0.186283,0.813717,reject,False
images/reject_weak/taco_00991_Plastic_straw_0e8bda4f.jpg,,reject_weak,reject,weak_reject_category,Plastic straw,Plastic straw,accept,0.823408,0.823408,0.176592,accept,False
images/reject_weak/taco_00992_Other_plastic_9d0dba69.jpg,,reject_weak,reject,weak_reject_category,Other plastic,Other plastic,accept,0.885990,0.885990,0.114010,accept,False
images/accept_weak/taco_00993_Garbage_bag_e3f92c5b.jpg,,accept_weak,accept,weak_accept_category,Garbage bag,Garbage bag|Normal paper,accept,0.956285,0.956285,0.043715,accept,True
images/reject_weak/taco_00994_Disposable_plastic_cup_5e6ca0f6.jpg,,reject_weak,reject,weak_reject_category,Disposable plastic cup,Disposable plastic cup|Unlabeled litter,accept,0.886931,0.886931,0.113069,accept,False
images/accept_weak/taco_00995_Cigarette_19df2bc7.jpg,,accept_weak,accept,weak_accept_category,Cigarette,Other plastic bottle|Other plastic|Cigarette,accept,0.914313,0.914313,0.085687,accept,True
images/accept_weak/taco_00996_Cigarette_b1651a00.jpg,,accept_weak,accept,weak_accept_category,Cigarette,Clear plastic bottle|Unlabeled litter|Other plastic|Cigarette,accept,0.910756,0.910756,0.089244,accept,True
images/accept_weak/taco_00997_Cigarette_52892927.jpg,,accept_weak,accept,weak_accept_category,Cigarette,Corrugated carton|Cigarette,accept,0.698908,0.698908,0.301092,reject,True
images/accept_weak/taco_00998_Other_plastic_wrapper_fdcf7324.jpg,,accept_weak,accept,weak_accept_category,Other plastic wrapper,Other plastic wrapper|Normal paper,accept,0.985989,0.985989,0.014011,accept,True
images/accept_weak/taco_00999_Cigarette_4651cae4.jpg,,accept_weak,accept,weak_accept_category,Cigarette,Clear plastic bottle|Cigarette,accept,0.934954,0.934954,0.065046,accept,True
images/reject_weak/taco_01000_Glass_bottle_0be2c6bd.jpg,,reject_weak,reject,weak_reject_category,Glass bottle,Glass bottle,accept,0.672312,0.672312,0.327688,reject,False
images/reject_weak/taco_01001_Plastic_straw_f749f4ac.jpg,,reject_weak,reject,weak_reject_category,Plastic straw,Plastic straw|Drink carton,accept,0.866104,0.866104,0.133896,accept,False
images/accept_weak/taco_01002_Plastic_film_190ef466.jpg,,accept_weak,accept,weak_accept_category,Plastic film,Drink can|Plastic film,accept,0.841976,0.841976,0.158024,accept,True
images/reject_weak/taco_01003_Corrugated_carton_e2e8d7aa.jpg,,reject_weak,reject,weak_reject_category,Corrugated carton,Corrugated carton|Unlabeled litter,reject,0.612937,0.387063,0.612937,reject,True
images/reject_weak/taco_01004_Plastic_straw_185a9603.jpg,,reject_weak,reject,weak_reject_category,Plastic straw,Squeezable tube|Plastic straw,accept,0.867685,0.867685,0.132315,accept,False
images/accept_weak/taco_01005_Plastic_film_d28768b1.jpg,,accept_weak,accept,weak_accept_category,Plastic film,Other plastic|Unlabeled litter|Plastic film,accept,0.783143,0.783143,0.216857,accept,True
images/accept_weak/taco_01006_Styrofoam_piece_9277ba76.jpg,,accept_weak,accept,weak_accept_category,Styrofoam piece,Styrofoam piece|Unlabeled litter,accept,0.859183,0.859183,0.140817,accept,True
images/accept_weak/taco_01007_Cigarette_09f2b096.jpg,,accept_weak,accept,weak_accept_category,Cigarette,Disposable plastic cup|Unlabeled litter|Cigarette,accept,0.928648,0.928648,0.071352,accept,True
images/reject_weak/taco_01008_Glass_bottle_2955403d.jpg,,reject_weak,reject,weak_reject_category,Glass bottle,Glass bottle|Disposable plastic cup|Unlabeled litter,accept,0.780993,0.780993,0.219007,accept,False
images/accept_weak/taco_01009_Plastic_film_5317e156.jpg,,accept_weak,accept,weak_accept_category,Plastic film,Plastic film,accept,0.720356,0.720356,0.279644,reject,True
images/accept_weak/taco_01010_Plastic_film_2aceaaaa.jpg,,accept_weak,accept,weak_accept_category,Plastic film,Glass bottle|Plastic bottle cap|Rope & strings|Plastic film|Styrofoam piece,accept,0.941997,0.941997,0.058003,accept,True
images/accept_weak/taco_01011_Plastic_film_70d5b7f1.jpg,,accept_weak,accept,weak_accept_category,Plastic film,Plastic film,reject,0.808595,0.191405,0.808595,reject,False
images/accept_weak/taco_01012_Plastic_film_ff885e35.jpg,,accept_weak,accept,weak_accept_category,Plastic film,Meal carton|Plastic film,accept,0.717451,0.717451,0.282549,reject,True
images/accept_weak/taco_01013_Disposable_food_container_eac0a0ff.jpg,,accept_weak,accept,weak_accept_category,Disposable food container,Disposable food container|Clear plastic bottle|Plastic bottle cap|Normal paper|Cigarette,accept,0.941299,0.941299,0.058701,accept,True
images/accept_weak/taco_01014_Plastic_film_634a4cdb.jpg,,accept_weak,accept,weak_accept_category,Plastic film,Plastic film,accept,0.714081,0.714081,0.285919,reject,True
images/accept_weak/taco_01015_Plastic_film_9c139ad6.jpg,,accept_weak,accept,weak_accept_category,Plastic film,Meal carton|Plastic film,accept,0.771264,0.771264,0.228736,accept,True
images/reject_weak/taco_01016_Normal_paper_7db458fc.jpg,,reject_weak,reject,weak_reject_category,Normal paper,Normal paper,accept,0.722223,0.722223,0.277777,reject,False
images/reject_weak/taco_01018_Disposable_plastic_cup_be9d42ea.jpg,,reject_weak,reject,weak_reject_category,Disposable plastic cup,Disposable plastic cup|Normal paper|Unlabeled litter,accept,0.626343,0.626343,0.373657,reject,False
images/reject_weak/taco_01019_Clear_plastic_bottle_8d5f1feb.jpg,,reject_weak,reject,weak_reject_category,Clear plastic bottle,Clear plastic bottle|Plastic bottle cap,accept,0.579064,0.579064,0.420936,reject,False
images/reject_weak/taco_01020_Drink_can_2452dae8.jpg,,reject_weak,reject,weak_reject_category,Drink can,Drink can|Unlabeled litter,accept,0.980283,0.980283,0.019717,accept,False
images/accept_weak/taco_01021_Other_plastic_wrapper_cc3a930d.jpg,,accept_weak,accept,weak_accept_category,Other plastic wrapper,Other plastic wrapper|Drink can|Pop tab,accept,0.741435,0.741435,0.258565,reject,True
images/reject_weak/taco_01022_Aluminium_foil_c665c95b.jpg,,reject_weak,reject,weak_reject_category,Aluminium foil,Aluminium foil|Paper cup|Drink can|Metal bottle cap|Clear plastic bottle,accept,0.921446,0.921446,0.078554,accept,False
images/accept_weak/taco_01023_Other_plastic_wrapper_03046f88.jpg,,accept_weak,accept,weak_accept_category,Other plastic wrapper,Other plastic wrapper,accept,0.822810,0.822810,0.177190,accept,True
images/reject_weak/taco_01024_Drink_can_49947068.jpg,,reject_weak,reject,weak_reject_category,Drink can,Drink can,accept,0.794812,0.794812,0.205187,accept,False
images/reject_weak/taco_01025_Clear_plastic_bottle_b7b3c61b.jpg,,reject_weak,reject,weak_reject_category,Clear plastic bottle,Clear plastic bottle,accept,0.679699,0.679699,0.320301,reject,False
images/reject_weak/taco_01026_Plastic_straw_9cf413f1.jpg,,reject_weak,reject,weak_reject_category,Plastic straw,Plastic straw|Plastic lid,accept,0.968145,0.968145,0.031855,accept,False
images/accept_weak/taco_01027_Cigarette_8631a3a2.jpg,,accept_weak,accept,weak_accept_category,Cigarette,Six pack rings|Unlabeled litter|Cigarette,accept,0.895912,0.895912,0.104088,accept,True
images/reject_weak/taco_01028_Drink_can_f0529396.jpg,,reject_weak,reject,weak_reject_category,Drink can,Drink can|Pop tab,accept,0.574549,0.574549,0.425451,reject,False
images/accept_weak/taco_01029_Other_plastic_wrapper_f8ba7c29.jpg,,accept_weak,accept,weak_accept_category,Other plastic wrapper,Other carton|Other plastic wrapper|Pop tab|Drink can,accept,0.714739,0.714739,0.285261,reject,True
images/reject_weak/taco_01030_Drink_can_3bb1ec78.jpg,,reject_weak,reject,weak_reject_category,Drink can,Drink can,accept,0.580758,0.580758,0.419242,reject,False
images/accept_weak/taco_01031_Styrofoam_piece_6bfcc4c7.jpg,,accept_weak,accept,weak_accept_category,Styrofoam piece,Styrofoam piece,accept,0.881664,0.881664,0.118336,accept,True
images/reject_weak/taco_01032_Disposable_plastic_cup_1540248b.jpg,,reject_weak,reject,weak_reject_category,Disposable plastic cup,Disposable plastic cup|Drink can|Pop tab|Other plastic|Unlabeled litter|Other carton|Aluminium foil,accept,0.900496,0.900496,0.099504,accept,False
images/reject_weak/taco_01033_Drink_can_48290333.jpg,,reject_weak,reject,weak_reject_category,Drink can,Drink can|Pop tab,reject,0.508439,0.491561,0.508439,reject,True
images/reject_weak/taco_01034_Pop_tab_edf6563e.jpg,,reject_weak,reject,weak_reject_category,Pop tab,Pop tab|Drink can,accept,0.853812,0.853812,0.146188,accept,False
images/reject_weak/taco_01036_Plastic_straw_124bfdae.jpg,,reject_weak,reject,weak_reject_category,Plastic straw,Plastic straw|Plastic lid|Unlabeled litter,accept,0.721591,0.721591,0.278408,reject,False
images/accept_weak/taco_01037_Plastic_film_1570ce67.jpg,,accept_weak,accept,weak_accept_category,Plastic film,Meal carton|Plastic film|Crisp packet|Unlabeled litter|Cigarette,accept,0.742128,0.742128,0.257872,reject,True
images/accept_weak/taco_01038_Plastic_film_a977d259.jpg,,accept_weak,accept,weak_accept_category,Plastic film,Plastic film,accept,0.925750,0.925750,0.074250,accept,True
images/accept_weak/taco_01039_Single-use_carrier_bag_91829698.jpg,,accept_weak,accept,weak_accept_category,Single-use carrier bag,Single-use carrier bag|Other plastic wrapper|Plastic film|Paper bag,reject,0.785962,0.214038,0.785962,reject,False
images/accept_weak/taco_01040_Plastic_film_69aab452.jpg,,accept_weak,accept,weak_accept_category,Plastic film,Plastic film,accept,0.507510,0.507510,0.492490,reject,True
images/reject_weak/taco_01041_Paper_bag_52538378.jpg,,reject_weak,reject,weak_reject_category,Paper bag,Paper bag,reject,0.533997,0.466003,0.533997,reject,True
images/reject_weak/taco_01042_Disposable_plastic_cup_f210a75d.jpg,,reject_weak,reject,weak_reject_category,Disposable plastic cup,Disposable plastic cup,accept,0.833446,0.833446,0.166554,accept,False
images/reject_weak/taco_01043_Disposable_plastic_cup_a7022a55.jpg,,reject_weak,reject,weak_reject_category,Disposable plastic cup,Disposable plastic cup,accept,0.794003,0.794003,0.205997,accept,False
images/reject_weak/taco_01044_Glass_bottle_3b0d52bf.jpg,,reject_weak,reject,weak_reject_category,Glass bottle,Glass bottle,accept,0.616627,0.616627,0.383373,reject,False
images/accept_weak/taco_01045_Cigarette_2202232a.jpg,,accept_weak,accept,weak_accept_category,Cigarette,Clear plastic bottle|Cigarette,accept,0.565658,0.565658,0.434342,reject,True
images/accept_weak/taco_01046_Other_plastic_wrapper_ce8111fa.jpg,,accept_weak,accept,weak_accept_category,Other plastic wrapper,Meal carton|Plastic straw|Plastic lid|Paper cup|Other plastic wrapper|Other plastic,accept,0.885530,0.885530,0.114470,accept,True
images/accept_weak/taco_01047_Cigarette_8fe01f03.jpg,,accept_weak,accept,weak_accept_category,Cigarette,Paper cup|Unlabeled litter|Cigarette,accept,0.680237,0.680237,0.319763,reject,True
images/accept_weak/taco_01048_Cigarette_28808b6e.jpg,,accept_weak,accept,weak_accept_category,Cigarette,Plastic straw|Cigarette,accept,0.955569,0.955569,0.044431,accept,True
images/accept_weak/taco_01049_Other_plastic_wrapper_6fc2fc62.jpg,,accept_weak,accept,weak_accept_category,Other plastic wrapper,Other plastic wrapper,accept,0.946563,0.946563,0.053437,accept,True
images/accept_weak/taco_01050_Cigarette_3657c81a.jpg,,accept_weak,accept,weak_accept_category,Cigarette,Meal carton|Cigarette,reject,0.996890,0.003110,0.996890,reject,False
images/reject_weak/taco_01051_Paper_cup_340efe7d.jpg,,reject_weak,reject,weak_reject_category,Paper cup,Paper cup|Plastic lid,accept,0.676638,0.676638,0.323362,reject,False
images/accept_weak/taco_01052_Plastic_film_009a4c6f.jpg,,accept_weak,accept,weak_accept_category,Plastic film,Paper cup|Plastic lid|Plastic film|Drink can|Unlabeled litter,accept,0.838388,0.838388,0.161612,accept,True
images/reject_weak/taco_01053_Normal_paper_96539518.jpg,,reject_weak,reject,weak_reject_category,Normal paper,Plastic glooves|Normal paper,accept,0.722392,0.722392,0.277608,reject,False
images/accept_weak/taco_01054_Styrofoam_piece_4a960a2b.jpg,,accept_weak,accept,weak_accept_category,Styrofoam piece,Styrofoam piece|Plastic film,accept,0.959479,0.959479,0.040521,accept,True
images/reject_weak/taco_01055_Plastic_lid_f427a42b.jpg,,reject_weak,reject,weak_reject_category,Plastic lid,Plastic lid,accept,0.857394,0.857394,0.142606,accept,False
images/reject_weak/taco_01056_Drink_can_7f45a7a4.jpg,,reject_weak,reject,weak_reject_category,Drink can,Drink can|Metal bottle cap|Plastic straw,accept,0.677250,0.677250,0.322750,reject,False
images/reject_weak/taco_01057_Paper_cup_02822908.jpg,,reject_weak,reject,weak_reject_category,Paper cup,Paper cup|Unlabeled litter,accept,0.726622,0.726622,0.273378,reject,False
images/reject_weak/taco_01058_Other_plastic_a01b7754.jpg,,reject_weak,reject,weak_reject_category,Other plastic,Other plastic,accept,0.740775,0.740775,0.259225,reject,False
images/accept_weak/taco_01059_Crisp_packet_b9632447.jpg,,accept_weak,accept,weak_accept_category,Crisp packet,Crisp packet,accept,0.809351,0.809351,0.190649,accept,True
images/accept_weak/taco_01060_Disposable_food_container_36aace34.jpg,,accept_weak,accept,weak_accept_category,Disposable food container,Disposable food container|Other plastic|Plastic film,accept,0.613835,0.613835,0.386165,reject,True
images/reject_weak/taco_01061_Food_Can_9f3dfaeb.jpg,,reject_weak,reject,weak_reject_category,Food Can,Food Can,accept,0.530358,0.530358,0.469642,reject,False
images/accept_weak/taco_01062_Cigarette_e7b84a8a.jpg,,accept_weak,accept,weak_accept_category,Cigarette,Disposable plastic cup|Plastic lid|Other plastic|Unlabeled litter|Cigarette,reject,0.647607,0.352393,0.647607,reject,False
images/reject_weak/taco_01063_Clear_plastic_bottle_7a0db0e7.jpg,,reject_weak,reject,weak_reject_category,Clear plastic bottle,Clear plastic bottle,accept,0.520121,0.520121,0.479879,reject,False
images/accept_weak/taco_01064_Cigarette_233764a4.jpg,,accept_weak,accept,weak_accept_category,Cigarette,Disposable plastic cup|Paper cup|Plastic straw|Plastic lid|Corrugated carton|Paper bag|Normal paper|Unlabeled litter|Cigarette,accept,0.804337,0.804337,0.195663,accept,True
images/accept_weak/taco_01065_Plastic_film_e76265f5.jpg,,accept_weak,accept,weak_accept_category,Plastic film,Meal carton|Plastic film,accept,0.828484,0.828484,0.171516,accept,True
images/reject_weak/taco_01066_Pop_tab_a8b0c305.jpg,,reject_weak,reject,weak_reject_category,Pop tab,Pop tab|Drink can,reject,0.595685,0.404315,0.595685,reject,True
images/reject_weak/taco_01067_Clear_plastic_bottle_c68c89da.jpg,,reject_weak,reject,weak_reject_category,Clear plastic bottle,Clear plastic bottle,accept,0.888955,0.888955,0.111045,accept,False
images/accept_weak/taco_01068_Foam_food_container_d01e08f7.jpg,,accept_weak,accept,weak_accept_category,Foam food container,Foam food container,accept,0.946285,0.946285,0.053715,accept,True
images/reject_weak/taco_01069_Paper_cup_8a34e57b.jpg,,reject_weak,reject,weak_reject_category,Paper cup,Paper cup|Plastic lid|Plastic straw,reject,0.626138,0.373862,0.626138,reject,True
images/reject_weak/taco_01070_Plastic_lid_eb2e7f6b.jpg,,reject_weak,reject,weak_reject_category,Plastic lid,Plastic lid|Paper cup|Other carton,accept,0.510470,0.510470,0.489530,reject,False
images/accept_weak/taco_01071_Single-use_carrier_bag_e94383c0.jpg,,accept_weak,accept,weak_accept_category,Single-use carrier bag,Spread tub|Single-use carrier bag,accept,0.639217,0.639217,0.360783,reject,True
images/accept_weak/taco_01072_Crisp_packet_79d351e4.jpg,,accept_weak,accept,weak_accept_category,Crisp packet,Crisp packet|Cigarette,accept,0.961518,0.961518,0.038482,accept,True
images/accept_weak/taco_01073_Crisp_packet_20cfca78.jpg,,accept_weak,accept,weak_accept_category,Crisp packet,Crisp packet,reject,0.981418,0.018582,0.981418,reject,False
images/reject_weak/taco_01074_Disposable_plastic_cup_01c6d9f4.jpg,,reject_weak,reject,weak_reject_category,Disposable plastic cup,Disposable plastic cup,accept,0.543051,0.543051,0.456949,reject,False
images/accept_weak/taco_01075_Plastic_film_e2ae58dd.jpg,,accept_weak,accept,weak_accept_category,Plastic film,Plastic film,accept,0.683262,0.683262,0.316738,reject,True
images/reject_weak/taco_01076_Disposable_plastic_cup_4d2559f0.jpg,,reject_weak,reject,weak_reject_category,Disposable plastic cup,Disposable plastic cup,accept,0.926893,0.926893,0.073108,accept,False
images/reject_weak/taco_01077_Clear_plastic_bottle_b2ba319c.jpg,,reject_weak,reject,weak_reject_category,Clear plastic bottle,Clear plastic bottle|Aluminium foil,reject,0.991807,0.008193,0.991807,reject,True
images/reject_weak/taco_01078_Clear_plastic_bottle_074f2ec1.jpg,,reject_weak,reject,weak_reject_category,Clear plastic bottle,Clear plastic bottle|Plastic bottle cap|Unlabeled litter|Drink carton,accept,0.798039,0.798039,0.201961,accept,False
images/accept_weak/taco_01079_Single-use_carrier_bag_95265e73.jpg,,accept_weak,accept,weak_accept_category,Single-use carrier bag,Aerosol|Clear plastic bottle|Single-use carrier bag|Normal paper|Plastic film,accept,0.947226,0.947226,0.052774,accept,True
images/accept_weak/taco_01080_Other_plastic_wrapper_e3cece6c.jpg,,accept_weak,accept,weak_accept_category,Other plastic wrapper,Clear plastic bottle|Other plastic wrapper,accept,0.855975,0.855975,0.144025,accept,True
images/reject_weak/taco_01081_Clear_plastic_bottle_6c09344e.jpg,,reject_weak,reject,weak_reject_category,Clear plastic bottle,Clear plastic bottle,accept,0.854255,0.854255,0.145745,accept,False
images/reject_weak/taco_01082_Clear_plastic_bottle_8244e53a.jpg,,reject_weak,reject,weak_reject_category,Clear plastic bottle,Clear plastic bottle|Drink can|Pop tab,accept,0.665834,0.665834,0.334166,reject,False
images/reject_weak/taco_01083_Aluminium_foil_c54af112.jpg,,reject_weak,reject,weak_reject_category,Aluminium foil,Aluminium foil,accept,0.788709,0.788709,0.211291,accept,False
images/accept_weak/taco_01084_Crisp_packet_2c2d5bfa.jpg,,accept_weak,accept,weak_accept_category,Crisp packet,Clear plastic bottle|Plastic bottle cap|Crisp packet|Other plastic wrapper|Unlabeled litter,accept,0.750042,0.750042,0.249958,reject,True
images/reject_weak/taco_01085_Other_carton_5e0be88a.jpg,,reject_weak,reject,weak_reject_category,Other carton,Other carton,reject,0.963205,0.036795,0.963205,reject,True
images/accept_weak/taco_01086_Other_plastic_wrapper_ffdffd51.jpg,,accept_weak,accept,weak_accept_category,Other plastic wrapper,Other plastic wrapper,accept,0.969925,0.969925,0.030074,accept,True
images/accept_weak/taco_01087_Plastic_film_02fc54bd.jpg,,accept_weak,accept,weak_accept_category,Plastic film,Plastic film,accept,0.919769,0.919769,0.080231,accept,True
images/reject_weak/taco_01088_Clear_plastic_bottle_769c1d20.jpg,,reject_weak,reject,weak_reject_category,Clear plastic bottle,Clear plastic bottle|Plastic bottle cap,reject,0.968424,0.031576,0.968424,reject,True
images/reject_weak/taco_01089_Other_plastic_bab37df4.jpg,,reject_weak,reject,weak_reject_category,Other plastic,Other plastic|Plastic straw|Plastic lid,accept,0.642798,0.642798,0.357202,reject,False
images/reject_weak/taco_01090_Aluminium_foil_2a0aff0d.jpg,,reject_weak,reject,weak_reject_category,Aluminium foil,Aluminium foil,accept,0.743930,0.743930,0.256070,reject,False
images/reject_weak/taco_01091_Clear_plastic_bottle_03d7180f.jpg,,reject_weak,reject,weak_reject_category,Clear plastic bottle,Clear plastic bottle,reject,0.750706,0.249294,0.750706,reject,True
images/accept_weak/taco_01092_Disposable_food_container_2ce4309c.jpg,,accept_weak,accept,weak_accept_category,Disposable food container,Disposable food container,reject,0.637474,0.362526,0.637474,reject,False
images/reject_weak/taco_01093_Aluminium_foil_89ab0340.jpg,,reject_weak,reject,weak_reject_category,Aluminium foil,Aluminium foil,reject,0.878596,0.121404,0.878596,reject,True
images/accept_weak/taco_01094_Other_plastic_wrapper_f9b5f390.jpg,,accept_weak,accept,weak_accept_category,Other plastic wrapper,Clear plastic bottle|Other plastic wrapper,accept,0.880426,0.880426,0.119575,accept,True
images/reject_weak/taco_01095_Aluminium_foil_28d21c08.jpg,,reject_weak,reject,weak_reject_category,Aluminium foil,Aluminium foil,accept,0.766611,0.766611,0.233389,accept,False
images/reject_weak/taco_01096_Clear_plastic_bottle_bc994a1f.jpg,,reject_weak,reject,weak_reject_category,Clear plastic bottle,Clear plastic bottle,reject,0.984019,0.015981,0.984019,reject,True
images/reject_weak/taco_01097_Clear_plastic_bottle_58ba1f96.jpg,,reject_weak,reject,weak_reject_category,Clear plastic bottle,Clear plastic bottle|Other plastic,accept,0.593354,0.593354,0.406647,reject,False
images/accept_weak/taco_01098_Plastic_film_8dab0d65.jpg,,accept_weak,accept,weak_accept_category,Plastic film,Drink can|Plastic film,accept,0.761903,0.761903,0.238098,accept,True
images/reject_weak/taco_01099_Clear_plastic_bottle_8b5a71de.jpg,,reject_weak,reject,weak_reject_category,Clear plastic bottle,Clear plastic bottle|Plastic bottle cap,accept,0.756881,0.756881,0.243119,reject,False
images/reject_weak/taco_01101_Aerosol_f013633f.jpg,,reject_weak,reject,weak_reject_category,Aerosol,Aerosol|Glass bottle|Clear plastic bottle,accept,0.911283,0.911283,0.088717,accept,False
images/reject_weak/taco_01102_Glass_bottle_1d261396.jpg,,reject_weak,reject,weak_reject_category,Glass bottle,Glass bottle|Unlabeled litter,reject,0.665077,0.334923,0.665077,reject,True
images/reject_weak/taco_01103_Clear_plastic_bottle_b1ef908d.jpg,,reject_weak,reject,weak_reject_category,Clear plastic bottle,Clear plastic bottle|Glass bottle|Paper cup,reject,0.963224,0.036776,0.963224,reject,True
images/reject_weak/taco_01104_Corrugated_carton_0aee8c39.jpg,,reject_weak,reject,weak_reject_category,Corrugated carton,Corrugated carton,reject,0.973133,0.026867,0.973133,reject,True
images/reject_weak/taco_01105_Other_plastic_bottle_5fe538a2.jpg,,reject_weak,reject,weak_reject_category,Other plastic bottle,Other plastic bottle|Corrugated carton,reject,0.968949,0.031051,0.968949,reject,True
images/reject_weak/taco_01106_Clear_plastic_bottle_67408f3a.jpg,,reject_weak,reject,weak_reject_category,Clear plastic bottle,Clear plastic bottle|Plastic bottle cap|Scrap metal,accept,0.810894,0.810894,0.189106,accept,False
images/accept_weak/taco_01107_Other_plastic_wrapper_d84aad28.jpg,,accept_weak,accept,weak_accept_category,Other plastic wrapper,Clear plastic bottle|Other plastic bottle|Unlabeled litter|Other plastic|Paper cup|Other plastic wrapper|Plastic film|Drink can|Plastic lid|Plastic straw|Plastic bottle cap,accept,0.636371,0.636371,0.363629,reject,True
images/reject_weak/taco_01108_Plastic_bottle_cap_9dfe8b16.jpg,,reject_weak,reject,weak_reject_category,Plastic bottle cap,Plastic bottle cap,accept,0.966146,0.966146,0.033854,accept,False
images/reject_weak/taco_01109_Tupperware_3d4294e5.jpg,,reject_weak,reject,weak_reject_category,Tupperware,Tupperware,accept,0.600158,0.600158,0.399842,reject,False
images/reject_weak/taco_01110_Clear_plastic_bottle_88229e58.jpg,,reject_weak,reject,weak_reject_category,Clear plastic bottle,Clear plastic bottle,accept,0.854984,0.854984,0.145016,accept,False
images/accept_weak/taco_01111_Plastic_utensils_84bc26df.jpg,,accept_weak,accept,weak_accept_category,Plastic utensils,Plastic utensils|Paper bag|Plastic film|Other plastic wrapper|Pop tab|Cigarette,accept,0.830339,0.830339,0.169661,accept,True
images/accept_weak/taco_01112_Cigarette_cef02c27.jpg,,accept_weak,accept,weak_accept_category,Cigarette,Clear plastic bottle|Cigarette,accept,0.898868,0.898868,0.101132,accept,True
images/accept_weak/taco_01113_Single-use_carrier_bag_6868a17e.jpg,,accept_weak,accept,weak_accept_category,Single-use carrier bag,Clear plastic bottle|Plastic bottle cap|Single-use carrier bag,accept,0.805686,0.805686,0.194314,accept,True
images/reject_weak/taco_01114_Tupperware_b8b4ad47.jpg,,reject_weak,reject,weak_reject_category,Tupperware,Tupperware|Plastic bottle cap|Unlabeled litter,accept,0.662795,0.662795,0.337205,reject,False
images/accept_weak/taco_01115_Foam_food_container_dc9ef771.jpg,,accept_weak,accept,weak_accept_category,Foam food container,Foam food container,accept,0.878280,0.878280,0.121720,accept,True
images/accept_weak/taco_01116_Plastic_film_b1c6304f.jpg,,accept_weak,accept,weak_accept_category,Plastic film,Plastic film,accept,0.674014,0.674014,0.325986,reject,True
images/accept_weak/taco_01117_Disposable_food_container_44d10ab7.jpg,,accept_weak,accept,weak_accept_category,Disposable food container,Pizza box|Disposable food container,accept,0.878734,0.878734,0.121266,accept,True
images/reject_weak/taco_01118_Clear_plastic_bottle_c711759d.jpg,,reject_weak,reject,weak_reject_category,Clear plastic bottle,Clear plastic bottle,reject,0.982448,0.017552,0.982448,reject,True
images/reject_weak/taco_01119_Corrugated_carton_48e73c3b.jpg,,reject_weak,reject,weak_reject_category,Corrugated carton,Corrugated carton,reject,0.954029,0.045971,0.954029,reject,True
images/reject_weak/taco_01120_Clear_plastic_bottle_1b2151e4.jpg,,reject_weak,reject,weak_reject_category,Clear plastic bottle,Clear plastic bottle|Aluminium foil,reject,0.913560,0.086440,0.913560,reject,True
images/reject_weak/taco_01121_Drink_carton_f6858f3e.jpg,,reject_weak,reject,weak_reject_category,Drink carton,Drink carton|Other carton|Clear plastic bottle|Aluminium foil,reject,0.902227,0.097772,0.902227,reject,True
images/accept_weak/taco_01122_Other_plastic_wrapper_26199319.jpg,,accept_weak,accept,weak_accept_category,Other plastic wrapper,Clear plastic bottle|Glass bottle|Other plastic wrapper|Unlabeled litter,accept,0.946978,0.946978,0.053022,accept,True
images/accept_weak/taco_01123_Single-use_carrier_bag_8f6667b2.jpg,,accept_weak,accept,weak_accept_category,Single-use carrier bag,Drink can|Clear plastic bottle|Single-use carrier bag|Pop tab,accept,0.589975,0.589975,0.410025,reject,True
images/accept_weak/taco_01124_Foam_food_container_4665fab1.jpg,,accept_weak,accept,weak_accept_category,Foam food container,Disposable plastic cup|Foam food container,accept,0.905545,0.905545,0.094455,accept,True
images/reject_weak/taco_01125_Aluminium_foil_4a2dab6d.jpg,,reject_weak,reject,weak_reject_category,Aluminium foil,Aluminium foil,accept,0.801066,0.801066,0.198934,accept,False
images/reject_weak/taco_01126_Disposable_plastic_cup_d058a20d.jpg,,reject_weak,reject,weak_reject_category,Disposable plastic cup,Disposable plastic cup,reject,0.949264,0.050736,0.949264,reject,True
images/reject_weak/taco_01127_Clear_plastic_bottle_fd267dec.jpg,,reject_weak,reject,weak_reject_category,Clear plastic bottle,Clear plastic bottle,accept,0.902268,0.902268,0.097732,accept,False
images/reject_weak/taco_01128_Other_plastic_6ea3bc5b.jpg,,reject_weak,reject,weak_reject_category,Other plastic,Other plastic,reject,0.542816,0.457184,0.542816,reject,True
images/accept_weak/taco_01129_Single-use_carrier_bag_31e211a4.jpg,,accept_weak,accept,weak_accept_category,Single-use carrier bag,Single-use carrier bag|Unlabeled litter,accept,0.793537,0.793537,0.206463,accept,True
images/accept_weak/taco_01130_Disposable_food_container_15e0f91c.jpg,,accept_weak,accept,weak_accept_category,Disposable food container,Disposable food container,reject,0.812254,0.187746,0.812254,reject,False
images/reject_weak/taco_01131_Clear_plastic_bottle_61b02e82.jpg,,reject_weak,reject,weak_reject_category,Clear plastic bottle,Clear plastic bottle|Plastic bottle cap,accept,0.730713,0.730713,0.269287,reject,False
images/accept_weak/taco_01132_Cigarette_b6a03530.jpg,,accept_weak,accept,weak_accept_category,Cigarette,Clear plastic bottle|Cigarette,accept,0.990561,0.990561,0.009439,accept,True
images/reject_weak/taco_01133_Clear_plastic_bottle_79b62022.jpg,,reject_weak,reject,weak_reject_category,Clear plastic bottle,Clear plastic bottle|Plastic bottle cap,accept,0.876329,0.876329,0.123671,accept,False
images/accept_weak/taco_01134_Plastic_film_93e5fdad.jpg,,accept_weak,accept,weak_accept_category,Plastic film,Plastic film|Other plastic wrapper,accept,0.705489,0.705489,0.294511,reject,True
images/accept_weak/taco_01135_Foam_food_container_f7f590f3.jpg,,accept_weak,accept,weak_accept_category,Foam food container,Foam food container|Disposable plastic cup,accept,0.945468,0.945468,0.054532,accept,True
images/reject_weak/taco_01136_Aluminium_foil_be3af32d.jpg,,reject_weak,reject,weak_reject_category,Aluminium foil,Aluminium foil|Paper bag,accept,0.592001,0.592001,0.407999,reject,False
images/reject_weak/taco_01137_Drink_can_b07dad73.jpg,,reject_weak,reject,weak_reject_category,Drink can,Drink can,accept,0.548062,0.548062,0.451938,reject,False
images/reject_weak/taco_01138_Aluminium_foil_a07e8400.jpg,,reject_weak,reject,weak_reject_category,Aluminium foil,Aluminium foil,reject,0.923764,0.076236,0.923764,reject,True
images/accept_weak/taco_01139_Plastic_film_68d11fac.jpg,,accept_weak,accept,weak_accept_category,Plastic film,Clear plastic bottle|Plastic film,accept,0.896103,0.896103,0.103897,accept,True
images/accept_weak/taco_01140_Crisp_packet_3d3a9632.jpg,,accept_weak,accept,weak_accept_category,Crisp packet,Aerosol|Clear plastic bottle|Crisp packet|Other plastic wrapper|Unlabeled litter|Other plastic,accept,0.970112,0.970112,0.029888,accept,True
images/reject_weak/taco_01141_Drink_can_436405cf.jpg,,reject_weak,reject,weak_reject_category,Drink can,Drink can|Clear plastic bottle,accept,0.549297,0.549297,0.450703,reject,False
images/reject_weak/taco_01142_Aluminium_foil_1cfb3cd0.jpg,,reject_weak,reject,weak_reject_category,Aluminium foil,Aluminium foil,accept,0.804129,0.804129,0.195871,accept,False
images/reject_weak/taco_01143_Clear_plastic_bottle_5ce5e2a6.jpg,,reject_weak,reject,weak_reject_category,Clear plastic bottle,Clear plastic bottle,accept,0.678171,0.678171,0.321828,reject,False
images/reject_weak/taco_01144_Plastic_lid_b395748e.jpg,,reject_weak,reject,weak_reject_category,Plastic lid,Plastic lid|Plastic straw,accept,0.838842,0.838842,0.161158,accept,False
images/reject_weak/taco_01145_Clear_plastic_bottle_0207866d.jpg,,reject_weak,reject,weak_reject_category,Clear plastic bottle,Clear plastic bottle|Unlabeled litter,reject,0.605098,0.394902,0.605098,reject,True
images/reject_weak/taco_01146_Other_plastic_d90c8d1b.jpg,,reject_weak,reject,weak_reject_category,Other plastic,Other plastic|Unlabeled litter,reject,0.958210,0.041790,0.958210,reject,True
images/accept_weak/taco_01147_Crisp_packet_59218a14.jpg,,accept_weak,accept,weak_accept_category,Crisp packet,Clear plastic bottle|Plastic bottle cap|Crisp packet|Unlabeled litter,accept,0.733465,0.733465,0.266535,reject,True
images/reject_weak/taco_01148_Drink_can_f97cb95c.jpg,,reject_weak,reject,weak_reject_category,Drink can,Drink can,accept,0.688769,0.688769,0.311231,reject,False
images/reject_weak/taco_01149_Disposable_plastic_cup_f81c3039.jpg,,reject_weak,reject,weak_reject_category,Disposable plastic cup,Disposable plastic cup,accept,0.541655,0.541655,0.458345,reject,False
images/accept_weak/taco_01150_Plastic_film_d06b5f34.jpg,,accept_weak,accept,weak_accept_category,Plastic film,Plastic film,accept,0.865387,0.865387,0.134613,accept,True
images/reject_weak/taco_01151_Corrugated_carton_80878fdc.jpg,,reject_weak,reject,weak_reject_category,Corrugated carton,Corrugated carton,reject,0.864361,0.135639,0.864361,reject,True
images/reject_weak/taco_01152_Food_Can_a56ecd59.jpg,,reject_weak,reject,weak_reject_category,Food Can,Food Can|Pop tab|Aluminium foil|Drink carton|Plastic straw,accept,0.708466,0.708466,0.291534,reject,False
images/reject_weak/taco_01153_Clear_plastic_bottle_18624b72.jpg,,reject_weak,reject,weak_reject_category,Clear plastic bottle,Clear plastic bottle|Drink carton|Plastic bottle cap,accept,0.875720,0.875720,0.124280,accept,False
images/reject_weak/taco_01154_Paper_bag_9a168376.jpg,,reject_weak,reject,weak_reject_category,Paper bag,Paper bag|Aluminium foil,reject,0.806056,0.193944,0.806056,reject,True
images/reject_weak/taco_01155_Clear_plastic_bottle_a7068a41.jpg,,reject_weak,reject,weak_reject_category,Clear plastic bottle,Clear plastic bottle,reject,0.612330,0.387670,0.612330,reject,True
images/accept_weak/taco_01156_Other_plastic_wrapper_db9ddd6b.jpg,,accept_weak,accept,weak_accept_category,Other plastic wrapper,Other plastic wrapper,accept,0.946734,0.946734,0.053266,accept,True
images/reject_weak/taco_01157_Clear_plastic_bottle_d52cb230.jpg,,reject_weak,reject,weak_reject_category,Clear plastic bottle,Clear plastic bottle|Plastic bottle cap,accept,0.710314,0.710314,0.289686,reject,False
images/accept_weak/taco_01158_Foam_food_container_b6a93d5f.jpg,,accept_weak,accept,weak_accept_category,Foam food container,Foam food container,accept,0.645992,0.645992,0.354008,reject,True
images/reject_weak/taco_01159_Drink_carton_8e1064aa.jpg,,reject_weak,reject,weak_reject_category,Drink carton,Drink carton|Meal carton|Clear plastic bottle|Aluminium foil,reject,0.881085,0.118915,0.881085,reject,True
images/reject_weak/taco_01160_Paper_cup_19395dc5.jpg,,reject_weak,reject,weak_reject_category,Paper cup,Paper cup|Clear plastic bottle|Glass bottle,reject,0.803233,0.196767,0.803233,reject,True
images/accept_weak/taco_01161_Cigarette_e8845b77.jpg,,accept_weak,accept,weak_accept_category,Cigarette,Clear plastic bottle|Cigarette,accept,0.999996,0.999996,0.000004,accept,True
images/accept_weak/taco_01162_Crisp_packet_c090e5d2.jpg,,accept_weak,accept,weak_accept_category,Crisp packet,Drink can|Crisp packet,accept,0.752132,0.752132,0.247868,reject,True
images/accept_weak/taco_01163_Plastic_utensils_78113572.jpg,,accept_weak,accept,weak_accept_category,Plastic utensils,Plastic utensils,accept,0.905397,0.905397,0.094603,accept,True
images/reject_weak/taco_01164_Clear_plastic_bottle_b57f7729.jpg,,reject_weak,reject,weak_reject_category,Clear plastic bottle,Clear plastic bottle,reject,0.895845,0.104155,0.895845,reject,True
images/reject_weak/taco_01165_Corrugated_carton_fc90da72.jpg,,reject_weak,reject,weak_reject_category,Corrugated carton,Corrugated carton,reject,0.969267,0.030733,0.969267,reject,True
images/reject_weak/taco_01166_Paper_cup_d7d6d46f.jpg,,reject_weak,reject,weak_reject_category,Paper cup,Paper cup,reject,0.567370,0.432630,0.567370,reject,True
images/accept_weak/taco_01167_Plastic_film_cc9e4add.jpg,,accept_weak,accept,weak_accept_category,Plastic film,Plastic film,accept,0.748006,0.748006,0.251994,reject,True
images/reject_weak/taco_01168_Plastic_bottle_cap_f295f0bf.jpg,,reject_weak,reject,weak_reject_category,Plastic bottle cap,Plastic bottle cap|Clear plastic bottle|Unlabeled litter,accept,0.589204,0.589204,0.410796,reject,False
images/accept_weak/taco_01169_Other_plastic_wrapper_8b2f5daa.jpg,,accept_weak,accept,weak_accept_category,Other plastic wrapper,Other plastic wrapper|Cigarette,accept,0.841765,0.841765,0.158235,accept,True
images/accept_weak/taco_01170_Plastic_utensils_23d72831.jpg,,accept_weak,accept,weak_accept_category,Plastic utensils,Plastic utensils|Cigarette,accept,0.944430,0.944430,0.055570,accept,True
images/reject_weak/taco_01171_Corrugated_carton_ea151ef6.jpg,,reject_weak,reject,weak_reject_category,Corrugated carton,Corrugated carton,reject,0.926777,0.073223,0.926777,reject,True
images/accept_weak/taco_01172_Other_plastic_wrapper_617057de.jpg,,accept_weak,accept,weak_accept_category,Other plastic wrapper,Other plastic wrapper|Plastic film|Normal paper|Plastic utensils,reject,0.822487,0.177513,0.822487,reject,False
images/accept_weak/taco_01173_Other_plastic_wrapper_6c473929.jpg,,accept_weak,accept,weak_accept_category,Other plastic wrapper,Other plastic wrapper,accept,0.745530,0.745530,0.254470,reject,True
images/reject_weak/taco_01174_Plastic_straw_ef11df4b.jpg,,reject_weak,reject,weak_reject_category,Plastic straw,Plastic straw|Other plastic|Plastic bottle cap,accept,0.598736,0.598736,0.401264,reject,False
images/reject_weak/taco_01175_Plastic_straw_ea5a7f9f.jpg,,reject_weak,reject,weak_reject_category,Plastic straw,Plastic straw|Other plastic|Unlabeled litter,accept,0.630450,0.630450,0.369550,reject,False
images/reject_weak/taco_01176_Metal_bottle_cap_f9101d15.jpg,,reject_weak,reject,weak_reject_category,Metal bottle cap,Metal bottle cap,accept,0.719171,0.719171,0.280829,reject,False
images/accept_weak/taco_01177_Other_plastic_wrapper_843807fa.jpg,,accept_weak,accept,weak_accept_category,Other plastic wrapper,Other plastic wrapper|Other plastic,accept,0.795597,0.795597,0.204403,accept,True
images/accept_weak/taco_01178_Plastic_film_7388d54a.jpg,,accept_weak,accept,weak_accept_category,Plastic film,Plastic film,accept,0.843919,0.843919,0.156081,accept,True
images/reject_weak/taco_01179_Other_plastic_cb60b0ea.jpg,,reject_weak,reject,weak_reject_category,Other plastic,Other plastic|Corrugated carton,accept,0.685764,0.685764,0.314236,reject,False
images/accept_weak/taco_01180_Plastic_utensils_6c2c96b1.jpg,,accept_weak,accept,weak_accept_category,Plastic utensils,Plastic utensils,accept,0.667911,0.667911,0.332089,reject,True
images/reject_weak/taco_01181_Clear_plastic_bottle_9719d688.jpg,,reject_weak,reject,weak_reject_category,Clear plastic bottle,Clear plastic bottle|Plastic bottle cap,reject,0.533238,0.466762,0.533238,reject,True
images/reject_weak/taco_01182_Drink_can_a72b44b3.jpg,,reject_weak,reject,weak_reject_category,Drink can,Drink can,reject,0.983952,0.016048,0.983952,reject,True
images/accept_weak/taco_01183_Plastic_film_618fb00e.jpg,,accept_weak,accept,weak_accept_category,Plastic film,Plastic film,accept,0.612065,0.612065,0.387935,reject,True
images/reject_weak/taco_01184_Aluminium_foil_e49861ac.jpg,,reject_weak,reject,weak_reject_category,Aluminium foil,Aluminium foil|Magazine paper,accept,0.894278,0.894278,0.105722,accept,False
images/reject_weak/taco_01185_Aluminium_foil_07b27da0.jpg,,reject_weak,reject,weak_reject_category,Aluminium foil,Aluminium foil,accept,0.759327,0.759327,0.240673,reject,False
images/reject_weak/taco_01187_Clear_plastic_bottle_e5bf0846.jpg,,reject_weak,reject,weak_reject_category,Clear plastic bottle,Clear plastic bottle,accept,0.853945,0.853945,0.146055,accept,False
images/reject_weak/taco_01188_Clear_plastic_bottle_76a8e54a.jpg,,reject_weak,reject,weak_reject_category,Clear plastic bottle,Clear plastic bottle,accept,0.509323,0.509323,0.490677,reject,False
images/accept_weak/taco_01189_Styrofoam_piece_21e598c2.jpg,,accept_weak,accept,weak_accept_category,Styrofoam piece,Styrofoam piece,accept,0.641912,0.641912,0.358088,reject,True
images/accept_weak/taco_01190_Disposable_food_container_88da93da.jpg,,accept_weak,accept,weak_accept_category,Disposable food container,Disposable food container,accept,0.771274,0.771274,0.228726,accept,True
images/accept_weak/taco_01191_Styrofoam_piece_884a2744.jpg,,accept_weak,accept,weak_accept_category,Styrofoam piece,Styrofoam piece,accept,0.798063,0.798063,0.201937,accept,True
images/accept_weak/taco_01192_Styrofoam_piece_1a679e40.jpg,,accept_weak,accept,weak_accept_category,Styrofoam piece,Styrofoam piece|Normal paper|Unlabeled litter,accept,0.514857,0.514857,0.485143,reject,True
images/accept_weak/taco_01193_Tissues_22bdb39b.jpg,,accept_weak,accept,weak_accept_category,Tissues,Other plastic|Unlabeled litter|Tissues|Clear plastic bottle|Plastic straw|Cigarette,accept,0.659374,0.659374,0.340626,reject,True
images/accept_weak/taco_01194_Plastic_film_209c0d06.jpg,,accept_weak,accept,weak_accept_category,Plastic film,Other carton|Plastic film|Cigarette,accept,0.879056,0.879056,0.120944,accept,True
images/reject_weak/taco_01195_Drink_can_cf4ab0df.jpg,,reject_weak,reject,weak_reject_category,Drink can,Drink can|Unlabeled litter,accept,0.906842,0.906842,0.093158,accept,False
images/reject_weak/taco_01196_Drink_can_2c3fcb37.jpg,,reject_weak,reject,weak_reject_category,Drink can,Drink can|Pop tab,accept,0.785003,0.785003,0.214997,accept,False
images/accept_weak/taco_01197_Tissues_bf1429da.jpg,,accept_weak,accept,weak_accept_category,Tissues,Paper cup|Plastic lid|Tissues,accept,0.730007,0.730007,0.269993,reject,True
images/reject_weak/taco_01198_Disposable_plastic_cup_730d684a.jpg,,reject_weak,reject,weak_reject_category,Disposable plastic cup,Disposable plastic cup,reject,0.923356,0.076644,0.923356,reject,True
images/reject_weak/taco_01199_Paper_cup_dfc2d4ae.jpg,,reject_weak,reject,weak_reject_category,Paper cup,Paper cup|Plastic lid,accept,0.669470,0.669470,0.330530,reject,False
images/reject_weak/taco_01200_Paper_cup_0c2d13b1.jpg,,reject_weak,reject,weak_reject_category,Paper cup,Paper cup|Disposable plastic cup,accept,0.537855,0.537855,0.462145,reject,False
images/reject_weak/taco_01201_Metal_bottle_cap_4431acf1.jpg,,reject_weak,reject,weak_reject_category,Metal bottle cap,Metal bottle cap,reject,0.933568,0.066432,0.933568,reject,True
images/accept_weak/taco_01202_Crisp_packet_96101d29.jpg,,accept_weak,accept,weak_accept_category,Crisp packet,Crisp packet|Garbage bag|Paper cup|Other plastic|Cigarette,accept,0.719094,0.719094,0.280906,reject,True
images/accept_weak/taco_01203_Single-use_carrier_bag_1c8ca3df.jpg,,accept_weak,accept,weak_accept_category,Single-use carrier bag,Drink carton|Meal carton|Plastic straw|Single-use carrier bag|Plastic film|Food Can|Other plastic,accept,0.666452,0.666452,0.333548,reject,True
images/accept_weak/taco_01204_Cigarette_c78a93ab.jpg,,accept_weak,accept,weak_accept_category,Cigarette,Disposable plastic cup|Cigarette,accept,0.805693,0.805693,0.194307,accept,True
images/reject_weak/taco_01205_Drink_carton_cded763e.jpg,,reject_weak,reject,weak_reject_category,Drink carton,Drink carton|Plastic straw,accept,0.575366,0.575366,0.424634,reject,False
images/accept_weak/taco_01206_Foam_food_container_fe7c28e4.jpg,,accept_weak,accept,weak_accept_category,Foam food container,Foam food container|Unlabeled litter|Other plastic wrapper|Plastic film|Cigarette,accept,0.593287,0.593287,0.406713,reject,True
images/reject_weak/taco_01207_Drink_carton_07ffdf4e.jpg,,reject_weak,reject,weak_reject_category,Drink carton,Drink carton,accept,0.572318,0.572318,0.427682,reject,False
images/accept_weak/taco_01208_Cigarette_146ef447.jpg,,accept_weak,accept,weak_accept_category,Cigarette,Paper cup|Other plastic|Unlabeled litter|Cigarette,accept,0.939638,0.939638,0.060362,accept,True
images/accept_weak/taco_01209_Plastic_film_f656bce6.jpg,,accept_weak,accept,weak_accept_category,Plastic film,Plastic straw|Drink carton|Clear plastic bottle|Plastic film|Foam cup|Normal paper|Cigarette,accept,0.793599,0.793599,0.206401,accept,True
images/reject_weak/taco_01210_Drink_carton_3703c03e.jpg,,reject_weak,reject,weak_reject_category,Drink carton,Drink carton|Plastic lid,accept,0.653533,0.653533,0.346467,reject,False
images/accept_weak/taco_01211_Cigarette_6227be90.jpg,,accept_weak,accept,weak_accept_category,Cigarette,Glass bottle|Normal paper|Cigarette,accept,0.786363,0.786363,0.213637,accept,True
images/accept_weak/taco_01212_Styrofoam_piece_68e97e44.jpg,,accept_weak,accept,weak_accept_category,Styrofoam piece,Paper cup|Metal bottle cap|Normal paper|Unlabeled litter|Styrofoam piece,accept,0.763211,0.763211,0.236789,accept,True
images/accept_weak/taco_01213_Single-use_carrier_bag_16c932d1.jpg,,accept_weak,accept,weak_accept_category,Single-use carrier bag,Single-use carrier bag|Plastic film|Other plastic wrapper|Plastic utensils|Clear plastic bottle|Spread tub|Tissues|Other carton|Unlabeled litter|Other plastic|Plastic straw|Paper cup|Plastic bottle cap,accept,0.730522,0.730522,0.269478,reject,True
images/accept_weak/taco_01214_Plastic_utensils_5003b6b0.jpg,,accept_weak,accept,weak_accept_category,Plastic utensils,Plastic utensils|Plastic straw|Unlabeled litter,accept,0.516982,0.516982,0.483018,reject,True
images/accept_weak/taco_01215_Single-use_carrier_bag_72f12615.jpg,,accept_weak,accept,weak_accept_category,Single-use carrier bag,Plastic straw|Single-use carrier bag|Plastic film|Pizza box|Drink carton|Paper cup|Cigarette,accept,0.602669,0.602669,0.397331,reject,True
images/reject_weak/taco_01216_Egg_carton_30549374.jpg,,reject_weak,reject,weak_reject_category,Egg carton,Egg carton|Other plastic,accept,0.716612,0.716612,0.283388,reject,False
images/accept_weak/taco_01217_Plastic_utensils_02b5e8af.jpg,,accept_weak,accept,weak_accept_category,Plastic utensils,Paper cup|Plastic utensils,accept,0.784723,0.784723,0.215277,accept,True
images/accept_weak/taco_01218_Single-use_carrier_bag_ab77c153.jpg,,accept_weak,accept,weak_accept_category,Single-use carrier bag,Single-use carrier bag|Other plastic,accept,0.939277,0.939277,0.060723,accept,True
images/accept_weak/taco_01219_Plastic_film_73f668bc.jpg,,accept_weak,accept,weak_accept_category,Plastic film,Plastic film,accept,0.765300,0.765300,0.234700,accept,True
images/reject_weak/taco_01220_Spread_tub_fc18bf9a.jpg,,reject_weak,reject,weak_reject_category,Spread tub,Spread tub,accept,0.890021,0.890021,0.109979,accept,False
images/reject_weak/taco_01221_Disposable_plastic_cup_34cbae4d.jpg,,reject_weak,reject,weak_reject_category,Disposable plastic cup,Disposable plastic cup,accept,0.743101,0.743101,0.256899,reject,False
images/reject_weak/taco_01222_Clear_plastic_bottle_328da73b.jpg,,reject_weak,reject,weak_reject_category,Clear plastic bottle,Clear plastic bottle|Normal paper,accept,0.826564,0.826564,0.173436,accept,False
images/accept_weak/taco_01223_Other_plastic_wrapper_e2c24e8e.jpg,,accept_weak,accept,weak_accept_category,Other plastic wrapper,Other plastic wrapper,accept,0.907919,0.907919,0.092081,accept,True
images/accept_weak/taco_01224_Plastic_film_44472265.jpg,,accept_weak,accept,weak_accept_category,Plastic film,Clear plastic bottle|Plastic bottle cap|Plastic film|Other plastic wrapper|Unlabeled litter,accept,0.946197,0.946197,0.053803,accept,True
images/reject_weak/taco_01225_Plastic_straw_8f00ba31.jpg,,reject_weak,reject,weak_reject_category,Plastic straw,Plastic straw|Unlabeled litter,accept,0.799293,0.799293,0.200707,accept,False
images/accept_weak/taco_01226_Other_plastic_wrapper_9445bf54.jpg,,accept_weak,accept,weak_accept_category,Other plastic wrapper,Other plastic wrapper|Plastic film,accept,0.878301,0.878301,0.121699,accept,True
images/accept_weak/taco_01227_Single-use_carrier_bag_c288a236.jpg,,accept_weak,accept,weak_accept_category,Single-use carrier bag,Single-use carrier bag|Clear plastic bottle|Plastic bottle cap|Unlabeled litter,accept,0.819537,0.819537,0.180463,accept,True
images/accept_weak/taco_01228_Disposable_food_container_1fc5d6f5.jpg,,accept_weak,accept,weak_accept_category,Disposable food container,Foam cup|Disposable food container|Plastic film,accept,0.782330,0.782330,0.217670,accept,True
images/accept_weak/taco_01229_Plastic_film_c5b559c3.jpg,,accept_weak,accept,weak_accept_category,Plastic film,Plastic film|Other plastic,accept,0.778286,0.778286,0.221714,accept,True
images/accept_weak/taco_01230_Other_plastic_wrapper_93e21a41.jpg,,accept_weak,accept,weak_accept_category,Other plastic wrapper,Other plastic wrapper,accept,0.689114,0.689114,0.310886,reject,True
images/accept_weak/taco_01231_Plastic_film_64dc8ff6.jpg,,accept_weak,accept,weak_accept_category,Plastic film,Plastic film,accept,0.778900,0.778900,0.221100,accept,True
images/accept_weak/taco_01232_Plastic_utensils_cf7d4c58.jpg,,accept_weak,accept,weak_accept_category,Plastic utensils,Plastic utensils|Plastic straw|Other plastic,accept,0.823402,0.823402,0.176598,accept,True
images/accept_weak/taco_01233_Single-use_carrier_bag_7c30f661.jpg,,accept_weak,accept,weak_accept_category,Single-use carrier bag,Single-use carrier bag,accept,0.591950,0.591950,0.408050,reject,True
images/accept_weak/taco_01234_Cigarette_36172c00.jpg,,accept_weak,accept,weak_accept_category,Cigarette,Clear plastic bottle|Other plastic bottle|Unlabeled litter|Cigarette,accept,0.687576,0.687576,0.312424,reject,True
images/accept_weak/taco_01235_Cigarette_94eb94ba.jpg,,accept_weak,accept,weak_accept_category,Cigarette,Drink carton|Plastic bottle cap|Cigarette,accept,0.869311,0.869311,0.130689,accept,True
images/reject_weak/taco_01236_Glass_bottle_93bd7037.jpg,,reject_weak,reject,weak_reject_category,Glass bottle,Glass bottle|Unlabeled litter,reject,0.511268,0.488732,0.511268,reject,True
images/reject_weak/taco_01237_Drink_carton_998f0aba.jpg,,reject_weak,reject,weak_reject_category,Drink carton,Drink carton|Unlabeled litter,reject,0.657076,0.342924,0.657076,reject,True
images/accept_weak/taco_01238_Cigarette_0fa98f11.jpg,,accept_weak,accept,weak_accept_category,Cigarette,Clear plastic bottle|Cigarette,accept,0.811035,0.811035,0.188965,accept,True
images/accept_weak/taco_01239_Garbage_bag_13773dde.jpg,,accept_weak,accept,weak_accept_category,Garbage bag,Garbage bag|Single-use carrier bag|Plastic film|Crisp packet|Other carton|Drink carton|Pop tab|Plastic straw|Clear plastic bottle|Plastic bottle cap,reject,0.602323,0.397677,0.602323,reject,False
images/accept_weak/taco_01240_Plastic_film_7d6d3a52.jpg,,accept_weak,accept,weak_accept_category,Plastic film,Clear plastic bottle|Drink carton|Paper cup|Unlabeled litter|Plastic film|Cigarette,reject,0.599152,0.400848,0.599152,reject,False
images/accept_weak/taco_01241_Cigarette_2cc63998.jpg,,accept_weak,accept,weak_accept_category,Cigarette,Aluminium foil|Clear plastic bottle|Plastic bottle cap|Cigarette,accept,0.762231,0.762231,0.237769,accept,True
images/accept_weak/taco_01242_Garbage_bag_66e3f412.jpg,,accept_weak,accept,weak_accept_category,Garbage bag,Paper bag|Drink carton|Other carton|Garbage bag,accept,0.797731,0.797731,0.202269,accept,True
images/reject_weak/taco_01243_Clear_plastic_bottle_03ed9058.jpg,,reject_weak,reject,weak_reject_category,Clear plastic bottle,Clear plastic bottle,accept,0.713656,0.713656,0.286344,reject,False
images/accept_weak/taco_01244_Plastic_film_61eac92c.jpg,,accept_weak,accept,weak_accept_category,Plastic film,Plastic film|Broken glass|Cigarette,accept,0.631570,0.631570,0.368430,reject,True
images/accept_weak/taco_01245_Cigarette_172e24e1.jpg,,accept_weak,accept,weak_accept_category,Cigarette,Disposable plastic cup|Plastic lid|Cigarette,accept,0.582890,0.582890,0.417110,reject,True
images/accept_weak/taco_01246_Other_plastic_wrapper_07d697d9.jpg,,accept_weak,accept,weak_accept_category,Other plastic wrapper,Clear plastic bottle|Other plastic wrapper|Plastic bottle cap|Paper cup|Unlabeled litter|Other carton|Normal paper|Cigarette,accept,0.710637,0.710637,0.289363,reject,True
images/accept_weak/taco_01247_Cigarette_953567b6.jpg,,accept_weak,accept,weak_accept_category,Cigarette,Paper cup|Metal bottle cap|Normal paper|Cigarette,accept,0.913867,0.913867,0.086133,accept,True
images/accept_weak/taco_01248_Single-use_carrier_bag_81cb2661.jpg,,accept_weak,accept,weak_accept_category,Single-use carrier bag,Plastic bottle cap|Disposable plastic cup|Clear plastic bottle|Single-use carrier bag|Plastic straw|Plastic lid|Cigarette,accept,0.900397,0.900397,0.099603,accept,True
images/reject_weak/taco_01249_Clear_plastic_bottle_2838460c.jpg,,reject_weak,reject,weak_reject_category,Clear plastic bottle,Clear plastic bottle,accept,0.508749,0.508749,0.491251,reject,False
images/reject_weak/taco_01250_Clear_plastic_bottle_689d0505.jpg,,reject_weak,reject,weak_reject_category,Clear plastic bottle,Clear plastic bottle,accept,0.650306,0.650306,0.349694,reject,False
images/reject_weak/taco_01251_Clear_plastic_bottle_1b8b7091.jpg,,reject_weak,reject,weak_reject_category,Clear plastic bottle,Clear plastic bottle|Plastic bottle cap,accept,0.725318,0.725318,0.274682,reject,False
images/reject_weak/taco_01252_Clear_plastic_bottle_a67c9d5a.jpg,,reject_weak,reject,weak_reject_category,Clear plastic bottle,Clear plastic bottle|Plastic bottle cap,accept,0.799064,0.799064,0.200936,accept,False
images/reject_weak/taco_01253_Drink_carton_eedb18d6.jpg,,reject_weak,reject,weak_reject_category,Drink carton,Drink carton|Drink can|Food Can|Pop tab,reject,0.941922,0.058078,0.941922,reject,True
images/reject_weak/taco_01254_Disposable_plastic_cup_8c46a2e1.jpg,,reject_weak,reject,weak_reject_category,Disposable plastic cup,Disposable plastic cup,accept,0.843089,0.843089,0.156911,accept,False
images/reject_weak/taco_01255_Paper_cup_48740bc6.jpg,,reject_weak,reject,weak_reject_category,Paper cup,Paper cup,accept,0.703639,0.703639,0.296361,reject,False
images/reject_weak/taco_01256_Drink_can_237cb80d.jpg,,reject_weak,reject,weak_reject_category,Drink can,Drink can,accept,0.871735,0.871735,0.128265,accept,False
images/accept_weak/taco_01257_Cigarette_7d4037e5.jpg,,accept_weak,accept,weak_accept_category,Cigarette,Glass bottle|Drink carton|Cigarette,accept,0.686753,0.686753,0.313247,reject,True
images/accept_weak/taco_01258_Plastic_film_a2c5614e.jpg,,accept_weak,accept,weak_accept_category,Plastic film,Plastic film|Rope & strings,accept,0.590701,0.590701,0.409299,reject,True
images/reject_weak/taco_01259_Other_plastic_6a25d4bc.jpg,,reject_weak,reject,weak_reject_category,Other plastic,Other plastic,accept,0.769299,0.769299,0.230701,accept,False
images/reject_weak/taco_01260_Other_plastic_97379db8.jpg,,reject_weak,reject,weak_reject_category,Other plastic,Other plastic,accept,0.903682,0.903682,0.096318,accept,False
images/reject_weak/taco_01261_Other_plastic_86e2c7d8.jpg,,reject_weak,reject,weak_reject_category,Other plastic,Other plastic,accept,0.841380,0.841380,0.158620,accept,False
images/reject_weak/taco_01262_Other_plastic_1eeb5d17.jpg,,reject_weak,reject,weak_reject_category,Other plastic,Other plastic,accept,0.586986,0.586986,0.413014,reject,False
images/accept_weak/taco_01263_Plastic_film_cb0c95cd.jpg,,accept_weak,accept,weak_accept_category,Plastic film,Plastic film,accept,0.920802,0.920802,0.079198,accept,True
images/accept_weak/taco_01264_Plastic_film_54b642c3.jpg,,accept_weak,accept,weak_accept_category,Plastic film,Plastic film,accept,0.910584,0.910584,0.089416,accept,True
images/reject_weak/taco_01265_Other_plastic_b8f4ab52.jpg,,reject_weak,reject,weak_reject_category,Other plastic,Other plastic,accept,0.959947,0.959947,0.040053,accept,False
images/accept_weak/taco_01267_Plastic_film_0fb9d987.jpg,,accept_weak,accept,weak_accept_category,Plastic film,Plastic film,accept,0.692619,0.692619,0.307381,reject,True
images/accept_weak/taco_01268_Styrofoam_piece_bcbd0706.jpg,,accept_weak,accept,weak_accept_category,Styrofoam piece,Clear plastic bottle|Plastic bottle cap|Styrofoam piece,accept,0.628833,0.628833,0.371167,reject,True
images/reject_weak/taco_01269_Other_plastic_bottle_17035fa3.jpg,,reject_weak,reject,weak_reject_category,Other plastic bottle,Other plastic bottle|Plastic bottle cap,accept,0.727118,0.727118,0.272882,reject,False
images/reject_weak/taco_01270_Disposable_plastic_cup_a6f34718.jpg,,reject_weak,reject,weak_reject_category,Disposable plastic cup,Disposable plastic cup,accept,0.776337,0.776337,0.223663,accept,False
images/reject_weak/taco_01271_Clear_plastic_bottle_bfaf5fb8.jpg,,reject_weak,reject,weak_reject_category,Clear plastic bottle,Clear plastic bottle|Plastic bottle cap,accept,0.694063,0.694063,0.305937,reject,False
images/reject_weak/taco_01272_Clear_plastic_bottle_c443abb4.jpg,,reject_weak,reject,weak_reject_category,Clear plastic bottle,Clear plastic bottle|Plastic bottle cap,accept,0.843868,0.843868,0.156132,accept,False
images/reject_weak/taco_01273_Drink_can_ec9bb4a4.jpg,,reject_weak,reject,weak_reject_category,Drink can,Drink can|Pop tab,reject,0.620762,0.379238,0.620762,reject,True
images/accept_weak/taco_01274_Styrofoam_piece_b437dc35.jpg,,accept_weak,accept,weak_accept_category,Styrofoam piece,Styrofoam piece,accept,0.834355,0.834355,0.165645,accept,True
images/accept_weak/taco_01275_Styrofoam_piece_4d56c89d.jpg,,accept_weak,accept,weak_accept_category,Styrofoam piece,Styrofoam piece,accept,0.745497,0.745497,0.254503,reject,True
images/reject_weak/taco_01276_Drink_can_5258b232.jpg,,reject_weak,reject,weak_reject_category,Drink can,Drink can,accept,0.727073,0.727073,0.272927,reject,False
images/reject_weak/taco_01277_Glass_bottle_bd53d0ec.jpg,,reject_weak,reject,weak_reject_category,Glass bottle,Glass bottle,accept,0.599952,0.599952,0.400048,reject,False
images/accept_weak/taco_01278_Styrofoam_piece_d0e34fe2.jpg,,accept_weak,accept,weak_accept_category,Styrofoam piece,Other plastic|Styrofoam piece,accept,0.897628,0.897628,0.102372,accept,True
images/accept_weak/taco_01279_Plastic_film_e5cf92fe.jpg,,accept_weak,accept,weak_accept_category,Plastic film,Plastic film,accept,0.730300,0.730300,0.269700,reject,True
images/accept_weak/taco_01280_Plastic_film_2e99f7f4.jpg,,accept_weak,accept,weak_accept_category,Plastic film,Plastic film|Other plastic|Unlabeled litter,accept,0.730315,0.730315,0.269685,reject,True
images/accept_weak/taco_01281_Styrofoam_piece_5d745126.jpg,,accept_weak,accept,weak_accept_category,Styrofoam piece,Styrofoam piece|Cigarette,accept,0.759072,0.759072,0.240928,reject,True
images/accept_weak/taco_01282_Other_plastic_wrapper_f0335ec5.jpg,,accept_weak,accept,weak_accept_category,Other plastic wrapper,Other plastic wrapper,accept,0.767840,0.767840,0.232160,accept,True
images/accept_weak/taco_01283_Styrofoam_piece_ae0efd0f.jpg,,accept_weak,accept,weak_accept_category,Styrofoam piece,Clear plastic bottle|Styrofoam piece,accept,0.674714,0.674714,0.325286,reject,True
images/reject_weak/taco_01284_Plastic_bottle_cap_8311eeb8.jpg,,reject_weak,reject,weak_reject_category,Plastic bottle cap,Plastic bottle cap,reject,0.544364,0.455636,0.544364,reject,True
images/accept_weak/taco_01285_Styrofoam_piece_14784535.jpg,,accept_weak,accept,weak_accept_category,Styrofoam piece,Styrofoam piece|Other plastic,accept,0.727347,0.727347,0.272653,reject,True
images/accept_weak/taco_01286_Plastic_film_5f186fd0.jpg,,accept_weak,accept,weak_accept_category,Plastic film,Plastic film,accept,0.832760,0.832760,0.167240,accept,True
images/accept_weak/taco_01287_Other_plastic_wrapper_e3794a42.jpg,,accept_weak,accept,weak_accept_category,Other plastic wrapper,Other plastic wrapper|Styrofoam piece,accept,0.835391,0.835391,0.164609,accept,True
images/reject_weak/taco_01288_Plastic_bottle_cap_747df3dc.jpg,,reject_weak,reject,weak_reject_category,Plastic bottle cap,Plastic bottle cap|Other plastic,accept,0.854233,0.854233,0.145767,accept,False
images/reject_weak/taco_01289_Other_plastic_c73080f6.jpg,,reject_weak,reject,weak_reject_category,Other plastic,Other plastic|Plastic bottle cap,accept,0.831323,0.831323,0.168677,accept,False
images/accept_weak/taco_01290_Single-use_carrier_bag_02cbee45.jpg,,accept_weak,accept,weak_accept_category,Single-use carrier bag,Single-use carrier bag,accept,0.838410,0.838410,0.161590,accept,True
images/accept_weak/taco_01291_Other_plastic_wrapper_33e6aa03.jpg,,accept_weak,accept,weak_accept_category,Other plastic wrapper,Other plastic wrapper|Other plastic|Unlabeled litter,accept,0.688401,0.688401,0.311599,reject,True
images/reject_weak/taco_01292_Clear_plastic_bottle_d4b458a0.jpg,,reject_weak,reject,weak_reject_category,Clear plastic bottle,Clear plastic bottle,accept,0.685390,0.685390,0.314610,reject,False
images/reject_weak/taco_01293_Normal_paper_015f1c4d.jpg,,reject_weak,reject,weak_reject_category,Normal paper,Rope & strings|Normal paper|Other plastic,accept,0.687434,0.687434,0.312566,reject,False
images/reject_weak/taco_01294_Other_plastic_efd00c2a.jpg,,reject_weak,reject,weak_reject_category,Other plastic,Other plastic,accept,0.862242,0.862242,0.137758,accept,False
images/reject_weak/taco_01295_Plastic_bottle_cap_b799eadc.jpg,,reject_weak,reject,weak_reject_category,Plastic bottle cap,Plastic bottle cap|Other plastic,accept,0.759339,0.759339,0.240661,reject,False
images/reject_weak/taco_01296_Other_plastic_6de06198.jpg,,reject_weak,reject,weak_reject_category,Other plastic,Other plastic,accept,0.605567,0.605567,0.394433,reject,False
images/reject_weak/taco_01297_Other_plastic_e2813095.jpg,,reject_weak,reject,weak_reject_category,Other plastic,Other plastic|Plastic bottle cap,accept,0.768432,0.768432,0.231568,accept,False
images/accept_weak/taco_01298_Other_plastic_wrapper_6fa2cd9f.jpg,,accept_weak,accept,weak_accept_category,Other plastic wrapper,Other plastic wrapper,accept,0.742204,0.742204,0.257796,reject,True
images/accept_weak/taco_01299_Styrofoam_piece_67e7ee49.jpg,,accept_weak,accept,weak_accept_category,Styrofoam piece,Styrofoam piece,accept,0.891040,0.891040,0.108960,accept,True
images/reject_weak/taco_01300_Normal_paper_551177e8.jpg,,reject_weak,reject,weak_reject_category,Normal paper,Unlabeled litter|Normal paper|Paper cup,accept,0.956208,0.956208,0.043792,accept,False
images/reject_weak/taco_01302_Disposable_plastic_cup_3f7ff324.jpg,,reject_weak,reject,weak_reject_category,Disposable plastic cup,Unlabeled litter|Disposable plastic cup,accept,0.703264,0.703264,0.296736,reject,False
images/accept_weak/taco_01303_Other_plastic_wrapper_653c4d4b.jpg,,accept_weak,accept,weak_accept_category,Other plastic wrapper,Other plastic wrapper,reject,0.504614,0.495386,0.504614,reject,False
images/reject_weak/taco_01304_Clear_plastic_bottle_010a2df5.jpg,,reject_weak,reject,weak_reject_category,Clear plastic bottle,Clear plastic bottle|Rope & strings,accept,0.748089,0.748089,0.251911,reject,False
images/accept_weak/taco_01305_Other_plastic_wrapper_b0827fae.jpg,,accept_weak,accept,weak_accept_category,Other plastic wrapper,Other plastic wrapper|Unlabeled litter,accept,0.745530,0.745530,0.254470,reject,True
images/reject_weak/taco_01306_Paper_cup_c337a9be.jpg,,reject_weak,reject,weak_reject_category,Paper cup,Paper cup,accept,0.833902,0.833902,0.166097,accept,False
images/reject_weak/taco_01307_Clear_plastic_bottle_aeb3a06c.jpg,,reject_weak,reject,weak_reject_category,Clear plastic bottle,Clear plastic bottle|Plastic bottle cap,accept,0.628943,0.628943,0.371057,reject,False
images/accept_weak/taco_01308_Cigarette_a3f621a1.jpg,,accept_weak,accept,weak_accept_category,Cigarette,Broken glass|Drink can|Cigarette|Unlabeled litter,accept,0.880715,0.880715,0.119285,accept,True
images/reject_weak/taco_01309_Drink_can_1fbf2e1a.jpg,,reject_weak,reject,weak_reject_category,Drink can,Drink can|Pop tab,accept,0.598449,0.598449,0.401551,reject,False
images/accept_weak/taco_01310_Cigarette_51d88ee5.jpg,,accept_weak,accept,weak_accept_category,Cigarette,Glass bottle|Cigarette,accept,0.868607,0.868607,0.131393,accept,True
images/accept_weak/taco_01311_Cigarette_6b51af39.jpg,,accept_weak,accept,weak_accept_category,Cigarette,Clear plastic bottle|Plastic bottle cap|Cigarette,accept,0.993462,0.993462,0.006538,accept,True
images/reject_weak/taco_01312_Clear_plastic_bottle_6655df06.jpg,,reject_weak,reject,weak_reject_category,Clear plastic bottle,Clear plastic bottle|Plastic bottle cap|Unlabeled litter,accept,0.642906,0.642906,0.357094,reject,False
images/reject_weak/taco_01313_Plastic_bottle_cap_a425e9aa.jpg,,reject_weak,reject,weak_reject_category,Plastic bottle cap,Plastic bottle cap|Clear plastic bottle,reject,0.873846,0.126154,0.873846,reject,True
images/reject_weak/taco_01314_Drink_can_f5e69d5c.jpg,,reject_weak,reject,weak_reject_category,Drink can,Drink can|Clear plastic bottle|Unlabeled litter|Pop tab|Plastic bottle cap,reject,0.762237,0.237763,0.762237,reject,True
images/accept_weak/taco_01315_Cigarette_67834163.jpg,,accept_weak,accept,weak_accept_category,Cigarette,Drink can|Cigarette,accept,0.761979,0.761979,0.238021,accept,True
images/accept_weak/taco_01316_Cigarette_4c8bae89.jpg,,accept_weak,accept,weak_accept_category,Cigarette,Clear plastic bottle|Cigarette|Normal paper|Plastic bottle cap,accept,0.975835,0.975835,0.024165,accept,True
images/reject_weak/taco_01317_Drink_can_b1802b83.jpg,,reject_weak,reject,weak_reject_category,Drink can,Drink can,reject,0.726992,0.273008,0.726992,reject,True
images/reject_weak/taco_01318_Drink_can_0b57c4aa.jpg,,reject_weak,reject,weak_reject_category,Drink can,Drink can,accept,0.682464,0.682464,0.317536,reject,False
images/accept_weak/taco_01319_Cigarette_a28a64af.jpg,,accept_weak,accept,weak_accept_category,Cigarette,Cigarette|Disposable food container,accept,0.674163,0.674163,0.325837,reject,True
images/reject_weak/taco_01320_Glass_bottle_0098c19a.jpg,,reject_weak,reject,weak_reject_category,Glass bottle,Glass bottle|Drink can,reject,0.640156,0.359844,0.640156,reject,True
images/accept_weak/taco_01321_Cigarette_27235b45.jpg,,accept_weak,accept,weak_accept_category,Cigarette,Glass bottle|Broken glass|Cigarette,accept,0.782824,0.782824,0.217176,accept,True
images/reject_weak/taco_01322_Disposable_plastic_cup_81305679.jpg,,reject_weak,reject,weak_reject_category,Disposable plastic cup,Disposable plastic cup,accept,0.525268,0.525268,0.474732,reject,False
images/accept_weak/taco_01323_Single-use_carrier_bag_58eb90ee.jpg,,accept_weak,accept,weak_accept_category,Single-use carrier bag,Single-use carrier bag|Glass bottle|Other plastic wrapper|Scrap metal|Drink carton|Normal paper|Metal bottle cap|Unlabeled litter,accept,0.830681,0.830681,0.169319,accept,True
images/accept_weak/taco_01324_Cigarette_4becb66c.jpg,,accept_weak,accept,weak_accept_category,Cigarette,Plastic straw|Cigarette,accept,0.652175,0.652175,0.347825,reject,True
images/accept_weak/taco_01325_Cigarette_619d9828.jpg,,accept_weak,accept,weak_accept_category,Cigarette,Other carton|Cigarette|Disposable plastic cup,accept,0.812042,0.812042,0.187958,accept,True
images/accept_weak/taco_01326_Cigarette_73960edd.jpg,,accept_weak,accept,weak_accept_category,Cigarette,Unlabeled litter|Disposable plastic cup|Cigarette,accept,0.909721,0.909721,0.090279,accept,True
images/accept_weak/taco_01327_Cigarette_5e7f9cfe.jpg,,accept_weak,accept,weak_accept_category,Cigarette,Clear plastic bottle|Other plastic|Cigarette,accept,0.725698,0.725698,0.274302,reject,True
images/accept_weak/taco_01328_Cigarette_fce75be5.jpg,,accept_weak,accept,weak_accept_category,Cigarette,Clear plastic bottle|Plastic bottle cap|Cigarette|Tissues|Drink can|Pop tab|Unlabeled litter,accept,0.959509,0.959509,0.040491,accept,True
images/accept_weak/taco_01329_Cigarette_e192be6b.jpg,,accept_weak,accept,weak_accept_category,Cigarette,Metal bottle cap|Cigarette|Drink can|Pop tab|Other carton,accept,0.993745,0.993745,0.006255,accept,True
images/reject_weak/taco_01330_Clear_plastic_bottle_bb7be166.jpg,,reject_weak,reject,weak_reject_category,Clear plastic bottle,Clear plastic bottle|Plastic bottle cap,accept,0.867615,0.867615,0.132385,accept,False
images/accept_weak/taco_01331_Cigarette_aef034b1.jpg,,accept_weak,accept,weak_accept_category,Cigarette,Other plastic bottle|Plastic bottle cap|Cigarette,accept,0.875890,0.875890,0.124110,accept,True
images/reject_weak/taco_01332_Egg_carton_28c8cad3.jpg,,reject_weak,reject,weak_reject_category,Egg carton,Egg carton,accept,0.767598,0.767598,0.232402,accept,False
images/accept_weak/taco_01333_Cigarette_c9697a2e.jpg,,accept_weak,accept,weak_accept_category,Cigarette,Clear plastic bottle|Cigarette|Other plastic,accept,0.721283,0.721283,0.278717,reject,True
images/accept_weak/taco_01334_Cigarette_b3b02cc9.jpg,,accept_weak,accept,weak_accept_category,Cigarette,Drink can|Cigarette|Other plastic|Unlabeled litter,accept,0.886060,0.886060,0.113940,accept,True
images/reject_weak/taco_01335_Glass_bottle_e727f967.jpg,,reject_weak,reject,weak_reject_category,Glass bottle,Glass bottle|Metal bottle cap|Unlabeled litter,accept,0.886572,0.886572,0.113428,accept,False
images/reject_weak/taco_01336_Glass_bottle_ba06d8aa.jpg,,reject_weak,reject,weak_reject_category,Glass bottle,Glass bottle|Metal bottle cap|Plastic lid,accept,0.792665,0.792665,0.207335,accept,False
images/reject_weak/taco_01337_Glass_bottle_d69fd83f.jpg,,reject_weak,reject,weak_reject_category,Glass bottle,Glass bottle|Metal bottle cap,accept,0.663360,0.663360,0.336640,reject,False
images/reject_weak/taco_01338_Glass_bottle_b50c7ec8.jpg,,reject_weak,reject,weak_reject_category,Glass bottle,Glass bottle|Metal bottle cap,accept,0.614232,0.614232,0.385768,reject,False
images/reject_weak/taco_01339_Glass_bottle_b4277fc5.jpg,,reject_weak,reject,weak_reject_category,Glass bottle,Glass bottle,accept,0.798783,0.798783,0.201217,accept,False
images/reject_weak/taco_01340_Clear_plastic_bottle_ba006fb3.jpg,,reject_weak,reject,weak_reject_category,Clear plastic bottle,Clear plastic bottle|Plastic bottle cap|Glass bottle|Unlabeled litter,accept,0.596768,0.596768,0.403232,reject,False
images/reject_weak/taco_01341_Clear_plastic_bottle_f2028188.jpg,,reject_weak,reject,weak_reject_category,Clear plastic bottle,Clear plastic bottle,accept,0.972231,0.972231,0.027769,accept,False
images/accept_weak/taco_01342_Other_plastic_wrapper_628170a3.jpg,,accept_weak,accept,weak_accept_category,Other plastic wrapper,Clear plastic bottle|Other plastic wrapper|Unlabeled litter,accept,0.742654,0.742654,0.257346,reject,True
images/reject_weak/taco_01343_Clear_plastic_bottle_601adc2a.jpg,,reject_weak,reject,weak_reject_category,Clear plastic bottle,Clear plastic bottle,accept,0.865515,0.865515,0.134485,accept,False
images/accept_weak/taco_01344_Other_plastic_wrapper_b8da891b.jpg,,accept_weak,accept,weak_accept_category,Other plastic wrapper,Paper cup|Other carton|Other plastic wrapper|Cigarette|Unlabeled litter|Other plastic bottle,accept,0.513093,0.513093,0.486907,reject,True
images/reject_weak/taco_01345_Clear_plastic_bottle_bc3a3db6.jpg,,reject_weak,reject,weak_reject_category,Clear plastic bottle,Clear plastic bottle,accept,0.861313,0.861313,0.138687,accept,False
images/accept_weak/taco_01346_Styrofoam_piece_938a1e3c.jpg,,accept_weak,accept,weak_accept_category,Styrofoam piece,Styrofoam piece|Unlabeled litter,accept,0.768930,0.768930,0.231070,accept,True
images/reject_weak/taco_01347_Other_plastic_bottle_e3ce794f.jpg,,reject_weak,reject,weak_reject_category,Other plastic bottle,Other plastic bottle|Egg carton|Unlabeled litter,accept,0.582856,0.582856,0.417144,reject,False
images/reject_weak/taco_01348_Clear_plastic_bottle_a30dcffd.jpg,,reject_weak,reject,weak_reject_category,Clear plastic bottle,Clear plastic bottle|Plastic bottle cap,reject,0.511757,0.488243,0.511757,reject,True
images/accept_weak/taco_01349_Plastic_film_764bebc2.jpg,,accept_weak,accept,weak_accept_category,Plastic film,Plastic film,accept,0.970787,0.970787,0.029213,accept,True
images/reject_weak/taco_01350_Drink_carton_ca0df1ea.jpg,,reject_weak,reject,weak_reject_category,Drink carton,Drink carton,accept,0.761669,0.761669,0.238331,accept,False
images/accept_weak/taco_01351_Cigarette_a3b873b6.jpg,,accept_weak,accept,weak_accept_category,Cigarette,Unlabeled litter|Clear plastic bottle|Other carton|Cigarette|Other plastic bottle,accept,0.762267,0.762267,0.237733,accept,True
images/accept_weak/taco_01352_Cigarette_aa17223d.jpg,,accept_weak,accept,weak_accept_category,Cigarette,Cigarette|Unlabeled litter|Styrofoam piece,accept,0.783533,0.783533,0.216467,accept,True
images/accept_weak/taco_01353_Garbage_bag_4f468427.jpg,,accept_weak,accept,weak_accept_category,Garbage bag,Garbage bag|Clear plastic bottle|Cigarette|Other plastic|Unlabeled litter|Normal paper|Other plastic container|Broken glass,accept,0.606971,0.606971,0.393029,reject,True
images/accept_weak/taco_01354_Garbage_bag_a64bc265.jpg,,accept_weak,accept,weak_accept_category,Garbage bag,Garbage bag|Single-use carrier bag,accept,0.842312,0.842312,0.157688,accept,True
images/accept_weak/taco_01355_Single-use_carrier_bag_b0c54f19.jpg,,accept_weak,accept,weak_accept_category,Single-use carrier bag,Single-use carrier bag|Garbage bag|Unlabeled litter,accept,0.606817,0.606817,0.393183,reject,True
images/accept_weak/taco_01356_Plastic_film_8916e76f.jpg,,accept_weak,accept,weak_accept_category,Plastic film,Plastic film|Unlabeled litter,accept,0.591089,0.591089,0.408911,reject,True
images/reject_weak/taco_01357_Other_carton_340ded17.jpg,,reject_weak,reject,weak_reject_category,Other carton,Other carton|Unlabeled litter,accept,0.679574,0.679574,0.320426,reject,False
images/accept_weak/taco_01358_Other_plastic_wrapper_9abba80e.jpg,,accept_weak,accept,weak_accept_category,Other plastic wrapper,Other plastic wrapper|Cigarette,accept,0.688752,0.688752,0.311248,reject,True
images/accept_weak/taco_01359_Other_plastic_wrapper_1e85d72c.jpg,,accept_weak,accept,weak_accept_category,Other plastic wrapper,Food Can|Other plastic wrapper,accept,0.975047,0.975047,0.024953,accept,True
images/accept_weak/taco_01360_Plastic_film_710c3586.jpg,,accept_weak,accept,weak_accept_category,Plastic film,Plastic film,accept,0.838527,0.838527,0.161473,accept,True
images/accept_weak/taco_01361_Cigarette_da7e645a.jpg,,accept_weak,accept,weak_accept_category,Cigarette,Clear plastic bottle|Cigarette|Unlabeled litter,accept,0.819540,0.819540,0.180460,accept,True
images/reject_weak/taco_01364_Corrugated_carton_15c7931e.jpg,,reject_weak,reject,weak_reject_category,Corrugated carton,Corrugated carton|Other plastic,reject,0.927300,0.072700,0.927300,reject,True
images/accept_weak/taco_01365_Cigarette_83c92ef3.jpg,,accept_weak,accept,weak_accept_category,Cigarette,Broken glass|Unlabeled litter|Cigarette,accept,0.797152,0.797152,0.202848,accept,True
images/accept_weak/taco_01366_Plastic_film_fb29e80a.jpg,,accept_weak,accept,weak_accept_category,Plastic film,Drink can|Disposable plastic cup|Plastic film|Pop tab,accept,0.781881,0.781881,0.218119,accept,True
images/accept_weak/taco_01367_Plastic_film_bb81c460.jpg,,accept_weak,accept,weak_accept_category,Plastic film,Plastic film|Crisp packet,accept,0.884741,0.884741,0.115259,accept,True
images/accept_weak/taco_01368_Other_plastic_wrapper_28823cab.jpg,,accept_weak,accept,weak_accept_category,Other plastic wrapper,Other plastic wrapper,accept,0.779860,0.779860,0.220140,accept,True
images/accept_weak/taco_01369_Other_plastic_wrapper_00385e81.jpg,,accept_weak,accept,weak_accept_category,Other plastic wrapper,Clear plastic bottle|Plastic bottle cap|Other plastic wrapper,accept,0.929632,0.929632,0.070368,accept,True
images/reject_weak/taco_01371_Aluminium_foil_fc81f09e.jpg,,reject_weak,reject,weak_reject_category,Aluminium foil,Aluminium foil|Unlabeled litter,accept,0.873512,0.873512,0.126488,accept,False
images/reject_weak/taco_01372_Drink_can_495b4de5.jpg,,reject_weak,reject,weak_reject_category,Drink can,Drink can|Pop tab|Disposable plastic cup,reject,0.892669,0.107331,0.892669,reject,True
images/accept_weak/taco_01373_Cigarette_5f81e1bd.jpg,,accept_weak,accept,weak_accept_category,Cigarette,Paper cup|Plastic lid|Glass bottle|Cigarette|Disposable plastic cup|Plastic straw,reject,0.634744,0.365256,0.634744,reject,False
images/reject_weak/taco_01374_Drink_can_8e9260d7.jpg,,reject_weak,reject,weak_reject_category,Drink can,Drink can|Pop tab,accept,0.642093,0.642093,0.357907,reject,False
images/accept_weak/taco_01375_Plastic_film_197a0bb6.jpg,,accept_weak,accept,weak_accept_category,Plastic film,Plastic film|Other carton,accept,0.956861,0.956861,0.043139,accept,True
images/accept_weak/taco_01376_Cigarette_d6777648.jpg,,accept_weak,accept,weak_accept_category,Cigarette,Clear plastic bottle|Plastic bottle cap|Cigarette,accept,0.876857,0.876857,0.123143,accept,True
images/reject_weak/taco_01377_Other_carton_07fd3f16.jpg,,reject_weak,reject,weak_reject_category,Other carton,Other carton|Clear plastic bottle|Plastic bottle cap,reject,0.994959,0.005041,0.994959,reject,True
images/reject_weak/taco_01378_Other_carton_714d9bd2.jpg,,reject_weak,reject,weak_reject_category,Other carton,Other carton,accept,0.832269,0.832269,0.167731,accept,False
images/accept_weak/taco_01379_Cigarette_9b52702f.jpg,,accept_weak,accept,weak_accept_category,Cigarette,Unlabeled litter|Cigarette,accept,0.908007,0.908007,0.091993,accept,True
images/accept_weak/taco_01380_Cigarette_3feac1db.jpg,,accept_weak,accept,weak_accept_category,Cigarette,Cigarette|Other plastic cup,accept,0.655096,0.655096,0.344904,reject,True
images/reject_weak/taco_01381_Normal_paper_6269dfa8.jpg,,reject_weak,reject,weak_reject_category,Normal paper,Normal paper,accept,0.621215,0.621215,0.378785,reject,False
images/reject_weak/taco_01383_Drink_can_1e8bed9c.jpg,,reject_weak,reject,weak_reject_category,Drink can,Drink can|Other plastic bottle,accept,0.546185,0.546185,0.453815,reject,False
images/accept_weak/taco_01384_Cigarette_0f34cfd1.jpg,,accept_weak,accept,weak_accept_category,Cigarette,Normal paper|Cigarette|Unlabeled litter,accept,0.785371,0.785371,0.214629,accept,True
images/reject_weak/taco_01385_Clear_plastic_bottle_94bbe7e7.jpg,,reject_weak,reject,weak_reject_category,Clear plastic bottle,Clear plastic bottle|Plastic bottle cap,accept,0.807196,0.807196,0.192804,accept,False
images/accept_weak/taco_01386_Plastic_film_23421020.jpg,,accept_weak,accept,weak_accept_category,Plastic film,Plastic film,accept,0.764640,0.764640,0.235360,accept,True
images/reject_weak/taco_01387_Drink_can_9a2098f4.jpg,,reject_weak,reject,weak_reject_category,Drink can,Drink can,reject,0.508452,0.491548,0.508452,reject,True
images/reject_weak/taco_01388_Clear_plastic_bottle_7bc8ea2c.jpg,,reject_weak,reject,weak_reject_category,Clear plastic bottle,Clear plastic bottle|Drink can,accept,0.656216,0.656216,0.343784,reject,False
images/accept_weak/taco_01389_Disposable_food_container_4d36bb26.jpg,,accept_weak,accept,weak_accept_category,Disposable food container,Glass bottle|Disposable food container|Plastic film,accept,0.716437,0.716437,0.283563,reject,True
images/accept_weak/taco_01390_Cigarette_c881b8f2.jpg,,accept_weak,accept,weak_accept_category,Cigarette,Cigarette|Paper bag,accept,0.924147,0.924147,0.075853,accept,True
images/reject_weak/taco_01391_Aluminium_foil_dd9f79be.jpg,,reject_weak,reject,weak_reject_category,Aluminium foil,Aluminium foil|Other plastic,accept,0.777366,0.777366,0.222634,accept,False
images/accept_weak/taco_01392_Other_plastic_wrapper_7bde682e.jpg,,accept_weak,accept,weak_accept_category,Other plastic wrapper,Plastic lid|Other plastic wrapper,accept,0.815129,0.815129,0.184871,accept,True
images/reject_weak/taco_01393_Other_carton_88bec36d.jpg,,reject_weak,reject,weak_reject_category,Other carton,Other carton,accept,0.572327,0.572327,0.427673,reject,False
images/reject_weak/taco_01394_Normal_paper_fd819999.jpg,,reject_weak,reject,weak_reject_category,Normal paper,Unlabeled litter|Normal paper,accept,0.945774,0.945774,0.054226,accept,False
images/accept_weak/taco_01395_Cigarette_48e7a9b5.jpg,,accept_weak,accept,weak_accept_category,Cigarette,Drink can|Cigarette,accept,0.749660,0.749660,0.250340,reject,True
images/reject_weak/taco_01396_Other_carton_8f0b8bcc.jpg,,reject_weak,reject,weak_reject_category,Other carton,Other carton,reject,0.995922,0.004078,0.995922,reject,True
images/reject_weak/taco_01397_Drink_can_da110c51.jpg,,reject_weak,reject,weak_reject_category,Drink can,Drink can,accept,0.772281,0.772281,0.227719,accept,False
images/accept_weak/taco_01398_Plastic_film_06c99f3c.jpg,,accept_weak,accept,weak_accept_category,Plastic film,Plastic film|Cigarette,accept,0.879413,0.879413,0.120587,accept,True
images/accept_weak/taco_01399_Disposable_food_container_8536379c.jpg,,accept_weak,accept,weak_accept_category,Disposable food container,Disposable food container,accept,0.795512,0.795512,0.204488,accept,True
images/accept_weak/taco_01400_Tissues_e3971204.jpg,,accept_weak,accept,weak_accept_category,Tissues,Spread tub|Tissues|Plastic film,accept,0.812829,0.812829,0.187171,accept,True
images/accept_weak/taco_01401_Cigarette_a43ae6d1.jpg,,accept_weak,accept,weak_accept_category,Cigarette,Cigarette|Drink can,accept,0.922125,0.922125,0.077875,accept,True
images/accept_weak/taco_01402_Plastic_film_ff4da163.jpg,,accept_weak,accept,weak_accept_category,Plastic film,Plastic film|Other plastic wrapper,accept,0.557135,0.557135,0.442865,reject,True
images/accept_weak/taco_01403_Plastic_film_eff7ab6e.jpg,,accept_weak,accept,weak_accept_category,Plastic film,Plastic film|Unlabeled litter,accept,0.822640,0.822640,0.177360,accept,True
images/accept_weak/taco_01404_Cigarette_e0a71b66.jpg,,accept_weak,accept,weak_accept_category,Cigarette,Cigarette|Clear plastic bottle,accept,0.884865,0.884865,0.115135,accept,True
images/reject_weak/taco_01405_Clear_plastic_bottle_3befe7e7.jpg,,reject_weak,reject,weak_reject_category,Clear plastic bottle,Clear plastic bottle,accept,0.532252,0.532252,0.467748,reject,False
images/accept_weak/taco_01406_Plastic_film_fb9ef018.jpg,,accept_weak,accept,weak_accept_category,Plastic film,Plastic film|Unlabeled litter,accept,0.958413,0.958413,0.041587,accept,True
images/accept_weak/taco_01407_Disposable_food_container_0ea367cb.jpg,,accept_weak,accept,weak_accept_category,Disposable food container,Disposable food container|Other plastic wrapper,accept,0.873666,0.873666,0.126334,accept,True
images/accept_weak/taco_01408_Garbage_bag_b8e319ad.jpg,,accept_weak,accept,weak_accept_category,Garbage bag,Other plastic bottle|Plastic bottle cap|Garbage bag|Aluminium foil|Unlabeled litter|Clear plastic bottle|Disposable food container|Metal bottle cap|Plastic lid|Other plastic,accept,0.715749,0.715749,0.284251,reject,True
images/reject_weak/taco_01409_Drink_carton_ced61e98.jpg,,reject_weak,reject,weak_reject_category,Drink carton,Drink carton|Plastic straw,accept,0.612343,0.612343,0.387657,reject,False
images/accept_weak/taco_01410_Plastic_film_8da19c87.jpg,,accept_weak,accept,weak_accept_category,Plastic film,Unlabeled litter|Plastic film,accept,0.829494,0.829494,0.170506,accept,True
images/accept_weak/taco_01411_Plastic_film_71ef6bc4.jpg,,accept_weak,accept,weak_accept_category,Plastic film,Plastic film|Cigarette,accept,0.945908,0.945908,0.054092,accept,True
images/accept_weak/taco_01412_Plastic_film_ab267a4b.jpg,,accept_weak,accept,weak_accept_category,Plastic film,Plastic film,accept,0.951602,0.951602,0.048398,accept,True
images/accept_weak/taco_01413_Cigarette_0ba7843f.jpg,,accept_weak,accept,weak_accept_category,Cigarette,Unlabeled litter|Cigarette,accept,0.755013,0.755013,0.244987,reject,True
images/accept_weak/taco_01414_Other_plastic_wrapper_105e5a63.jpg,,accept_weak,accept,weak_accept_category,Other plastic wrapper,Other plastic wrapper|Other plastic,accept,0.756672,0.756672,0.243328,reject,True
images/accept_weak/taco_01415_Tissues_033ae0c9.jpg,,accept_weak,accept,weak_accept_category,Tissues,Tissues,accept,0.768956,0.768956,0.231044,accept,True
images/accept_weak/taco_01416_Single-use_carrier_bag_136dc2f2.jpg,,accept_weak,accept,weak_accept_category,Single-use carrier bag,Unlabeled litter|Single-use carrier bag,accept,0.852870,0.852870,0.147130,accept,True
images/accept_weak/taco_01417_Plastic_film_188f044b.jpg,,accept_weak,accept,weak_accept_category,Plastic film,Plastic film,accept,0.806510,0.806510,0.193490,accept,True
images/accept_weak/taco_01418_Plastic_film_b5756cb5.jpg,,accept_weak,accept,weak_accept_category,Plastic film,Plastic film,accept,0.756245,0.756245,0.243755,reject,True
images/reject_weak/taco_01419_Scrap_metal_75ce8043.jpg,,reject_weak,reject,weak_reject_category,Scrap metal,Scrap metal,accept,0.948400,0.948400,0.051600,accept,False
images/accept_weak/taco_01420_Single-use_carrier_bag_dbfc0089.jpg,,accept_weak,accept,weak_accept_category,Single-use carrier bag,Single-use carrier bag|Plastic film,accept,0.762366,0.762366,0.237634,accept,True
images/accept_weak/taco_01421_Plastic_film_16f2247a.jpg,,accept_weak,accept,weak_accept_category,Plastic film,Plastic film,accept,0.905289,0.905289,0.094711,accept,True
images/accept_weak/taco_01422_Plastic_film_e685e793.jpg,,accept_weak,accept,weak_accept_category,Plastic film,Plastic film|Cigarette|Other plastic,accept,0.855991,0.855991,0.144009,accept,True
images/accept_weak/taco_01423_Styrofoam_piece_f6ddfb2a.jpg,,accept_weak,accept,weak_accept_category,Styrofoam piece,Styrofoam piece|Other plastic|Plastic film,accept,0.967048,0.967048,0.032952,accept,True
images/accept_weak/taco_01424_Other_plastic_wrapper_62cf9ca1.jpg,,accept_weak,accept,weak_accept_category,Other plastic wrapper,Other plastic wrapper,accept,0.848957,0.848957,0.151043,accept,True
images/accept_weak/taco_01425_Other_plastic_wrapper_32a0bc3a.jpg,,accept_weak,accept,weak_accept_category,Other plastic wrapper,Other plastic wrapper|Plastic film,accept,0.802302,0.802302,0.197698,accept,True
images/accept_weak/taco_01426_Cigarette_90476815.jpg,,accept_weak,accept,weak_accept_category,Cigarette,Plastic bottle cap|Cigarette,accept,0.885668,0.885668,0.114332,accept,True
images/accept_weak/taco_01427_Tissues_2902f438.jpg,,accept_weak,accept,weak_accept_category,Tissues,Metal bottle cap|Tissues|Plastic film,accept,0.955473,0.955473,0.044527,accept,True
images/accept_weak/taco_01428_Cigarette_47eea54c.jpg,,accept_weak,accept,weak_accept_category,Cigarette,Cigarette|Plastic film|Styrofoam piece,accept,0.850156,0.850156,0.149844,accept,True
images/accept_weak/taco_01429_Cigarette_f81c5163.jpg,,accept_weak,accept,weak_accept_category,Cigarette,Cigarette|Other plastic|Unlabeled litter,accept,0.791560,0.791560,0.208440,accept,True
images/accept_weak/taco_01430_Plastic_film_8dee9686.jpg,,accept_weak,accept,weak_accept_category,Plastic film,Plastic film,accept,0.745420,0.745420,0.254580,reject,True
images/accept_weak/taco_01431_Plastic_film_08bd87c6.jpg,,accept_weak,accept,weak_accept_category,Plastic film,Plastic film|Unlabeled litter,accept,0.934285,0.934285,0.065715,accept,True
images/accept_weak/taco_01432_Plastic_film_da691e48.jpg,,accept_weak,accept,weak_accept_category,Plastic film,Plastic film,accept,0.840894,0.840894,0.159106,accept,True
images/accept_weak/taco_01434_Other_plastic_wrapper_4ea50dac.jpg,,accept_weak,accept,weak_accept_category,Other plastic wrapper,Other plastic wrapper,accept,0.973362,0.973362,0.026638,accept,True
images/accept_weak/taco_01435_Plastic_film_c6deb5c8.jpg,,accept_weak,accept,weak_accept_category,Plastic film,Plastic film|Cigarette,accept,0.945854,0.945854,0.054146,accept,True
images/accept_weak/taco_01436_Plastic_film_51c3169e.jpg,,accept_weak,accept,weak_accept_category,Plastic film,Plastic film,accept,0.862653,0.862653,0.137347,accept,True
images/reject_weak/taco_01437_Plastic_bottle_cap_7a1331b7.jpg,,reject_weak,reject,weak_reject_category,Plastic bottle cap,Plastic bottle cap,accept,0.949980,0.949980,0.050020,accept,False
images/accept_weak/taco_01438_Plastic_film_f777c930.jpg,,accept_weak,accept,weak_accept_category,Plastic film,Plastic film|Rope & strings,accept,0.953550,0.953550,0.046450,accept,True
images/accept_weak/taco_01439_Cigarette_e349ee61.jpg,,accept_weak,accept,weak_accept_category,Cigarette,Other plastic|Cigarette,accept,0.784100,0.784100,0.215900,accept,True
images/accept_weak/taco_01440_Cigarette_2219cfc6.jpg,,accept_weak,accept,weak_accept_category,Cigarette,Plastic straw|Cigarette,accept,0.909452,0.909452,0.090548,accept,True
images/accept_weak/taco_01441_Plastic_film_e43e4586.jpg,,accept_weak,accept,weak_accept_category,Plastic film,Plastic film,accept,0.815051,0.815051,0.184949,accept,True
images/accept_weak/taco_01442_Plastic_film_169c0d8f.jpg,,accept_weak,accept,weak_accept_category,Plastic film,Plastic film,accept,0.859276,0.859276,0.140724,accept,True
images/accept_weak/taco_01443_Plastic_film_fc017873.jpg,,accept_weak,accept,weak_accept_category,Plastic film,Plastic film,accept,0.963499,0.963499,0.036501,accept,True
images/accept_weak/taco_01444_Plastic_film_0368cdfd.jpg,,accept_weak,accept,weak_accept_category,Plastic film,Plastic film,accept,0.828544,0.828544,0.171456,accept,True
images/accept_weak/taco_01445_Plastic_film_5716225c.jpg,,accept_weak,accept,weak_accept_category,Plastic film,Plastic film,accept,0.852129,0.852129,0.147871,accept,True
images/accept_weak/taco_01446_Plastic_film_00acdc05.jpg,,accept_weak,accept,weak_accept_category,Plastic film,Plastic film,accept,0.948254,0.948254,0.051746,accept,True
images/accept_weak/taco_01447_Plastic_film_f00beffe.jpg,,accept_weak,accept,weak_accept_category,Plastic film,Plastic film,accept,0.986360,0.986360,0.013640,accept,True
images/reject_weak/taco_01448_Other_plastic_8e7eb15b.jpg,,reject_weak,reject,weak_reject_category,Other plastic,Other plastic|Plastic straw,accept,0.906670,0.906670,0.093330,accept,False
images/reject_weak/taco_01450_Corrugated_carton_011769eb.jpg,,reject_weak,reject,weak_reject_category,Corrugated carton,Corrugated carton|Unlabeled litter,accept,0.673888,0.673888,0.326112,reject,False
images/accept_weak/taco_01451_Cigarette_a4c570ac.jpg,,accept_weak,accept,weak_accept_category,Cigarette,Unlabeled litter|Glass bottle|Cigarette,accept,0.908038,0.908038,0.091962,accept,True
images/accept_weak/taco_01452_Cigarette_9d16c5af.jpg,,accept_weak,accept,weak_accept_category,Cigarette,Wrapping paper|Cigarette,accept,0.661975,0.661975,0.338025,reject,True
images/accept_weak/taco_01453_Cigarette_9e342c2c.jpg,,accept_weak,accept,weak_accept_category,Cigarette,Drink carton|Plastic straw|Cigarette|Plastic film|Unlabeled litter,accept,0.857504,0.857504,0.142496,accept,True
images/accept_weak/taco_01454_Cigarette_925d13c7.jpg,,accept_weak,accept,weak_accept_category,Cigarette,Pop tab|Metal bottle cap|Cigarette|Unlabeled litter,accept,0.928847,0.928847,0.071153,accept,True
images/accept_weak/taco_01455_Tissues_c1330d32.jpg,,accept_weak,accept,weak_accept_category,Tissues,Disposable plastic cup|Tissues,accept,0.855203,0.855203,0.144797,accept,True
images/accept_weak/taco_01456_Tissues_64fb220c.jpg,,accept_weak,accept,weak_accept_category,Tissues,Tissues|Other plastic wrapper|Other plastic|Unlabeled litter,accept,0.639782,0.639782,0.360218,reject,True
images/accept_weak/taco_01457_Plastic_film_01f1c4f2.jpg,,accept_weak,accept,weak_accept_category,Plastic film,Plastic film|Unlabeled litter,accept,0.859972,0.859972,0.140028,accept,True
images/accept_weak/taco_01458_Plastic_film_284a6aef.jpg,,accept_weak,accept,weak_accept_category,Plastic film,Plastic film|Unlabeled litter,accept,0.630289,0.630289,0.369711,reject,True
images/accept_weak/taco_01459_Plastic_film_f5f8b142.jpg,,accept_weak,accept,weak_accept_category,Plastic film,Plastic film|Unlabeled litter,accept,0.821722,0.821722,0.178278,accept,True
images/accept_weak/taco_01460_Other_plastic_wrapper_36dc64b3.jpg,,accept_weak,accept,weak_accept_category,Other plastic wrapper,Other plastic wrapper|Plastic film|Unlabeled litter,accept,0.848597,0.848597,0.151403,accept,True
images/accept_weak/taco_01461_Other_plastic_wrapper_84b93123.jpg,,accept_weak,accept,weak_accept_category,Other plastic wrapper,Other plastic wrapper|Cigarette|Tissues|Unlabeled litter,accept,0.946562,0.946562,0.053438,accept,True
images/accept_weak/taco_01462_Plastic_film_647e46ca.jpg,,accept_weak,accept,weak_accept_category,Plastic film,Meal carton|Plastic film,accept,0.755453,0.755453,0.244547,reject,True
images/accept_weak/taco_01463_Plastic_film_c05ca83e.jpg,,accept_weak,accept,weak_accept_category,Plastic film,Plastic film|Other carton,accept,0.835288,0.835288,0.164712,accept,True
images/reject_weak/taco_01464_Drink_can_f5942254.jpg,,reject_weak,reject,weak_reject_category,Drink can,Drink can|Disposable plastic cup,accept,0.653207,0.653207,0.346793,reject,False
images/accept_weak/taco_01465_Cigarette_2cc5c253.jpg,,accept_weak,accept,weak_accept_category,Cigarette,Cigarette|Normal paper|Disposable plastic cup,accept,0.820989,0.820989,0.179011,accept,True
images/accept_weak/taco_01466_Cigarette_127616e4.jpg,,accept_weak,accept,weak_accept_category,Cigarette,Cigarette|Disposable plastic cup,accept,0.814803,0.814803,0.185197,accept,True
images/reject_weak/taco_01467_Clear_plastic_bottle_9f68100d.jpg,,reject_weak,reject,weak_reject_category,Clear plastic bottle,Clear plastic bottle|Plastic bottle cap|Normal paper|Rope & strings,accept,0.744725,0.744725,0.255275,reject,False
images/accept_weak/taco_01468_Other_plastic_wrapper_0c93a8eb.jpg,,accept_weak,accept,weak_accept_category,Other plastic wrapper,Other plastic wrapper,accept,0.917823,0.917823,0.082177,accept,True
images/reject_weak/taco_01469_Plastic_lid_c1198613.jpg,,reject_weak,reject,weak_reject_category,Plastic lid,Plastic lid|Clear plastic bottle,accept,0.617473,0.617473,0.382527,reject,False
images/accept_weak/taco_01470_Plastic_film_6c204adb.jpg,,accept_weak,accept,weak_accept_category,Plastic film,Unlabeled litter|Clear plastic bottle|Plastic bottle cap|Plastic lid|Plastic film,accept,0.790468,0.790468,0.209532,accept,True
images/accept_weak/taco_01471_Single-use_carrier_bag_120e5ac5.jpg,,accept_weak,accept,weak_accept_category,Single-use carrier bag,Single-use carrier bag|Clear plastic bottle|Plastic film,accept,0.699519,0.699519,0.300481,reject,True
images/reject_weak/taco_01472_Other_plastic_1f43308e.jpg,,reject_weak,reject,weak_reject_category,Other plastic,Other plastic|Unlabeled litter,accept,0.714797,0.714797,0.285203,reject,False
images/accept_weak/taco_01473_Plastic_film_cb044e60.jpg,,accept_weak,accept,weak_accept_category,Plastic film,Plastic film|Corrugated carton,accept,0.947532,0.947532,0.052468,accept,True
images/reject_weak/taco_01474_Glass_bottle_13000f3d.jpg,,reject_weak,reject,weak_reject_category,Glass bottle,Glass bottle|Clear plastic bottle|Unlabeled litter,accept,0.939127,0.939127,0.060873,accept,False
images/accept_weak/taco_01475_Other_plastic_wrapper_b268017c.jpg,,accept_weak,accept,weak_accept_category,Other plastic wrapper,Clear plastic bottle|Glass bottle|Other plastic wrapper,accept,0.968406,0.968406,0.031593,accept,True
images/accept_weak/taco_01476_Tissues_deef4ff7.jpg,,accept_weak,accept,weak_accept_category,Tissues,Glass bottle|Tissues,accept,0.807296,0.807296,0.192704,accept,True
images/reject_weak/taco_01477_Plastic_bottle_cap_5c9d43e2.jpg,,reject_weak,reject,weak_reject_category,Plastic bottle cap,Plastic bottle cap,reject,0.934270,0.065730,0.934270,reject,True
images/accept_weak/taco_01478_Single-use_carrier_bag_07f68bad.jpg,,accept_weak,accept,weak_accept_category,Single-use carrier bag,Single-use carrier bag|Cigarette,accept,0.940944,0.940944,0.059056,accept,True
images/reject_weak/taco_01479_Plastic_bottle_cap_281536c1.jpg,,reject_weak,reject,weak_reject_category,Plastic bottle cap,Plastic bottle cap|Clear plastic bottle,accept,0.630358,0.630358,0.369642,reject,False
images/accept_weak/taco_01480_Cigarette_f848045a.jpg,,accept_weak,accept,weak_accept_category,Cigarette,Aluminium foil|Cigarette|Plastic film|Metal bottle cap|Unlabeled litter,accept,0.722048,0.722048,0.277952,reject,True
images/accept_weak/taco_01481_Other_plastic_wrapper_a7a8ae5d.jpg,,accept_weak,accept,weak_accept_category,Other plastic wrapper,Other plastic|Other plastic wrapper,accept,0.918671,0.918671,0.081329,accept,True
images/accept_weak/taco_01482_Other_plastic_wrapper_9c6ebd38.jpg,,accept_weak,accept,weak_accept_category,Other plastic wrapper,Other plastic wrapper,accept,0.853569,0.853569,0.146431,accept,True
images/reject_weak/taco_01483_Drink_can_00b086c7.jpg,,reject_weak,reject,weak_reject_category,Drink can,Drink can,reject,0.999098,0.000902,0.999098,reject,True
images/accept_weak/taco_01484_Styrofoam_piece_e0145018.jpg,,accept_weak,accept,weak_accept_category,Styrofoam piece,Clear plastic bottle|Plastic bottle cap|Other carton|Unlabeled litter|Scrap metal|Styrofoam piece|Aluminium foil,accept,0.815795,0.815795,0.184205,accept,True
images/accept_weak/taco_01485_Cigarette_81b2987a.jpg,,accept_weak,accept,weak_accept_category,Cigarette,Cigarette|Other carton,accept,0.871204,0.871204,0.128796,accept,True
images/accept_weak/taco_01486_Other_plastic_wrapper_4f8a045f.jpg,,accept_weak,accept,weak_accept_category,Other plastic wrapper,Other carton|Other plastic wrapper|Cigarette,accept,0.966672,0.966672,0.033328,accept,True
images/accept_weak/taco_01487_Tissues_fa1dbc6d.jpg,,accept_weak,accept,weak_accept_category,Tissues,Other plastic|Aluminium foil|Tissues,accept,0.778458,0.778458,0.221542,accept,True
images/accept_weak/taco_01488_Tissues_724e192e.jpg,,accept_weak,accept,weak_accept_category,Tissues,Corrugated carton|Normal paper|Tissues|Unlabeled litter|Plastic lid|Cigarette|Metal bottle cap,accept,0.905187,0.905187,0.094813,accept,True
images/reject_weak/taco_01489_Other_plastic_bottle_59964307.jpg,,reject_weak,reject,weak_reject_category,Other plastic bottle,Other plastic bottle|Unlabeled litter,accept,0.602026,0.602026,0.397974,reject,False
images/accept_weak/taco_01490_Plastic_film_fd29d235.jpg,,accept_weak,accept,weak_accept_category,Plastic film,Drink can|Plastic film|Unlabeled litter|Clear plastic bottle|Plastic bottle cap,accept,0.947206,0.947206,0.052794,accept,True
images/reject_weak/taco_01491_Clear_plastic_bottle_fd752c93.jpg,,reject_weak,reject,weak_reject_category,Clear plastic bottle,Clear plastic bottle,accept,0.970916,0.970916,0.029084,accept,False
images/reject_weak/taco_01492_Clear_plastic_bottle_c329b046.jpg,,reject_weak,reject,weak_reject_category,Clear plastic bottle,Clear plastic bottle,accept,0.821879,0.821879,0.178121,accept,False
images/reject_weak/taco_01493_Glass_bottle_f6910640.jpg,,reject_weak,reject,weak_reject_category,Glass bottle,Glass bottle|Other plastic bottle|Plastic bottle cap,accept,0.846905,0.846905,0.153095,accept,False
images/accept_weak/taco_01494_Plastic_film_7dc93b08.jpg,,accept_weak,accept,weak_accept_category,Plastic film,Clear plastic bottle|Plastic film|Glass bottle,accept,0.795693,0.795693,0.204307,accept,True
images/accept_weak/taco_01495_Other_plastic_wrapper_ea08fda9.jpg,,accept_weak,accept,weak_accept_category,Other plastic wrapper,Drink carton|Plastic straw|Unlabeled litter|Other plastic wrapper,accept,0.752482,0.752482,0.247518,reject,True
images/reject_weak/taco_01496_Plastic_straw_8c4b5d9b.jpg,,reject_weak,reject,weak_reject_category,Plastic straw,Plastic straw,accept,0.949613,0.949613,0.050387,accept,False
images/reject_weak/taco_01497_Glass_bottle_a19d3e3d.jpg,,reject_weak,reject,weak_reject_category,Glass bottle,Glass bottle|Metal bottle cap,reject,0.924682,0.075318,0.924682,reject,True
images/reject_weak/taco_01498_Drink_carton_e979ce6c.jpg,,reject_weak,reject,weak_reject_category,Drink carton,Drink carton|Plastic bottle cap,reject,0.773641,0.226359,0.773641,reject,True
images/accept_weak/taco_01499_Other_plastic_wrapper_75de91f1.jpg,,accept_weak,accept,weak_accept_category,Other plastic wrapper,Other plastic wrapper|Other carton|Glass bottle,accept,0.730666,0.730666,0.269334,reject,True
