local_path,split,label_hint,eval_label,eval_label_strength,dominant_category,all_categories,pred_class,confidence,accept_prob,reject_prob,gate_action,weak_label_match
images/reject_weak/taco_00000_Glass_bottle_5e600256.jpg,,reject_weak,reject,weak_reject_category,Glass bottle,Glass bottle,reject,0.976468,0.023532,0.976468,reject,True
images/reject_weak/taco_00001_Meal_carton_607d7928.jpg,,reject_weak,reject,weak_reject_category,Meal carton,Meal carton|Other carton,reject,0.995742,0.004258,0.995742,reject,True
images/reject_weak/taco_00002_Clear_plastic_bottle_b4e51370.jpg,,reject_weak,reject,weak_reject_category,Clear plastic bottle,Clear plastic bottle|Plastic bottle cap,reject,0.716689,0.283311,0.716689,reject,True
images/reject_weak/taco_00003_Clear_plastic_bottle_2d11562c.jpg,,reject_weak,reject,weak_reject_category,Clear plastic bottle,Clear plastic bottle|Plastic bottle cap|Drink can,accept,0.710789,0.710789,0.289211,reject,False
images/reject_weak/taco_00004_Drink_can_0acc8519.jpg,,reject_weak,reject,weak_reject_category,Drink can,Drink can,reject,0.693430,0.306570,0.693430,reject,True
images/reject_weak/taco_00005_Food_Can_21593e35.jpg,,reject_weak,reject,weak_reject_category,Food Can,Food Can|Other plastic bottle|Plastic bottle cap|Pop tab,reject,0.896014,0.103986,0.896014,reject,True
images/reject_weak/taco_00006_Aerosol_d5272d73.jpg,,reject_weak,reject,weak_reject_category,Aerosol,Aerosol,reject,0.916204,0.083796,0.916204,reject,True
images/reject_weak/taco_00007_Clear_plastic_bottle_13c98895.jpg,,reject_weak,reject,weak_reject_category,Clear plastic bottle,Clear plastic bottle|Plastic bottle cap,accept,0.512315,0.512315,0.487685,reject,False
images/reject_weak/taco_00008_Clear_plastic_bottle_2ec94819.jpg,,reject_weak,reject,weak_reject_category,Clear plastic bottle,Clear plastic bottle,reject,0.675238,0.324762,0.675238,reject,True
images/reject_weak/taco_00009_Food_Can_72309f9a.jpg,,reject_weak,reject,weak_reject_category,Food Can,Food Can|Glass cup|Pop tab,reject,0.962046,0.037954,0.962046,reject,True
images/accept_weak/taco_00010_Other_plastic_wrapper_f25aac4c.jpg,,accept_weak,accept,weak_accept_category,Other plastic wrapper,Glass bottle|Other plastic wrapper,accept,0.637435,0.637435,0.362565,reject,True
images/accept_weak/taco_00011_Styrofoam_piece_64f00c2c.jpg,,accept_weak,accept,weak_accept_category,Styrofoam piece,Styrofoam piece|Drink can|Plastic film|Other carton|Other plastic,accept,0.548996,0.548996,0.451004,reject,True
images/reject_weak/taco_00012_Other_plastic_bottle_acae0878.jpg,,reject_weak,reject,weak_reject_category,Other plastic bottle,Other plastic bottle|Clear plastic bottle|Glass bottle|Drink carton|Plastic bottle cap|Metal bottle cap,reject,0.944653,0.055347,0.944653,reject,True
images/accept_weak/taco_00013_Plastic_film_b37220fc.jpg,,accept_weak,accept,weak_accept_category,Plastic film,Clear plastic bottle|Plastic bottle cap|Plastic film|Disposable food container,reject,0.710912,0.289088,0.710912,reject,False
images/reject_weak/taco_00014_Other_plastic_bottle_8f340bb6.jpg,,reject_weak,reject,weak_reject_category,Other plastic bottle,Other plastic bottle,reject,0.780571,0.219429,0.780571,reject,True
images/reject_weak/taco_00015_Other_plastic_bottle_b95ce2fe.jpg,,reject_weak,reject,weak_reject_category,Other plastic bottle,Other plastic bottle|Plastic bottle cap,reject,0.829315,0.170685,0.829315,reject,True
images/reject_weak/taco_00016_Aerosol_ad15261b.jpg,,reject_weak,reject,weak_reject_category,Aerosol,Aerosol|Normal paper,reject,0.879543,0.120457,0.879543,reject,True
images/reject_weak/taco_00017_Paper_cup_8c1bde81.jpg,,reject_weak,reject,weak_reject_category,Paper cup,Paper cup,accept,0.669736,0.669736,0.330264,reject,False
images/reject_weak/taco_00018_Drink_can_2ee92ad2.jpg,,reject_weak,reject,weak_reject_category,Drink can,Drink can,accept,0.515342,0.515342,0.484658,reject,False
images/reject_weak/taco_00019_Drink_can_86a1bab2.jpg,,reject_weak,reject,weak_reject_category,Drink can,Drink can|Pop tab,accept,0.555836,0.555836,0.444164,reject,False
images/reject_weak/taco_00020_Food_Can_24bc0222.jpg,,reject_weak,reject,weak_reject_category,Food Can,Food Can|Pop tab,reject,0.913664,0.086336,0.913664,reject,True
images/reject_weak/taco_00021_Food_Can_6a60e8ee.jpg,,reject_weak,reject,weak_reject_category,Food Can,Food Can|Pop tab,reject,0.979368,0.020632,0.979368,reject,True
images/reject_weak/taco_00022_Drink_can_bb8d4e60.jpg,,reject_weak,reject,weak_reject_category,Drink can,Drink can|Pop tab,reject,0.830498,0.169502,0.830498,reject,True
images/reject_weak/taco_00023_Aerosol_d8ceb03f.jpg,,reject_weak,reject,weak_reject_category,Aerosol,Aerosol|Other plastic bottle|Plastic bottle cap,reject,0.997393,0.002607,0.997393,reject,True
images/reject_weak/taco_00024_Aerosol_7deb7cd2.jpg,,reject_weak,reject,weak_reject_category,Aerosol,Aerosol,reject,0.970143,0.029857,0.970143,reject,True
images/accept_weak/taco_00025_Other_plastic_wrapper_0cbf168a.jpg,,accept_weak,accept,weak_accept_category,Other plastic wrapper,Glass bottle|Other plastic wrapper,accept,0.587666,0.587666,0.412334,reject,True
images/accept_weak/taco_00026_Other_plastic_wrapper_42f17c1f.jpg,,accept_weak,accept,weak_accept_category,Other plastic wrapper,Glass bottle|Other plastic wrapper,accept,0.753596,0.753596,0.246405,reject,True
images/reject_weak/taco_00027_Clear_plastic_bottle_ac5a2bf9.jpg,,reject_weak,reject,weak_reject_category,Clear plastic bottle,Clear plastic bottle|Drink can|Pop tab|Plastic bottle cap,accept,0.551010,0.551010,0.448990,reject,False
images/reject_weak/taco_00028_Drink_can_9fdba6dc.jpg,,reject_weak,reject,weak_reject_category,Drink can,Drink can|Clear plastic bottle,accept,0.536787,0.536787,0.463213,reject,False
images/reject_weak/taco_00029_Drink_can_a9207c56.jpg,,reject_weak,reject,weak_reject_category,Drink can,Drink can,reject,0.532769,0.467231,0.532769,reject,True
images/accept_weak/taco_00030_Disposable_food_container_f2a1c540.jpg,,accept_weak,accept,weak_accept_category,Disposable food container,Disposable food container|Cigarette,accept,0.569668,0.569668,0.430332,reject,True
images/reject_weak/taco_00031_Drink_can_80d91479.jpg,,reject_weak,reject,weak_reject_category,Drink can,Drink can,reject,0.508029,0.491971,0.508029,reject,True
images/reject_weak/taco_00032_Drink_can_cdbec646.jpg,,reject_weak,reject,weak_reject_category,Drink can,Drink can,reject,0.568171,0.431829,0.568171,reject,True
images/reject_weak/taco_00033_Food_Can_194a86a7.jpg,,reject_weak,reject,weak_reject_category,Food Can,Food Can|Pop tab,reject,0.963183,0.036817,0.963183,reject,True
images/accept_weak/taco_00034_Single-use_carrier_bag_2c538ead.jpg,,accept_weak,accept,weak_accept_category,Single-use carrier bag,Drink can|Single-use carrier bag,reject,0.667749,0.332251,0.667749,reject,False
images/accept_weak/taco_00035_Tissues_362ce883.jpg,,accept_weak,accept,weak_accept_category,Tissues,Aerosol|Normal paper|Tissues|Toilet tube,reject,0.838370,0.161630,0.838370,reject,False
images/reject_weak/taco_00036_Clear_plastic_bottle_c4df50d9.jpg,,reject_weak,reject,weak_reject_category,Clear plastic bottle,Clear plastic bottle,accept,0.547414,0.547414,0.452586,reject,False
images/reject_weak/taco_00037_Glass_bottle_aeb3bdb7.jpg,,reject_weak,reject,weak_reject_category,Glass bottle,Glass bottle,reject,0.505776,0.494224,0.505776,reject,True
images/accept_weak/taco_00038_Plastic_film_2a3bbdcd.jpg,,accept_weak,accept,weak_accept_category,Plastic film,Plastic film|Crisp packet,accept,0.589796,0.589796,0.410204,reject,True
images/reject_weak/taco_00039_Glass_bottle_e8e50576.jpg,,reject_weak,reject,weak_reject_category,Glass bottle,Glass bottle,reject,0.814306,0.185694,0.814306,reject,True
images/reject_weak/taco_00040_Glass_bottle_9f235a83.jpg,,reject_weak,reject,weak_reject_category,Glass bottle,Glass bottle,reject,0.690963,0.309037,0.690963,reject,True
images/reject_weak/taco_00041_Drink_can_0d800339.jpg,,reject_weak,reject,weak_reject_category,Drink can,Drink can|Pop tab|Normal paper,reject,0.588921,0.411079,0.588921,reject,True
images/reject_weak/taco_00042_Drink_can_a2887150.jpg,,reject_weak,reject,weak_reject_category,Drink can,Drink can,accept,0.627106,0.627106,0.372894,reject,False
images/reject_weak/taco_00043_Other_plastic_bottle_c1d03c6c.jpg,,reject_weak,reject,weak_reject_category,Other plastic bottle,Other plastic bottle|Glass cup,reject,0.941841,0.058159,0.941841,reject,True
images/reject_weak/taco_00044_Food_Can_128aae8f.jpg,,reject_weak,reject,weak_reject_category,Food Can,Food Can|Pop tab,reject,0.995593,0.004407,0.995593,reject,True
images/reject_weak/taco_00045_Food_Can_4b84c54b.jpg,,reject_weak,reject,weak_reject_category,Food Can,Food Can,reject,0.910730,0.089270,0.910730,reject,True
images/reject_weak/taco_00046_Food_Can_767ef223.jpg,,reject_weak,reject,weak_reject_category,Food Can,Food Can|Pop tab,reject,0.977379,0.022621,0.977379,reject,True
images/reject_weak/taco_00047_Plastic_lid_8647eb70.jpg,,reject_weak,reject,weak_reject_category,Plastic lid,Plastic lid|Metal lid|Egg carton,reject,0.846751,0.153249,0.846751,reject,True
images/reject_weak/taco_00048_Egg_carton_455f715b.jpg,,reject_weak,reject,weak_reject_category,Egg carton,Egg carton,accept,0.573251,0.573251,0.426749,reject,False
images/reject_weak/taco_00049_Egg_carton_63e49dbc.jpg,,reject_weak,reject,weak_reject_category,Egg carton,Egg carton,reject,0.783271,0.216729,0.783271,reject,True
images/accept_weak/taco_00050_Cigarette_827ad755.jpg,,accept_weak,accept,weak_accept_category,Cigarette,Plastic straw|Cigarette,accept,0.657507,0.657507,0.342493,reject,True
images/reject_weak/taco_00051_Drink_can_fa3606f3.jpg,,reject_weak,reject,weak_reject_category,Drink can,Drink can,accept,0.834639,0.834639,0.165361,accept,False
images/reject_weak/taco_00052_Drink_can_e9327a60.jpg,,reject_weak,reject,weak_reject_category,Drink can,Drink can,reject,0.512520,0.487480,0.512520,reject,True
images/reject_weak/taco_00053_Other_carton_48d7c97e.jpg,,reject_weak,reject,weak_reject_category,Other carton,Other carton,accept,0.514232,0.514232,0.485768,reject,False
images/accept_weak/taco_00054_Crisp_packet_ca8da98c.jpg,,accept_weak,accept,weak_accept_category,Crisp packet,Crisp packet|Normal paper|Cigarette,accept,0.536245,0.536245,0.463755,reject,True
images/reject_weak/taco_00055_Drink_can_cbed140f.jpg,,reject_weak,reject,weak_reject_category,Drink can,Drink can,accept,0.505140,0.505140,0.494860,reject,False
images/accept_weak/taco_00056_Cigarette_6e4b6816.jpg,,accept_weak,accept,weak_accept_category,Cigarette,Paper cup|Cigarette,reject,0.604663,0.395337,0.604663,reject,False
images/accept_weak/taco_00057_Cigarette_cba6c284.jpg,,accept_weak,accept,weak_accept_category,Cigarette,Plastic straw|Cigarette,accept,0.740102,0.740102,0.259899,reject,True
images/reject_weak/taco_00058_Paper_bag_e2b1c057.jpg,,reject_weak,reject,weak_reject_category,Paper bag,Paper bag,reject,0.589408,0.410592,0.589408,reject,True
images/reject_weak/taco_00059_Paper_bag_9f37daa0.jpg,,reject_weak,reject,weak_reject_category,Paper bag,Paper bag,accept,0.649855,0.649855,0.350145,reject,False
images/accept_weak/taco_00060_Cigarette_808f9f41.jpg,,accept_weak,accept,weak_accept_category,Cigarette,Clear plastic bottle|Plastic bottle cap|Cigarette,accept,0.648534,0.648534,0.351466,reject,True
images/accept_weak/taco_00061_Crisp_packet_8654a8db.jpg,,accept_weak,accept,weak_accept_category,Crisp packet,Crisp packet,accept,0.507562,0.507562,0.492438,reject,True
images/reject_weak/taco_00062_Paper_cup_b70ff0a3.jpg,,reject_weak,reject,weak_reject_category,Paper cup,Paper cup|Plastic lid,reject,0.515351,0.484649,0.515351,reject,True
images/reject_weak/taco_00063_Disposable_plastic_cup_5fbcee6a.jpg,,reject_weak,reject,weak_reject_category,Disposable plastic cup,Disposable plastic cup|Plastic lid|Drink can,reject,0.721679,0.278321,0.721679,reject,True
images/accept_weak/taco_00064_Cigarette_5d338456.jpg,,accept_weak,accept,weak_accept_category,Cigarette,Plastic straw|Broken glass|Cigarette,accept,0.549955,0.549955,0.450045,reject,True
images/accept_weak/taco_00065_Plastic_utensils_9d6bc2b1.jpg,,accept_weak,accept,weak_accept_category,Plastic utensils,Plastic utensils|Cigarette,reject,0.659382,0.340618,0.659382,reject,False
images/accept_weak/taco_00066_Cigarette_8b2f61d8.jpg,,accept_weak,accept,weak_accept_category,Cigarette,Paper bag|Cigarette,reject,0.541362,0.458638,0.541362,reject,False
images/accept_weak/taco_00067_Tissues_989d3a10.jpg,,accept_weak,accept,weak_accept_category,Tissues,Food Can|Glass jar|Metal lid|Tissues,reject,0.908403,0.091597,0.908403,reject,False
images/reject_weak/taco_00068_Food_Can_5e06f5de.jpg,,reject_weak,reject,weak_reject_category,Food Can,Food Can|Food waste,reject,0.875273,0.124727,0.875273,reject,True
images/reject_weak/taco_00069_Metal_bottle_cap_63a61735.jpg,,reject_weak,reject,weak_reject_category,Metal bottle cap,Squeezable tube|Metal bottle cap,reject,0.903965,0.096035,0.903965,reject,True
images/accept_weak/taco_00070_Other_plastic_wrapper_f1c60c66.jpg,,accept_weak,accept,weak_accept_category,Other plastic wrapper,Other carton|Spread tub|Other plastic wrapper,reject,0.885462,0.114538,0.885462,reject,False
images/reject_weak/taco_00071_Spread_tub_70d283da.jpg,,reject_weak,reject,weak_reject_category,Spread tub,Spread tub,reject,0.865982,0.134018,0.865982,reject,True
images/accept_weak/taco_00072_Plastic_film_7db8dcc3.jpg,,accept_weak,accept,weak_accept_category,Plastic film,Plastic film|Food waste,reject,0.786934,0.213066,0.786934,reject,False
images/accept_weak/taco_00073_Single-use_carrier_bag_d3cc4a34.jpg,,accept_weak,accept,weak_accept_category,Single-use carrier bag,Single-use carrier bag|Shoe,accept,0.511157,0.511157,0.488843,reject,True
images/accept_weak/taco_00074_Garbage_bag_cc5dec47.jpg,,accept_weak,accept,weak_accept_category,Garbage bag,Garbage bag,reject,0.555133,0.444867,0.555133,reject,False
images/accept_weak/taco_00075_Other_plastic_wrapper_bb64b0b7.jpg,,accept_weak,accept,weak_accept_category,Other plastic wrapper,Drink can|Clear plastic bottle|Pop tab|Other plastic wrapper|Plastic film|Aluminium foil|Normal paper|Plastic bottle cap,accept,0.633909,0.633909,0.366091,reject,True
images/accept_weak/taco_00076_Other_plastic_wrapper_9e2bddf6.jpg,,accept_weak,accept,weak_accept_category,Other plastic wrapper,Clear plastic bottle|Other plastic wrapper|Metal bottle cap|Plastic bottle cap|Pop tab,accept,0.548349,0.548349,0.451651,reject,True
images/reject_weak/taco_00077_Plastic_lid_c9c2a8cc.jpg,,reject_weak,reject,weak_reject_category,Plastic lid,Six pack rings|Plastic lid,accept,0.569062,0.569062,0.430938,reject,False
images/reject_weak/taco_00080_Paper_straw_1384911c.jpg,,reject_weak,reject,weak_reject_category,Paper straw,Paper straw|Glass cup,reject,0.981157,0.018843,0.981157,reject,True
images/reject_weak/taco_00081_Corrugated_carton_cdff2416.jpg,,reject_weak,reject,weak_reject_category,Corrugated carton,Corrugated carton|Food waste|Unlabeled litter,reject,0.930899,0.069101,0.930899,reject,True
images/reject_weak/taco_00082_Battery_f0fee36f.jpg,,reject_weak,reject,weak_reject_category,Battery,Aluminium blister pack|Battery|Aerosol|Plastic bottle cap|Squeezable tube,reject,0.926849,0.073151,0.926849,reject,True
images/accept_weak/taco_00083_Plastic_film_71e6f5bf.jpg,,accept_weak,accept,weak_accept_category,Plastic film,Plastic film,reject,0.545060,0.454940,0.545060,reject,False
images/reject_weak/taco_00084_Other_plastic_bottle_29d6819f.jpg,,reject_weak,reject,weak_reject_category,Other plastic bottle,Toilet tube|Other plastic bottle|Plastic bottle cap,reject,0.816360,0.183640,0.816360,reject,True
images/accept_weak/taco_00085_Garbage_bag_c9e1348c.jpg,,accept_weak,accept,weak_accept_category,Garbage bag,Drink can|Garbage bag|Pop tab,accept,0.543461,0.543461,0.456539,reject,True
images/accept_weak/taco_00086_Cigarette_f8b561a2.jpg,,accept_weak,accept,weak_accept_category,Cigarette,Rope & strings|Cigarette,accept,0.633503,0.633503,0.366497,reject,True
images/accept_weak/taco_00087_Other_plastic_wrapper_d115c481.jpg,,accept_weak,accept,weak_accept_category,Other plastic wrapper,Other plastic wrapper|Drink can,accept,0.617616,0.617616,0.382384,reject,True
images/accept_weak/taco_00088_Disposable_food_container_d321cd85.jpg,,accept_weak,accept,weak_accept_category,Disposable food container,Drink can|Disposable food container,reject,0.520110,0.479890,0.520110,reject,False
images/accept_weak/taco_00089_Disposable_food_container_84dd2e5e.jpg,,accept_weak,accept,weak_accept_category,Disposable food container,Meal carton|Clear plastic bottle|Plastic bottle cap|Drink can|Disposable food container|Normal paper|Unlabeled litter|Cigarette,accept,0.580965,0.580965,0.419035,reject,True
images/reject_weak/taco_00090_Paper_cup_baf705f6.jpg,,reject_weak,reject,weak_reject_category,Paper cup,Paper cup|Plastic lid|Unlabeled litter|Normal paper,reject,0.815509,0.184491,0.815509,reject,True
images/accept_weak/taco_00091_Crisp_packet_d7325183.jpg,,accept_weak,accept,weak_accept_category,Crisp packet,Crisp packet,accept,0.714918,0.714918,0.285082,reject,True
images/reject_weak/taco_00092_Food_waste_ad38ae83.jpg,,reject_weak,reject,weak_reject_category,Food waste,Food waste,accept,0.839916,0.839916,0.160084,accept,False
images/accept_weak/taco_00093_Plastic_film_bfca95b3.jpg,,accept_weak,accept,weak_accept_category,Plastic film,Plastic film|Cigarette,accept,0.748761,0.748761,0.251239,reject,True
images/reject_weak/taco_00094_Plastic_bottle_cap_9f441503.jpg,,reject_weak,reject,weak_reject_category,Plastic bottle cap,Plastic bottle cap|Metal bottle cap,accept,0.546444,0.546444,0.453556,reject,False
images/reject_weak/taco_00095_Metal_bottle_cap_832de290.jpg,,reject_weak,reject,weak_reject_category,Metal bottle cap,Metal bottle cap,accept,0.647536,0.647536,0.352464,reject,False
images/reject_weak/taco_00096_Drink_can_83ec39dc.jpg,,reject_weak,reject,weak_reject_category,Drink can,Drink can,accept,0.537554,0.537554,0.462446,reject,False
images/accept_weak/taco_00097_Styrofoam_piece_a67345e5.jpg,,accept_weak,accept,weak_accept_category,Styrofoam piece,Styrofoam piece|Aluminium foil,reject,0.734408,0.265592,0.734408,reject,False
images/accept_weak/taco_00098_Plastic_film_b0b773ca.jpg,,accept_weak,accept,weak_accept_category,Plastic film,Food Can|Plastic film|Garbage bag|Other carton|Disposable food container|Spread tub|Tissues,reject,0.684879,0.315121,0.684879,reject,False
images/accept_weak/taco_00099_Plastic_film_58ff63f7.jpg,,accept_weak,accept,weak_accept_category,Plastic film,Other carton|Drink carton|Drink can|Food Can|Toilet tube|Pop tab|Other plastic bottle|Plastic bottle cap|Plastic film|Aluminium foil,reject,0.759523,0.240477,0.759523,reject,False
images/reject_weak/taco_00100_Corrugated_carton_0c15c118.jpg,,reject_weak,reject,weak_reject_category,Corrugated carton,Corrugated carton|Food Can|Drink carton|Other carton|Egg carton,reject,0.973526,0.026474,0.973526,reject,True
images/reject_weak/taco_00101_Clear_plastic_bottle_ab5ac83a.jpg,,reject_weak,reject,weak_reject_category,Clear plastic bottle,Clear plastic bottle,accept,0.627424,0.627424,0.372576,reject,False
images/reject_weak/taco_00102_Other_plastic_bottle_57825ca5.jpg,,reject_weak,reject,weak_reject_category,Other plastic bottle,Other plastic bottle|Plastic bottle cap|Unlabeled litter|Squeezable tube|Clear plastic bottle,accept,0.560977,0.560977,0.439023,reject,False
images/accept_weak/taco_00103_Plastic_film_d7b411aa.jpg,,accept_weak,accept,weak_accept_category,Plastic film,Unlabeled litter|Other plastic|Clear plastic bottle|Plastic bottle cap|Plastic film,reject,0.526678,0.473322,0.526678,reject,False
images/accept_weak/taco_00104_Plastic_film_76a2f4d7.jpg,,accept_weak,accept,weak_accept_category,Plastic film,Plastic film|Clear plastic bottle|Other plastic wrapper|Disposable plastic cup|Unlabeled litter|Single-use carrier bag,accept,0.614922,0.614922,0.385078,reject,True
images/accept_weak/taco_00105_Single-use_carrier_bag_a2dcc089.jpg,,accept_weak,accept,weak_accept_category,Single-use carrier bag,Single-use carrier bag|Plastic film|Unlabeled litter,accept,0.575033,0.575033,0.424967,reject,True
images/accept_weak/taco_00106_Disposable_food_container_d418d7ec.jpg,,accept_weak,accept,weak_accept_category,Disposable food container,Other plastic container|Disposable food container|Plastic film|Clear plastic bottle|Other plastic wrapper|Other plastic|Unlabeled litter,reject,0.660032,0.339968,0.660032,reject,False
images/accept_weak/taco_00107_Single-use_carrier_bag_37cb96e9.jpg,,accept_weak,accept,weak_accept_category,Single-use carrier bag,Single-use carrier bag|Other plastic|Unlabeled litter,accept,0.724774,0.724774,0.275226,reject,True
images/reject_weak/taco_00108_Other_plastic_container_c973320a.jpg,,reject_weak,reject,weak_reject_category,Other plastic container,Other plastic container|Unlabeled litter,accept,0.647400,0.647400,0.352600,reject,False
images/accept_weak/taco_00109_Plastic_film_ef080cf9.jpg,,accept_weak,accept,weak_accept_category,Plastic film,Plastic film,accept,0.548249,0.548249,0.451751,reject,True
images/accept_weak/taco_00110_Single-use_carrier_bag_7c96d60b.jpg,,accept_weak,accept,weak_accept_category,Single-use carrier bag,Single-use carrier bag|Unlabeled litter,accept,0.540841,0.540841,0.459159,reject,True
images/reject_weak/taco_00111_Clear_plastic_bottle_f25693eb.jpg,,reject_weak,reject,weak_reject_category,Clear plastic bottle,Unlabeled litter|Clear plastic bottle,reject,0.758481,0.241519,0.758481,reject,True
images/accept_weak/taco_00112_Crisp_packet_1f0079a2.jpg,,accept_weak,accept,weak_accept_category,Crisp packet,Glass bottle|Crisp packet|Metal bottle cap|Glass cup|Tissues|Plastic film,accept,0.690866,0.690866,0.309134,reject,True
images/reject_weak/taco_00113_Clear_plastic_bottle_a8f21f35.jpg,,reject_weak,reject,weak_reject_category,Clear plastic bottle,Clear plastic bottle,accept,0.607727,0.607727,0.392273,reject,False
images/reject_weak/taco_00114_Glass_bottle_6f524061.jpg,,reject_weak,reject,weak_reject_category,Glass bottle,Glass bottle,reject,0.606982,0.393018,0.606982,reject,True
images/accept_weak/taco_00115_Tissues_3da7d936.jpg,,accept_weak,accept,weak_accept_category,Tissues,Glass bottle|Tissues,accept,0.578744,0.578744,0.421256,reject,True
images/reject_weak/taco_00116_Drink_can_b025ca09.jpg,,reject_weak,reject,weak_reject_category,Drink can,Drink can|Glass bottle|Clear plastic bottle|Unlabeled litter,accept,0.653921,0.653921,0.346079,reject,False
images/accept_weak/taco_00117_Plastic_film_682fa3de.jpg,,accept_weak,accept,weak_accept_category,Plastic film,Plastic film,accept,0.573537,0.573537,0.426463,reject,True
images/reject_weak/taco_00119_Aluminium_foil_1a6ff48e.jpg,,reject_weak,reject,weak_reject_category,Aluminium foil,Aluminium foil,accept,0.592607,0.592607,0.407393,reject,False
images/reject_weak/taco_00120_Normal_paper_c85a0acf.jpg,,reject_weak,reject,weak_reject_category,Normal paper,Normal paper,accept,0.527403,0.527403,0.472597,reject,False
images/accept_weak/taco_00121_Plastic_film_45983dbb.jpg,,accept_weak,accept,weak_accept_category,Plastic film,Plastic film|Cigarette,accept,0.599295,0.599295,0.400705,reject,True
images/accept_weak/taco_00122_Cigarette_2b36f456.jpg,,accept_weak,accept,weak_accept_category,Cigarette,Glass bottle|Cigarette,accept,0.608005,0.608005,0.391995,reject,True
images/accept_weak/taco_00123_Plastic_film_58f9ca97.jpg,,accept_weak,accept,weak_accept_category,Plastic film,Plastic film|Cigarette|Other plastic wrapper,reject,0.588094,0.411906,0.588094,reject,False
images/reject_weak/taco_00124_Clear_plastic_bottle_c60d33a6.jpg,,reject_weak,reject,weak_reject_category,Clear plastic bottle,Clear plastic bottle,reject,0.666823,0.333177,0.666823,reject,True
images/reject_weak/taco_00126_Drink_can_f2c08397.jpg,,reject_weak,reject,weak_reject_category,Drink can,Drink can,accept,0.506008,0.506008,0.493992,reject,False
images/reject_weak/taco_00127_Egg_carton_f8fb4e27.jpg,,reject_weak,reject,weak_reject_category,Egg carton,Egg carton|Polypropylene bag,reject,0.912761,0.087239,0.912761,reject,True
images/accept_weak/taco_00128_Cigarette_095e854a.jpg,,accept_weak,accept,weak_accept_category,Cigarette,Drink carton|Plastic straw|Cigarette|Other plastic,accept,0.821473,0.821473,0.178526,accept,True
images/reject_weak/taco_00129_Other_plastic_e4dfffcb.jpg,,reject_weak,reject,weak_reject_category,Other plastic,Other plastic,accept,0.569778,0.569778,0.430222,reject,False
images/reject_weak/taco_00130_Clear_plastic_bottle_bb90c754.jpg,,reject_weak,reject,weak_reject_category,Clear plastic bottle,Clear plastic bottle|Scrap metal,reject,0.680569,0.319431,0.680569,reject,True
images/reject_weak/taco_00131_Corrugated_carton_8a9e0077.jpg,,reject_weak,reject,weak_reject_category,Corrugated carton,Corrugated carton,accept,0.746703,0.746703,0.253297,reject,False
images/accept_weak/taco_00132_Cigarette_71b98f73.jpg,,accept_weak,accept,weak_accept_category,Cigarette,Corrugated carton|Cigarette,reject,0.572293,0.427707,0.572293,reject,False
images/accept_weak/taco_00133_Other_plastic_wrapper_ee43a88c.jpg,,accept_weak,accept,weak_accept_category,Other plastic wrapper,Other plastic wrapper,reject,0.930244,0.069756,0.930244,reject,False
images/reject_weak/taco_00134_Plastic_straw_919845e6.jpg,,reject_weak,reject,weak_reject_category,Plastic straw,Plastic straw|Unlabeled litter,reject,0.532286,0.467714,0.532286,reject,True
images/accept_weak/taco_00135_Cigarette_cf339392.jpg,,accept_weak,accept,weak_accept_category,Cigarette,Normal paper|Drink can|Cigarette|Unlabeled litter|Other plastic wrapper,accept,0.674407,0.674407,0.325594,reject,True
images/accept_weak/taco_00136_Tissues_9622027d.jpg,,accept_weak,accept,weak_accept_category,Tissues,Drink can|Pop tab|Tissues|Cigarette|Normal paper|Plastic film,accept,0.737105,0.737105,0.262895,reject,True
images/accept_weak/taco_00137_Cigarette_a9ea7463.jpg,,accept_weak,accept,weak_accept_category,Cigarette,Other carton|Cigarette|Unlabeled litter,accept,0.720524,0.720524,0.279476,reject,True
images/accept_weak/taco_00138_Cigarette_bcdcd744.jpg,,accept_weak,accept,weak_accept_category,Cigarette,Other carton|Cigarette,accept,0.683857,0.683857,0.316143,reject,True
images/reject_weak/taco_00139_Normal_paper_b4ead943.jpg,,reject_weak,reject,weak_reject_category,Normal paper,Normal paper|Magazine paper|Drink carton|Unlabeled litter,reject,0.834239,0.165761,0.834239,reject,True
images/reject_weak/taco_00140_Plastic_bottle_cap_11a437ab.jpg,,reject_weak,reject,weak_reject_category,Plastic bottle cap,Plastic bottle cap,accept,0.968054,0.968054,0.031946,accept,False
images/accept_weak/taco_00141_Plastic_film_003024d8.jpg,,accept_weak,accept,weak_accept_category,Plastic film,Unlabeled litter|Plastic film,accept,0.615317,0.615317,0.384683,reject,True
images/accept_weak/taco_00142_Cigarette_3de390a5.jpg,,accept_weak,accept,weak_accept_category,Cigarette,Cigarette|Plastic film,accept,0.559401,0.559401,0.440599,reject,True
images/accept_weak/taco_00143_Plastic_film_52cf78bd.jpg,,accept_weak,accept,weak_accept_category,Plastic film,Plastic film|Other plastic wrapper,accept,0.521409,0.521409,0.478591,reject,True
images/accept_weak/taco_00144_Cigarette_80358e2a.jpg,,accept_weak,accept,weak_accept_category,Cigarette,Cigarette|Plastic film,accept,0.573255,0.573255,0.426745,reject,True
images/reject_weak/taco_00145_Plastic_straw_b1a4df37.jpg,,reject_weak,reject,weak_reject_category,Plastic straw,Plastic straw,accept,0.577850,0.577850,0.422150,reject,False
images/reject_weak/taco_00146_Plastic_bottle_cap_5007fd73.jpg,,reject_weak,reject,weak_reject_category,Plastic bottle cap,Plastic bottle cap,accept,0.604980,0.604980,0.395020,reject,False
images/reject_weak/taco_00147_Other_carton_6ca2834b.jpg,,reject_weak,reject,weak_reject_category,Other carton,Other carton,accept,0.809156,0.809156,0.190844,accept,False
images/reject_weak/taco_00148_Clear_plastic_bottle_8d1c1332.jpg,,reject_weak,reject,weak_reject_category,Clear plastic bottle,Clear plastic bottle|Unlabeled litter,accept,0.608246,0.608246,0.391754,reject,False
images/accept_weak/taco_00149_Plastic_film_cbe9264d.jpg,,accept_weak,accept,weak_accept_category,Plastic film,Unlabeled litter|Broken glass|Plastic film,accept,0.596056,0.596056,0.403944,reject,True
images/accept_weak/taco_00150_Other_plastic_wrapper_8fb6391b.jpg,,accept_weak,accept,weak_accept_category,Other plastic wrapper,Other plastic wrapper|Unlabeled litter,accept,0.567216,0.567216,0.432784,reject,True
images/accept_weak/taco_00151_Plastic_film_b1b0386e.jpg,,accept_weak,accept,weak_accept_category,Plastic film,Plastic film|Unlabeled litter,accept,0.543200,0.543200,0.456800,reject,True
images/accept_weak/taco_00152_Styrofoam_piece_67d9c2be.jpg,,accept_weak,accept,weak_accept_category,Styrofoam piece,Styrofoam piece,accept,0.514089,0.514089,0.485911,reject,True
images/accept_weak/taco_00154_Plastic_film_50f4e661.jpg,,accept_weak,accept,weak_accept_category,Plastic film,Plastic film,accept,0.595765,0.595765,0.404235,reject,True
images/accept_weak/taco_00155_Plastic_film_1cc1ec79.jpg,,accept_weak,accept,weak_accept_category,Plastic film,Plastic film|Cigarette,accept,0.560436,0.560436,0.439564,reject,True
images/accept_weak/taco_00156_Plastic_film_d5baf3ea.jpg,,accept_weak,accept,weak_accept_category,Plastic film,Plastic film,accept,0.824002,0.824002,0.175998,accept,True
images/accept_weak/taco_00157_Plastic_film_d2c8c9d9.jpg,,accept_weak,accept,weak_accept_category,Plastic film,Plastic film,accept,0.740777,0.740777,0.259223,reject,True
images/accept_weak/taco_00158_Plastic_film_01d4bf80.jpg,,accept_weak,accept,weak_accept_category,Plastic film,Plastic film|Other plastic,reject,0.503576,0.496424,0.503576,reject,False
images/accept_weak/taco_00159_Plastic_film_ac549bf4.jpg,,accept_weak,accept,weak_accept_category,Plastic film,Plastic film,accept,0.690252,0.690252,0.309748,reject,True
images/accept_weak/taco_00160_Plastic_film_fce89847.jpg,,accept_weak,accept,weak_accept_category,Plastic film,Plastic film|Other plastic,accept,0.630217,0.630217,0.369783,reject,True
images/accept_weak/taco_00161_Plastic_film_26051e6e.jpg,,accept_weak,accept,weak_accept_category,Plastic film,Plastic film,accept,0.797990,0.797990,0.202010,accept,True
images/reject_weak/taco_00162_Aluminium_foil_8f0c7455.jpg,,reject_weak,reject,weak_reject_category,Aluminium foil,Aluminium foil,accept,0.608405,0.608405,0.391595,reject,False
images/accept_weak/taco_00163_Plastic_film_edd3ae87.jpg,,accept_weak,accept,weak_accept_category,Plastic film,Plastic film|Unlabeled litter,accept,0.778387,0.778387,0.221613,accept,True
images/accept_weak/taco_00164_Plastic_film_ee27aabb.jpg,,accept_weak,accept,weak_accept_category,Plastic film,Plastic film,accept,0.639955,0.639955,0.360045,reject,True
images/accept_weak/taco_00165_Cigarette_1135793a.jpg,,accept_weak,accept,weak_accept_category,Cigarette,Cigarette,accept,0.771547,0.771547,0.228453,accept,True
images/accept_weak/taco_00166_Plastic_film_ecd1e166.jpg,,accept_weak,accept,weak_accept_category,Plastic film,Plastic film,accept,0.794084,0.794084,0.205915,accept,True
images/accept_weak/taco_00167_Plastic_film_96871e12.jpg,,accept_weak,accept,weak_accept_category,Plastic film,Plastic film,accept,0.713950,0.713950,0.286050,reject,True
images/accept_weak/taco_00168_Plastic_film_1009d9a0.jpg,,accept_weak,accept,weak_accept_category,Plastic film,Plastic film,accept,0.709053,0.709053,0.290947,reject,True
images/accept_weak/taco_00169_Plastic_film_9b77c2f5.jpg,,accept_weak,accept,weak_accept_category,Plastic film,Plastic film,reject,0.827099,0.172901,0.827099,reject,False
images/reject_weak/taco_00172_Other_plastic_b86a4440.jpg,,reject_weak,reject,weak_reject_category,Other plastic,Other plastic|Unlabeled litter,accept,0.738984,0.738984,0.261016,reject,False
images/reject_weak/taco_00173_Other_plastic_e7897872.jpg,,reject_weak,reject,weak_reject_category,Other plastic,Other plastic|Rope & strings,accept,0.528055,0.528055,0.471945,reject,False
images/accept_weak/taco_00174_Plastic_film_5a83799f.jpg,,accept_weak,accept,weak_accept_category,Plastic film,Plastic film,accept,0.578236,0.578236,0.421764,reject,True
images/reject_weak/taco_00175_Other_plastic_291a884a.jpg,,reject_weak,reject,weak_reject_category,Other plastic,Other plastic,accept,0.697563,0.697563,0.302437,reject,False
images/accept_weak/taco_00176_Cigarette_542bc027.jpg,,accept_weak,accept,weak_accept_category,Cigarette,Clear plastic bottle|Cigarette,accept,0.557271,0.557271,0.442728,reject,True
images/accept_weak/taco_00177_Plastic_film_9f54e25e.jpg,,accept_weak,accept,weak_accept_category,Plastic film,Plastic film|Cigarette|Unlabeled litter,reject,0.553943,0.446057,0.553943,reject,False
images/accept_weak/taco_00178_Cigarette_e5df4844.jpg,,accept_weak,accept,weak_accept_category,Cigarette,Cigarette|Plastic film,accept,0.953539,0.953539,0.046461,accept,True
images/reject_weak/taco_00179_Other_plastic_6780e6ff.jpg,,reject_weak,reject,weak_reject_category,Other plastic,Other plastic,accept,0.701963,0.701963,0.298037,reject,False
images/reject_weak/taco_00181_Plastic_straw_3084473c.jpg,,reject_weak,reject,weak_reject_category,Plastic straw,Plastic straw,accept,0.567103,0.567103,0.432897,reject,False
images/accept_weak/taco_00182_Cigarette_e6e45a5c.jpg,,accept_weak,accept,weak_accept_category,Cigarette,Clear plastic bottle|Unlabeled litter|Cigarette,accept,0.507157,0.507157,0.492843,reject,True
images/reject_weak/taco_00183_Other_plastic_77009493.jpg,,reject_weak,reject,weak_reject_category,Other plastic,Other plastic,reject,0.643381,0.356619,0.643381,reject,True
images/accept_weak/taco_00184_Cigarette_91899103.jpg,,accept_weak,accept,weak_accept_category,Cigarette,Meal carton|Cigarette,accept,0.535135,0.535135,0.464865,reject,True
images/accept_weak/taco_00185_Garbage_bag_72c809e0.jpg,,accept_weak,accept,weak_accept_category,Garbage bag,Garbage bag|Other plastic|Unlabeled litter,accept,0.616989,0.616989,0.383011,reject,True
images/accept_weak/taco_00186_Plastic_film_55fdb5c1.jpg,,accept_weak,accept,weak_accept_category,Plastic film,Metal lid|Plastic film|Other plastic wrapper|Unlabeled litter|Broken glass|Metal bottle cap|Corrugated carton,accept,0.671896,0.671896,0.328105,reject,True
images/accept_weak/taco_00187_Other_plastic_wrapper_55f9b384.jpg,,accept_weak,accept,weak_accept_category,Other plastic wrapper,Plastic lid|Other plastic wrapper|Glass bottle|Cigarette|Unlabeled litter,reject,0.720926,0.279074,0.720926,reject,False
images/accept_weak/taco_00188_Cigarette_ec6926c9.jpg,,accept_weak,accept,weak_accept_category,Cigarette,Clear plastic bottle|Cigarette,accept,0.529372,0.529372,0.470628,reject,True
images/accept_weak/taco_00189_Tissues_b499ab3d.jpg,,accept_weak,accept,weak_accept_category,Tissues,Tissues|Other carton,accept,0.554428,0.554428,0.445572,reject,True
images/reject_weak/taco_00190_Disposable_plastic_cup_2d28b548.jpg,,reject_weak,reject,weak_reject_category,Disposable plastic cup,Disposable plastic cup|Unlabeled litter|Rope & strings,accept,0.558100,0.558100,0.441900,reject,False
images/accept_weak/taco_00191_Plastic_film_e1adfc48.jpg,,accept_weak,accept,weak_accept_category,Plastic film,Plastic film|Unlabeled litter,reject,0.543428,0.456572,0.543428,reject,False
images/accept_weak/taco_00192_Tissues_98bda311.jpg,,accept_weak,accept,weak_accept_category,Tissues,Glass bottle|Tissues|Unlabeled litter|Plastic film,reject,0.564034,0.435966,0.564034,reject,False
images/accept_weak/taco_00193_Plastic_film_3052923e.jpg,,accept_weak,accept,weak_accept_category,Plastic film,Plastic film|Unlabeled litter,reject,0.550951,0.449049,0.550951,reject,False
images/accept_weak/taco_00194_Other_plastic_wrapper_3c2e6921.jpg,,accept_weak,accept,weak_accept_category,Other plastic wrapper,Glass bottle|Other plastic wrapper|Unlabeled litter|Cigarette|Plastic film,accept,0.626297,0.626297,0.373703,reject,True
images/reject_weak/taco_00195_Disposable_plastic_cup_57fbcac7.jpg,,reject_weak,reject,weak_reject_category,Disposable plastic cup,Disposable plastic cup|Metal bottle cap|Aluminium blister pack|Unlabeled litter,accept,0.531516,0.531516,0.468484,reject,False
images/accept_weak/taco_00196_Cigarette_4fb8e190.jpg,,accept_weak,accept,weak_accept_category,Cigarette,Cigarette|Aluminium foil,accept,0.739585,0.739585,0.260415,reject,True
images/accept_weak/taco_00197_Cigarette_1c87d62c.jpg,,accept_weak,accept,weak_accept_category,Cigarette,Disposable plastic cup|Cigarette|Broken glass|Unlabeled litter,accept,0.687575,0.687575,0.312425,reject,True
images/reject_weak/taco_00198_Clear_plastic_bottle_d5ca3408.jpg,,reject_weak,reject,weak_reject_category,Clear plastic bottle,Clear plastic bottle|Plastic bottle cap,accept,0.558453,0.558453,0.441547,reject,False
images/accept_weak/taco_00199_Styrofoam_piece_a22ccebc.jpg,,accept_weak,accept,weak_accept_category,Styrofoam piece,Styrofoam piece|Corrugated carton,reject,0.942485,0.057515,0.942485,reject,False
images/accept_weak/taco_00200_Other_plastic_wrapper_7a2388e7.jpg,,accept_weak,accept,weak_accept_category,Other plastic wrapper,Other plastic wrapper,accept,0.581836,0.581836,0.418164,reject,True
images/accept_weak/taco_00201_Styrofoam_piece_d311e175.jpg,,accept_weak,accept,weak_accept_category,Styrofoam piece,Styrofoam piece|Corrugated carton,reject,0.574001,0.425999,0.574001,reject,False
images/accept_weak/taco_00202_Styrofoam_piece_40ada3f4.jpg,,accept_weak,accept,weak_accept_category,Styrofoam piece,Styrofoam piece|Corrugated carton,accept,0.598586,0.598586,0.401414,reject,True
images/accept_weak/taco_00203_Styrofoam_piece_6fc117e8.jpg,,accept_weak,accept,weak_accept_category,Styrofoam piece,Styrofoam piece,accept,0.519506,0.519506,0.480494,reject,True
images/accept_weak/taco_00204_Styrofoam_piece_c7eaa84b.jpg,,accept_weak,accept,weak_accept_category,Styrofoam piece,Corrugated carton|Styrofoam piece,reject,0.923219,0.076781,0.923219,reject,False
images/accept_weak/taco_00205_Styrofoam_piece_dba6bcb9.jpg,,accept_weak,accept,weak_accept_category,Styrofoam piece,Styrofoam piece|Corrugated carton,reject,0.747869,0.252131,0.747869,reject,False
images/accept_weak/taco_00206_Styrofoam_piece_4aac14fe.jpg,,accept_weak,accept,weak_accept_category,Styrofoam piece,Corrugated carton|Styrofoam piece,reject,0.901552,0.098448,0.901552,reject,False
images/reject_weak/taco_00207_Corrugated_carton_06ff35b2.jpg,,reject_weak,reject,weak_reject_category,Corrugated carton,Corrugated carton,reject,0.842941,0.157059,0.842941,reject,True
images/accept_weak/taco_00208_Styrofoam_piece_b696c936.jpg,,accept_weak,accept,weak_accept_category,Styrofoam piece,Styrofoam piece,reject,0.544309,0.455691,0.544309,reject,False
images/accept_weak/taco_00209_Styrofoam_piece_26d91ce4.jpg,,accept_weak,accept,weak_accept_category,Styrofoam piece,Styrofoam piece|Corrugated carton,reject,0.689630,0.310370,0.689630,reject,False
images/accept_weak/taco_00210_Garbage_bag_9146ef69.jpg,,accept_weak,accept,weak_accept_category,Garbage bag,Garbage bag|Corrugated carton,reject,0.677129,0.322871,0.677129,reject,False
images/reject_weak/taco_00211_Corrugated_carton_c956eb44.jpg,,reject_weak,reject,weak_reject_category,Corrugated carton,Corrugated carton,reject,0.931332,0.068668,0.931332,reject,True
images/reject_weak/taco_00212_Pizza_box_29bbfbe4.jpg,,reject_weak,reject,weak_reject_category,Pizza box,Pizza box|Corrugated carton,reject,0.566231,0.433769,0.566231,reject,True
images/reject_weak/taco_00213_Corrugated_carton_9f656148.jpg,,reject_weak,reject,weak_reject_category,Corrugated carton,Corrugated carton,reject,0.854707,0.145293,0.854707,reject,True
images/reject_weak/taco_00214_Corrugated_carton_ae59f747.jpg,,reject_weak,reject,weak_reject_category,Corrugated carton,Corrugated carton,accept,0.534015,0.534015,0.465985,reject,False
images/accept_weak/taco_00215_Styrofoam_piece_fb72b6bf.jpg,,accept_weak,accept,weak_accept_category,Styrofoam piece,Corrugated carton|Styrofoam piece,reject,0.706912,0.293088,0.706912,reject,False
images/accept_weak/taco_00216_Styrofoam_piece_48e1f0f8.jpg,,accept_weak,accept,weak_accept_category,Styrofoam piece,Styrofoam piece|Cigarette,reject,0.719037,0.280963,0.719037,reject,False
images/accept_weak/taco_00217_Styrofoam_piece_f46688d4.jpg,,accept_weak,accept,weak_accept_category,Styrofoam piece,Corrugated carton|Styrofoam piece,accept,0.530880,0.530880,0.469120,reject,True
images/accept_weak/taco_00218_Styrofoam_piece_734fcacb.jpg,,accept_weak,accept,weak_accept_category,Styrofoam piece,Styrofoam piece,reject,0.746992,0.253008,0.746992,reject,False
images/accept_weak/taco_00219_Plastic_film_dd572b42.jpg,,accept_weak,accept,weak_accept_category,Plastic film,Plastic film|Scrap metal,accept,0.775490,0.775490,0.224510,accept,True
images/accept_weak/taco_00220_Styrofoam_piece_f2bdf3cf.jpg,,accept_weak,accept,weak_accept_category,Styrofoam piece,Other plastic bottle|Plastic bottle cap|Styrofoam piece,reject,0.564306,0.435694,0.564306,reject,False
images/reject_weak/taco_00222_Other_plastic_bottle_28a948e1.jpg,,reject_weak,reject,weak_reject_category,Other plastic bottle,Other plastic bottle,reject,0.815554,0.184446,0.815554,reject,True
images/reject_weak/taco_00223_Spread_tub_6478a0ad.jpg,,reject_weak,reject,weak_reject_category,Spread tub,Spread tub,reject,0.966598,0.033403,0.966598,reject,True
images/reject_weak/taco_00224_Plastic_bottle_cap_9c35007b.jpg,,reject_weak,reject,weak_reject_category,Plastic bottle cap,Plastic bottle cap,reject,0.848451,0.151549,0.848451,reject,True
images/reject_weak/taco_00225_Plastic_bottle_cap_faafcc81.jpg,,reject_weak,reject,weak_reject_category,Plastic bottle cap,Plastic bottle cap,reject,0.712735,0.287265,0.712735,reject,True
images/reject_weak/taco_00227_Clear_plastic_bottle_ed98ae58.jpg,,reject_weak,reject,weak_reject_category,Clear plastic bottle,Clear plastic bottle|Plastic bottle cap|Plastic straw,reject,0.817313,0.182687,0.817313,reject,True
images/accept_weak/taco_00229_Styrofoam_piece_1268b8e6.jpg,,accept_weak,accept,weak_accept_category,Styrofoam piece,Styrofoam piece|Other plastic|Single-use carrier bag|Other plastic bottle,accept,0.513089,0.513089,0.486911,reject,True
images/reject_weak/taco_00230_Other_plastic_1d991550.jpg,,reject_weak,reject,weak_reject_category,Other plastic,Other plastic,accept,0.526784,0.526784,0.473216,reject,False
images/accept_weak/taco_00231_Plastic_film_391d3fb6.jpg,,accept_weak,accept,weak_accept_category,Plastic film,Plastic film,accept,0.687286,0.687286,0.312714,reject,True
images/reject_weak/taco_00232_Other_carton_52949235.jpg,,reject_weak,reject,weak_reject_category,Other carton,Other carton,accept,0.855903,0.855903,0.144097,accept,False
images/accept_weak/taco_00233_Plastic_film_2995d5ab.jpg,,accept_weak,accept,weak_accept_category,Plastic film,Plastic film,accept,0.502548,0.502548,0.497452,reject,True
images/accept_weak/taco_00234_Tissues_4893dfde.jpg,,accept_weak,accept,weak_accept_category,Tissues,Tissues,accept,0.810032,0.810032,0.189968,accept,True
images/reject_weak/taco_00235_Other_plastic_bottle_ca973a82.jpg,,reject_weak,reject,weak_reject_category,Other plastic bottle,Other plastic bottle,reject,0.550001,0.449999,0.550001,reject,True
images/accept_weak/taco_00236_Styrofoam_piece_9dbce359.jpg,,accept_weak,accept,weak_accept_category,Styrofoam piece,Styrofoam piece,reject,0.822710,0.177290,0.822710,reject,False
images/reject_weak/taco_00237_Other_plastic_bottle_98f8dabf.jpg,,reject_weak,reject,weak_reject_category,Other plastic bottle,Other plastic bottle,reject,0.604187,0.395813,0.604187,reject,True
images/reject_weak/taco_00238_Magazine_paper_eda80113.jpg,,reject_weak,reject,weak_reject_category,Magazine paper,Magazine paper,accept,0.612475,0.612475,0.387525,reject,False
images/reject_weak/taco_00239_Paper_cup_9446bbb2.jpg,,reject_weak,reject,weak_reject_category,Paper cup,Paper cup,reject,0.664003,0.335997,0.664003,reject,True
images/reject_weak/taco_00240_Meal_carton_1ab430a1.jpg,,reject_weak,reject,weak_reject_category,Meal carton,Meal carton|Unlabeled litter,accept,0.611086,0.611086,0.388914,reject,False
images/accept_weak/taco_00241_Other_plastic_wrapper_fd0d5579.jpg,,accept_weak,accept,weak_accept_category,Other plastic wrapper,Meal carton|Other plastic wrapper|Normal paper,accept,0.607406,0.607406,0.392594,reject,True
images/reject_weak/taco_00242_Drink_can_de24c7a1.jpg,,reject_weak,reject,weak_reject_category,Drink can,Drink can,accept,0.575822,0.575822,0.424178,reject,False
images/reject_weak/taco_00243_Paper_cup_bff6619c.jpg,,reject_weak,reject,weak_reject_category,Paper cup,Paper cup,reject,0.510725,0.489275,0.510725,reject,True
images/accept_weak/taco_00244_Other_plastic_wrapper_c3bbb670.jpg,,accept_weak,accept,weak_accept_category,Other plastic wrapper,Other plastic wrapper,accept,0.550634,0.550634,0.449366,reject,True
images/accept_weak/taco_00245_Garbage_bag_dd92fea9.jpg,,accept_weak,accept,weak_accept_category,Garbage bag,Garbage bag|Plastic film,reject,0.595563,0.404437,0.595563,reject,False
images/accept_weak/taco_00246_Other_plastic_wrapper_fe34cbb3.jpg,,accept_weak,accept,weak_accept_category,Other plastic wrapper,Other plastic wrapper,reject,0.563388,0.436612,0.563388,reject,False
images/accept_weak/taco_00247_Other_plastic_wrapper_97b00f77.jpg,,accept_weak,accept,weak_accept_category,Other plastic wrapper,Paper cup|Other plastic wrapper,reject,0.532055,0.467945,0.532055,reject,False
images/accept_weak/taco_00248_Other_plastic_wrapper_ccabb029.jpg,,accept_weak,accept,weak_accept_category,Other plastic wrapper,Other plastic wrapper,accept,0.525486,0.525486,0.474514,reject,True
images/reject_weak/taco_00249_Drink_can_663f2177.jpg,,reject_weak,reject,weak_reject_category,Drink can,Drink can|Pop tab,reject,0.542815,0.457185,0.542815,reject,True
images/accept_weak/taco_00251_Plastic_film_563d7741.jpg,,accept_weak,accept,weak_accept_category,Plastic film,Plastic film,accept,0.556016,0.556016,0.443984,reject,True
images/accept_weak/taco_00252_Other_plastic_wrapper_032e5b1c.jpg,,accept_weak,accept,weak_accept_category,Other plastic wrapper,Other plastic wrapper,accept,0.604093,0.604093,0.395907,reject,True
images/reject_weak/taco_00253_Plastic_lid_bb3ad123.jpg,,reject_weak,reject,weak_reject_category,Plastic lid,Plastic lid|Paper cup,accept,0.634821,0.634821,0.365179,reject,False
images/accept_weak/taco_00254_Plastic_film_785c4562.jpg,,accept_weak,accept,weak_accept_category,Plastic film,Other carton|Plastic film,reject,0.618021,0.381979,0.618021,reject,False
images/reject_weak/taco_00255_Corrugated_carton_eb511a78.jpg,,reject_weak,reject,weak_reject_category,Corrugated carton,Corrugated carton|Rope & strings,accept,0.546798,0.546798,0.453202,reject,False
images/accept_weak/taco_00256_Styrofoam_piece_f8ed64e7.jpg,,accept_weak,accept,weak_accept_category,Styrofoam piece,Styrofoam piece,accept,0.559108,0.559108,0.440892,reject,True
images/reject_weak/taco_00258_Plastic_bottle_cap_b5848a8b.jpg,,reject_weak,reject,weak_reject_category,Plastic bottle cap,Plastic bottle cap,reject,0.694814,0.305186,0.694814,reject,True
images/accept_weak/taco_00260_Plastic_film_0c0ba320.jpg,,accept_weak,accept,weak_accept_category,Plastic film,Aluminium foil|Unlabeled litter|Plastic film,accept,0.565356,0.565356,0.434644,reject,True
images/reject_weak/taco_00261_Other_plastic_2a5625a5.jpg,,reject_weak,reject,weak_reject_category,Other plastic,Polypropylene bag|Other plastic,reject,0.569081,0.430919,0.569081,reject,True
images/accept_weak/taco_00262_Plastic_film_c9d09fb0.jpg,,accept_weak,accept,weak_accept_category,Plastic film,Plastic film|Unlabeled litter,accept,0.591620,0.591620,0.408380,reject,True
images/accept_weak/taco_00263_Styrofoam_piece_929496d1.jpg,,accept_weak,accept,weak_accept_category,Styrofoam piece,Styrofoam piece,reject,0.591178,0.408822,0.591178,reject,False
images/accept_weak/taco_00264_Single-use_carrier_bag_f6537a3b.jpg,,accept_weak,accept,weak_accept_category,Single-use carrier bag,Single-use carrier bag|Plastic film|Unlabeled litter,accept,0.625782,0.625782,0.374217,reject,True
images/accept_weak/taco_00265_Plastic_film_59c81bc1.jpg,,accept_weak,accept,weak_accept_category,Plastic film,Plastic film,accept,0.579587,0.579587,0.420413,reject,True
images/accept_weak/taco_00266_Single-use_carrier_bag_3336fbae.jpg,,accept_weak,accept,weak_accept_category,Single-use carrier bag,Single-use carrier bag,reject,0.560785,0.439215,0.560785,reject,False
images/accept_weak/taco_00267_Plastic_film_c9a9510f.jpg,,accept_weak,accept,weak_accept_category,Plastic film,Plastic film,accept,0.546428,0.546428,0.453572,reject,True
images/reject_weak/taco_00268_Drink_carton_ac3baf1a.jpg,,reject_weak,reject,weak_reject_category,Drink carton,Drink carton|Plastic straw,accept,0.554811,0.554811,0.445189,reject,False
images/accept_weak/taco_00269_Styrofoam_piece_be37b3d6.jpg,,accept_weak,accept,weak_accept_category,Styrofoam piece,Styrofoam piece,accept,0.577082,0.577082,0.422918,reject,True
images/accept_weak/taco_00270_Plastic_film_807b33b3.jpg,,accept_weak,accept,weak_accept_category,Plastic film,Plastic film|Styrofoam piece,accept,0.536523,0.536523,0.463477,reject,True
images/reject_weak/taco_00271_Clear_plastic_bottle_efee19f9.jpg,,reject_weak,reject,weak_reject_category,Clear plastic bottle,Clear plastic bottle|Plastic bottle cap,accept,0.605286,0.605286,0.394714,reject,False
images/accept_weak/taco_00272_Plastic_film_ea2b1c24.jpg,,accept_weak,accept,weak_accept_category,Plastic film,Plastic film|Styrofoam piece,accept,0.738361,0.738361,0.261639,reject,True
images/accept_weak/taco_00273_Other_plastic_wrapper_18cc0d34.jpg,,accept_weak,accept,weak_accept_category,Other plastic wrapper,Other plastic wrapper,accept,0.577476,0.577476,0.422524,reject,True
images/accept_weak/taco_00274_Plastic_film_885b3a45.jpg,,accept_weak,accept,weak_accept_category,Plastic film,Plastic film|Unlabeled litter,accept,0.532526,0.532526,0.467474,reject,True
images/accept_weak/taco_00275_Styrofoam_piece_83c88073.jpg,,accept_weak,accept,weak_accept_category,Styrofoam piece,Styrofoam piece|Plastic film|Other plastic,accept,0.560096,0.560096,0.439904,reject,True
images/accept_weak/taco_00276_Styrofoam_piece_a4823858.jpg,,accept_weak,accept,weak_accept_category,Styrofoam piece,Styrofoam piece|Clear plastic bottle|Plastic bottle cap|Plastic film,accept,0.545960,0.545960,0.454040,reject,True
images/accept_weak/taco_00277_Styrofoam_piece_029cf87f.jpg,,accept_weak,accept,weak_accept_category,Styrofoam piece,Styrofoam piece|Plastic film,accept,0.562181,0.562181,0.437819,reject,True
images/accept_weak/taco_00278_Styrofoam_piece_2262a2b2.jpg,,accept_weak,accept,weak_accept_category,Styrofoam piece,Styrofoam piece|Unlabeled litter,accept,0.697963,0.697963,0.302037,reject,True
images/accept_weak/taco_00279_Styrofoam_piece_b9de3277.jpg,,accept_weak,accept,weak_accept_category,Styrofoam piece,Styrofoam piece,reject,0.624980,0.375020,0.624980,reject,False
images/accept_weak/taco_00280_Plastic_film_f9f7f237.jpg,,accept_weak,accept,weak_accept_category,Plastic film,Plastic film|Other plastic|Styrofoam piece,accept,0.555167,0.555167,0.444833,reject,True
images/accept_weak/taco_00281_Plastic_film_f9f991f0.jpg,,accept_weak,accept,weak_accept_category,Plastic film,Plastic film|Garbage bag,accept,0.524953,0.524953,0.475047,reject,True
images/accept_weak/taco_00282_Styrofoam_piece_6f6b125e.jpg,,accept_weak,accept,weak_accept_category,Styrofoam piece,Styrofoam piece,accept,0.602450,0.602450,0.397550,reject,True
images/accept_weak/taco_00283_Other_plastic_wrapper_1fa20183.jpg,,accept_weak,accept,weak_accept_category,Other plastic wrapper,Other plastic wrapper|Plastic film,accept,0.579624,0.579624,0.420376,reject,True
images/accept_weak/taco_00284_Plastic_film_2e1458fb.jpg,,accept_weak,accept,weak_accept_category,Plastic film,Plastic film,reject,0.593058,0.406942,0.593058,reject,False
images/accept_weak/taco_00285_Plastic_film_5326badd.jpg,,accept_weak,accept,weak_accept_category,Plastic film,Plastic film,accept,0.556459,0.556459,0.443541,reject,True
images/reject_weak/taco_00286_Plastic_bottle_cap_38b5fee9.jpg,,reject_weak,reject,weak_reject_category,Plastic bottle cap,Plastic bottle cap,accept,0.562600,0.562600,0.437400,reject,False
images/accept_weak/taco_00287_Other_plastic_wrapper_cf9700d3.jpg,,accept_weak,accept,weak_accept_category,Other plastic wrapper,Other plastic wrapper,accept,0.704301,0.704301,0.295699,reject,True
images/accept_weak/taco_00288_Plastic_film_5878fcf1.jpg,,accept_weak,accept,weak_accept_category,Plastic film,Plastic film,accept,0.505341,0.505341,0.494659,reject,True
images/reject_weak/taco_00289_Paper_cup_3aba1880.jpg,,reject_weak,reject,weak_reject_category,Paper cup,Paper cup|Unlabeled litter,reject,0.636570,0.363430,0.636570,reject,True
images/reject_weak/taco_00290_Other_carton_3d927d10.jpg,,reject_weak,reject,weak_reject_category,Other carton,Other carton,reject,0.728178,0.271822,0.728178,reject,True
images/accept_weak/taco_00291_Cigarette_75cca0e1.jpg,,accept_weak,accept,weak_accept_category,Cigarette,Clear plastic bottle|Cigarette,accept,0.790640,0.790640,0.209360,accept,True
images/accept_weak/taco_00292_Cigarette_36b869ce.jpg,,accept_weak,accept,weak_accept_category,Cigarette,Cigarette,accept,0.775429,0.775429,0.224571,accept,True
images/accept_weak/taco_00293_Other_plastic_wrapper_91c10944.jpg,,accept_weak,accept,weak_accept_category,Other plastic wrapper,Other plastic wrapper,accept,0.620658,0.620658,0.379342,reject,True
images/reject_weak/taco_00294_Plastic_bottle_cap_50cf39ef.jpg,,reject_weak,reject,weak_reject_category,Plastic bottle cap,Plastic bottle cap,accept,0.701658,0.701658,0.298342,reject,False
images/reject_weak/taco_00295_Clear_plastic_bottle_0e53660c.jpg,,reject_weak,reject,weak_reject_category,Clear plastic bottle,Clear plastic bottle|Wrapping paper,reject,0.513373,0.486627,0.513373,reject,True
images/accept_weak/taco_00296_Plastic_film_79e7a99b.jpg,,accept_weak,accept,weak_accept_category,Plastic film,Clear plastic bottle|Plastic bottle cap|Other plastic|Plastic film|Unlabeled litter,accept,0.557222,0.557222,0.442778,reject,True
images/accept_weak/taco_00297_Cigarette_be2c4f51.jpg,,accept_weak,accept,weak_accept_category,Cigarette,Drink carton|Plastic straw|Cigarette,accept,0.575575,0.575575,0.424425,reject,True
images/accept_weak/taco_00298_Cigarette_bb3597ce.jpg,,accept_weak,accept,weak_accept_category,Cigarette,Drink carton|Unlabeled litter|Plastic straw|Other plastic container|Cigarette,accept,0.525960,0.525960,0.474040,reject,True
images/accept_weak/taco_00299_Cigarette_7e18002e.jpg,,accept_weak,accept,weak_accept_category,Cigarette,Glass bottle|Cigarette,reject,0.991787,0.008213,0.991787,reject,False
images/reject_weak/taco_00300_Clear_plastic_bottle_8071481e.jpg,,reject_weak,reject,weak_reject_category,Clear plastic bottle,Clear plastic bottle|Plastic bottle cap,reject,0.864271,0.135729,0.864271,reject,True
images/accept_weak/taco_00301_Other_plastic_wrapper_9dce4831.jpg,,accept_weak,accept,weak_accept_category,Other plastic wrapper,Clear plastic bottle|Plastic bottle cap|Other plastic wrapper|Cigarette|Unlabeled litter|Other plastic,accept,0.718222,0.718222,0.281778,reject,True
images/reject_weak/taco_00302_Paper_cup_29d1e81c.jpg,,reject_weak,reject,weak_reject_category,Paper cup,Paper cup|Unlabeled litter,reject,0.573607,0.426393,0.573607,reject,True
images/reject_weak/taco_00303_Plastic_bottle_cap_7b8dc20a.jpg,,reject_weak,reject,weak_reject_category,Plastic bottle cap,Plastic bottle cap,reject,0.509759,0.490241,0.509759,reject,True
images/accept_weak/taco_00304_Cigarette_a3855f27.jpg,,accept_weak,accept,weak_accept_category,Cigarette,Cigarette,reject,0.596820,0.403180,0.596820,reject,False
images/accept_weak/taco_00305_Plastic_film_909a59b0.jpg,,accept_weak,accept,weak_accept_category,Plastic film,Other carton|Plastic film,reject,0.711165,0.288835,0.711165,reject,False
images/accept_weak/taco_00306_Plastic_film_3e86d0ef.jpg,,accept_weak,accept,weak_accept_category,Plastic film,Plastic film,accept,0.649954,0.649954,0.350046,reject,True
images/reject_weak/taco_00307_Plastic_bottle_cap_1f65eced.jpg,,reject_weak,reject,weak_reject_category,Plastic bottle cap,Plastic bottle cap,accept,0.558212,0.558212,0.441788,reject,False
images/accept_weak/taco_00308_Crisp_packet_efac9502.jpg,,accept_weak,accept,weak_accept_category,Crisp packet,Crisp packet|Other plastic wrapper,accept,0.578519,0.578519,0.421481,reject,True
images/reject_weak/taco_00309_Drink_can_7d0bd8d0.jpg,,reject_weak,reject,weak_reject_category,Drink can,Drink can,accept,0.521174,0.521174,0.478826,reject,False
images/accept_weak/taco_00310_Other_plastic_wrapper_65f4355d.jpg,,accept_weak,accept,weak_accept_category,Other plastic wrapper,Other plastic wrapper|Tissues|Plastic straw,reject,0.542458,0.457542,0.542458,reject,False
images/accept_weak/taco_00311_Plastic_film_718a1b63.jpg,,accept_weak,accept,weak_accept_category,Plastic film,Plastic film|Other plastic wrapper,accept,0.518817,0.518817,0.481183,reject,True
images/reject_weak/taco_00312_Wrapping_paper_d3b1fc8f.jpg,,reject_weak,reject,weak_reject_category,Wrapping paper,Wrapping paper,accept,0.569028,0.569028,0.430972,reject,False
images/reject_weak/taco_00313_Clear_plastic_bottle_a1f38df8.jpg,,reject_weak,reject,weak_reject_category,Clear plastic bottle,Clear plastic bottle,accept,0.676474,0.676474,0.323526,reject,False
images/reject_weak/taco_00314_Clear_plastic_bottle_f15cfb99.jpg,,reject_weak,reject,weak_reject_category,Clear plastic bottle,Clear plastic bottle|Plastic bottle cap,accept,0.524907,0.524907,0.475093,reject,False
images/reject_weak/taco_00315_Plastic_bottle_cap_cc1eda30.jpg,,reject_weak,reject,weak_reject_category,Plastic bottle cap,Plastic bottle cap,reject,0.957705,0.042295,0.957705,reject,True
images/accept_weak/taco_00316_Cigarette_8569fb71.jpg,,accept_weak,accept,weak_accept_category,Cigarette,Cigarette|Plastic bottle cap|Scrap metal,accept,0.793030,0.793030,0.206970,accept,True
images/accept_weak/taco_00317_Disposable_food_container_1bd7d4ba.jpg,,accept_weak,accept,weak_accept_category,Disposable food container,Disposable food container,accept,0.583901,0.583901,0.416099,reject,True
images/accept_weak/taco_00318_Crisp_packet_718e7e10.jpg,,accept_weak,accept,weak_accept_category,Crisp packet,Paper cup|Crisp packet|Disposable plastic cup,accept,0.619370,0.619370,0.380630,reject,True
images/reject_weak/taco_00319_Drink_can_0fe41f45.jpg,,reject_weak,reject,weak_reject_category,Drink can,Drink can,accept,0.759010,0.759010,0.240990,reject,False
images/accept_weak/taco_00320_Plastic_film_6705bad4.jpg,,accept_weak,accept,weak_accept_category,Plastic film,Plastic film|Foam cup|Plastic utensils|Clear plastic bottle|Plastic bottle cap|Disposable food container,accept,0.724280,0.724280,0.275720,reject,True
images/accept_weak/taco_00321_Cigarette_4dbf3812.jpg,,accept_weak,accept,weak_accept_category,Cigarette,Cigarette|Paper cup,accept,0.692770,0.692770,0.307230,reject,True
images/reject_weak/taco_00322_Clear_plastic_bottle_7fb3d83a.jpg,,reject_weak,reject,weak_reject_category,Clear plastic bottle,Clear plastic bottle|Other plastic,accept,0.701277,0.701277,0.298723,reject,False
images/reject_weak/taco_00323_Disposable_plastic_cup_f7a4f15f.jpg,,reject_weak,reject,weak_reject_category,Disposable plastic cup,Disposable plastic cup,reject,0.718378,0.281622,0.718378,reject,True
images/reject_weak/taco_00324_Drink_can_c6336f81.jpg,,reject_weak,reject,weak_reject_category,Drink can,Drink can|Unlabeled litter|Other plastic,reject,0.572606,0.427394,0.572606,reject,True
images/accept_weak/taco_00325_Cigarette_d5302a6b.jpg,,accept_weak,accept,weak_accept_category,Cigarette,Clear plastic bottle|Cigarette|Unlabeled litter,accept,0.609128,0.609128,0.390872,reject,True
images/accept_weak/taco_00326_Cigarette_299e730b.jpg,,accept_weak,accept,weak_accept_category,Cigarette,Cigarette|Metal bottle cap|Unlabeled litter|Other plastic,accept,0.743226,0.743226,0.256774,reject,True
images/accept_weak/taco_00327_Cigarette_89f2a85c.jpg,,accept_weak,accept,weak_accept_category,Cigarette,Cigarette|Paper cup|Unlabeled litter|Wrapping paper,reject,0.532460,0.467540,0.532460,reject,False
images/accept_weak/taco_00328_Cigarette_e690f40d.jpg,,accept_weak,accept,weak_accept_category,Cigarette,Paper cup|Cigarette|Other plastic,reject,0.702010,0.297990,0.702010,reject,False
images/accept_weak/taco_00329_Other_plastic_wrapper_06dc00a6.jpg,,accept_weak,accept,weak_accept_category,Other plastic wrapper,Unlabeled litter|Aluminium blister pack|Other plastic wrapper|Plastic straw|Tissues,accept,0.708398,0.708398,0.291602,reject,True
images/reject_weak/taco_00330_Plastic_straw_8ee5daac.jpg,,reject_weak,reject,weak_reject_category,Plastic straw,Plastic straw|Clear plastic bottle|Plastic bottle cap|Normal paper|Unlabeled litter,accept,0.624019,0.624019,0.375981,reject,False
images/accept_weak/taco_00331_Other_plastic_wrapper_e8e2d7ae.jpg,,accept_weak,accept,weak_accept_category,Other plastic wrapper,Unlabeled litter|Other plastic wrapper,accept,0.825313,0.825313,0.174687,accept,True
images/accept_weak/taco_00332_Other_plastic_wrapper_b2bd1e09.jpg,,accept_weak,accept,weak_accept_category,Other plastic wrapper,Other plastic wrapper|Garbage bag|Cigarette|Paper bag|Unlabeled litter,accept,0.669386,0.669386,0.330614,reject,True
images/accept_weak/taco_00333_Cigarette_d25fd8b2.jpg,,accept_weak,accept,weak_accept_category,Cigarette,Cigarette|Other plastic wrapper,accept,0.725003,0.725003,0.274996,reject,True
images/accept_weak/taco_00334_Other_plastic_wrapper_0f2b42f2.jpg,,accept_weak,accept,weak_accept_category,Other plastic wrapper,Other plastic wrapper|Drink carton|Plastic straw|Plastic film|Other plastic bottle|Plastic bottle cap|Other plastic,reject,0.622178,0.377822,0.622178,reject,False
images/accept_weak/taco_00335_Other_plastic_wrapper_6fc86dcd.jpg,,accept_weak,accept,weak_accept_category,Other plastic wrapper,Other plastic wrapper|Other plastic|Drink can|Clear plastic bottle|Plastic bottle cap,reject,0.511292,0.488708,0.511292,reject,False
images/accept_weak/taco_00336_Plastic_film_d3619b9c.jpg,,accept_weak,accept,weak_accept_category,Plastic film,Other carton|Paper cup|Plastic film|Aluminium foil,accept,0.603738,0.603738,0.396262,reject,True
images/accept_weak/taco_00339_Plastic_film_2cc8ff45.jpg,,accept_weak,accept,weak_accept_category,Plastic film,Plastic film|Clear plastic bottle|Unlabeled litter,accept,0.556227,0.556227,0.443773,reject,True
images/accept_weak/taco_00340_Other_plastic_wrapper_94dead4f.jpg,,accept_weak,accept,weak_accept_category,Other plastic wrapper,Normal paper|Other plastic wrapper|Single-use carrier bag,accept,0.535924,0.535924,0.464076,reject,True
images/accept_weak/taco_00341_Plastic_film_91a5e1e6.jpg,,accept_weak,accept,weak_accept_category,Plastic film,Plastic film,accept,0.667114,0.667114,0.332886,reject,True
images/reject_weak/taco_00342_Plastic_bottle_cap_bbea66fa.jpg,,reject_weak,reject,weak_reject_category,Plastic bottle cap,Plastic bottle cap|Unlabeled litter,reject,0.793747,0.206253,0.793747,reject,True
images/reject_weak/taco_00343_Plastic_bottle_cap_9052d177.jpg,,reject_weak,reject,weak_reject_category,Plastic bottle cap,Plastic bottle cap,reject,0.751401,0.248599,0.751401,reject,True
images/accept_weak/taco_00344_Single-use_carrier_bag_06c93fab.jpg,,accept_weak,accept,weak_accept_category,Single-use carrier bag,Drink can|Single-use carrier bag|Plastic film|Other carton|Clear plastic bottle|Plastic bottle cap,accept,0.570559,0.570559,0.429441,reject,True
images/reject_weak/taco_00345_Drink_can_8b1025d9.jpg,,reject_weak,reject,weak_reject_category,Drink can,Drink can,accept,0.511952,0.511952,0.488048,reject,False
images/reject_weak/taco_00346_Clear_plastic_bottle_e0b95c78.jpg,,reject_weak,reject,weak_reject_category,Clear plastic bottle,Clear plastic bottle,reject,0.789143,0.210857,0.789143,reject,True
images/accept_weak/taco_00347_Cigarette_c652d1e8.jpg,,accept_weak,accept,weak_accept_category,Cigarette,Disposable plastic cup|Plastic straw|Plastic lid|Cigarette,accept,0.551961,0.551961,0.448039,reject,True
images/accept_weak/taco_00348_Other_plastic_wrapper_33f99651.jpg,,accept_weak,accept,weak_accept_category,Other plastic wrapper,Corrugated carton|Clear plastic bottle|Plastic bottle cap|Disposable plastic cup|Other plastic wrapper|Plastic film|Cigarette,reject,0.582843,0.417157,0.582843,reject,False
images/reject_weak/taco_00349_Other_plastic_05a2582e.jpg,,reject_weak,reject,weak_reject_category,Other plastic,Other plastic|Rope & strings,accept,0.703572,0.703572,0.296428,reject,False
images/reject_weak/taco_00350_Disposable_plastic_cup_150a85bc.jpg,,reject_weak,reject,weak_reject_category,Disposable plastic cup,Disposable plastic cup|Unlabeled litter,reject,0.569027,0.430973,0.569027,reject,True
images/accept_weak/taco_00351_Cigarette_4f8f519e.jpg,,accept_weak,accept,weak_accept_category,Cigarette,Cigarette|Rope & strings|Plastic bottle cap|Other plastic|Unlabeled litter,accept,0.837603,0.837603,0.162397,accept,True
images/accept_weak/taco_00352_Cigarette_ece55891.jpg,,accept_weak,accept,weak_accept_category,Cigarette,Other plastic|Cigarette|Unlabeled litter,accept,0.727727,0.727727,0.272273,reject,True
images/reject_weak/taco_00353_Disposable_plastic_cup_5064c7c0.jpg,,reject_weak,reject,weak_reject_category,Disposable plastic cup,Disposable plastic cup,accept,0.618949,0.618949,0.381051,reject,False
images/reject_weak/taco_00354_Drink_can_d7574117.jpg,,reject_weak,reject,weak_reject_category,Drink can,Drink can,reject,0.723219,0.276781,0.723219,reject,True
images/reject_weak/taco_00355_Disposable_plastic_cup_f6ffccc9.jpg,,reject_weak,reject,weak_reject_category,Disposable plastic cup,Disposable plastic cup,reject,0.572573,0.427427,0.572573,reject,True
images/accept_weak/taco_00356_Other_plastic_wrapper_68785c5d.jpg,,accept_weak,accept,weak_accept_category,Other plastic wrapper,Other plastic wrapper|Crisp packet,reject,0.521865,0.478135,0.521865,reject,False
images/accept_weak/taco_00357_Other_plastic_wrapper_cdbd2a3c.jpg,,accept_weak,accept,weak_accept_category,Other plastic wrapper,Other plastic wrapper,reject,0.614142,0.385858,0.614142,reject,False
images/accept_weak/taco_00358_Crisp_packet_5905ba82.jpg,,accept_weak,accept,weak_accept_category,Crisp packet,Crisp packet|Plastic film|Unlabeled litter|Glass bottle|Cigarette,reject,0.548354,0.451646,0.548354,reject,False
images/accept_weak/taco_00359_Single-use_carrier_bag_497990d6.jpg,,accept_weak,accept,weak_accept_category,Single-use carrier bag,Single-use carrier bag|Normal paper|Other plastic wrapper|Other carton|Unlabeled litter,accept,0.822661,0.822661,0.177339,accept,True
images/accept_weak/taco_00360_Other_plastic_wrapper_7f2c5ac2.jpg,,accept_weak,accept,weak_accept_category,Other plastic wrapper,Clear plastic bottle|Other plastic wrapper|Plastic bottle cap,reject,0.984137,0.015863,0.984137,reject,False
images/accept_weak/taco_00361_Other_plastic_wrapper_3e19ee1f.jpg,,accept_weak,accept,weak_accept_category,Other plastic wrapper,Other plastic wrapper,reject,0.553373,0.446627,0.553373,reject,False
images/accept_weak/taco_00362_Other_plastic_wrapper_47973753.jpg,,accept_weak,accept,weak_accept_category,Other plastic wrapper,Other plastic wrapper|Plastic film|Unlabeled litter|Crisp packet|Other plastic bottle,accept,0.764416,0.764416,0.235584,accept,True
images/accept_weak/taco_00363_Plastic_film_7b704d5d.jpg,,accept_weak,accept,weak_accept_category,Plastic film,Plastic film|Normal paper|Other plastic wrapper|Unlabeled litter|Plastic straw|Plastic lid|Styrofoam piece|Other plastic container,accept,0.572566,0.572566,0.427434,reject,True
images/accept_weak/taco_00364_Plastic_film_f05a5f1d.jpg,,accept_weak,accept,weak_accept_category,Plastic film,Drink carton|Plastic film,reject,0.694467,0.305533,0.694467,reject,False
images/accept_weak/taco_00365_Plastic_film_8636ac5f.jpg,,accept_weak,accept,weak_accept_category,Plastic film,Plastic film,reject,0.761603,0.238397,0.761603,reject,False
images/accept_weak/taco_00366_Plastic_film_23444775.jpg,,accept_weak,accept,weak_accept_category,Plastic film,Plastic film,reject,0.910656,0.089344,0.910656,reject,False
images/accept_weak/taco_00367_Other_plastic_wrapper_d3233967.jpg,,accept_weak,accept,weak_accept_category,Other plastic wrapper,Carded blister pack|Other plastic wrapper|Unlabeled litter,reject,0.750006,0.249994,0.750006,reject,False
images/reject_weak/taco_00368_Plastic_straw_fc9cded0.jpg,,reject_weak,reject,weak_reject_category,Plastic straw,Plastic straw|Disposable plastic cup,accept,0.529273,0.529273,0.470727,reject,False
images/reject_weak/taco_00369_Glass_bottle_80cbd87a.jpg,,reject_weak,reject,weak_reject_category,Glass bottle,Glass bottle,accept,0.610095,0.610095,0.389905,reject,False
images/accept_weak/taco_00370_Single-use_carrier_bag_da95dea3.jpg,,accept_weak,accept,weak_accept_category,Single-use carrier bag,Single-use carrier bag,reject,0.724112,0.275888,0.724112,reject,False
images/accept_weak/taco_00371_Plastic_film_103c4ad7.jpg,,accept_weak,accept,weak_accept_category,Plastic film,Plastic film,accept,0.536520,0.536520,0.463480,reject,True
images/accept_weak/taco_00372_Single-use_carrier_bag_56ccde92.jpg,,accept_weak,accept,weak_accept_category,Single-use carrier bag,Single-use carrier bag,accept,0.628473,0.628473,0.371527,reject,True
images/reject_weak/taco_00373_Disposable_plastic_cup_ef9e3b08.jpg,,reject_weak,reject,weak_reject_category,Disposable plastic cup,Disposable plastic cup,accept,0.572805,0.572805,0.427195,reject,False
images/accept_weak/taco_00374_Plastic_film_d10cd287.jpg,,accept_weak,accept,weak_accept_category,Plastic film,Plastic film,accept,0.553109,0.553109,0.446891,reject,True
images/accept_weak/taco_00375_Other_plastic_wrapper_31d6f204.jpg,,accept_weak,accept,weak_accept_category,Other plastic wrapper,Disposable plastic cup|Plastic straw|Unlabeled litter|Other plastic wrapper,accept,0.642587,0.642587,0.357413,reject,True
images/reject_weak/taco_00376_Plastic_straw_3412a3e8.jpg,,reject_weak,reject,weak_reject_category,Plastic straw,Plastic straw,accept,0.602915,0.602915,0.397085,reject,False
images/reject_weak/taco_00377_Drink_can_ada8d4a0.jpg,,reject_weak,reject,weak_reject_category,Drink can,Drink can,reject,0.689265,0.310735,0.689265,reject,True
images/reject_weak/taco_00378_Drink_can_583a5507.jpg,,reject_weak,reject,weak_reject_category,Drink can,Drink can,reject,0.622268,0.377732,0.622268,reject,True
images/accept_weak/taco_00379_Other_plastic_wrapper_54611cd6.jpg,,accept_weak,accept,weak_accept_category,Other plastic wrapper,Other plastic wrapper,accept,0.663781,0.663781,0.336219,reject,True
images/reject_weak/taco_00380_Clear_plastic_bottle_2c4e8da1.jpg,,reject_weak,reject,weak_reject_category,Clear plastic bottle,Clear plastic bottle|Plastic bottle cap,accept,0.890138,0.890138,0.109862,accept,False
images/reject_weak/taco_00381_Normal_paper_ab2dd5bd.jpg,,reject_weak,reject,weak_reject_category,Normal paper,Normal paper,reject,0.513240,0.486760,0.513240,reject,True
images/accept_weak/taco_00382_Other_plastic_wrapper_b3fe418d.jpg,,accept_weak,accept,weak_accept_category,Other plastic wrapper,Other plastic wrapper,accept,0.594455,0.594455,0.405545,reject,True
images/accept_weak/taco_00383_Other_plastic_wrapper_2caabe57.jpg,,accept_weak,accept,weak_accept_category,Other plastic wrapper,Other plastic wrapper,reject,0.684952,0.315048,0.684952,reject,False
images/accept_weak/taco_00384_Plastic_film_ec6c85c7.jpg,,accept_weak,accept,weak_accept_category,Plastic film,Plastic film,accept,0.579512,0.579512,0.420488,reject,True
images/accept_weak/taco_00385_Single-use_carrier_bag_1f9b261f.jpg,,accept_weak,accept,weak_accept_category,Single-use carrier bag,Plastic lid|Paper bag|Single-use carrier bag|Clear plastic bottle|Plastic film|Drink can,reject,0.647389,0.352611,0.647389,reject,False
images/accept_weak/taco_00386_Plastic_film_cc6fe241.jpg,,accept_weak,accept,weak_accept_category,Plastic film,Plastic film|Plastic lid|Other plastic,accept,0.718479,0.718479,0.281521,reject,True
images/accept_weak/taco_00387_Plastic_film_a5f33718.jpg,,accept_weak,accept,weak_accept_category,Plastic film,Meal carton|Plastic film|Single-use carrier bag,accept,0.656912,0.656912,0.343088,reject,True
images/accept_weak/taco_00388_Plastic_film_cf98d328.jpg,,accept_weak,accept,weak_accept_category,Plastic film,Disposable plastic cup|Plastic film|Meal carton|Single-use carrier bag,accept,0.541857,0.541857,0.458143,reject,True
images/accept_weak/taco_00389_Plastic_film_dff8a0ff.jpg,,accept_weak,accept,weak_accept_category,Plastic film,Clear plastic bottle|Plastic bottle cap|Plastic lid|Plastic film|Plastic straw|Unlabeled litter|Other plastic wrapper|Foam food container,reject,0.542706,0.457294,0.542706,reject,False
images/accept_weak/taco_00390_Plastic_film_e882573a.jpg,,accept_weak,accept,weak_accept_category,Plastic film,Plastic straw|Plastic film|Disposable plastic cup,accept,0.523411,0.523411,0.476589,reject,True
images/accept_weak/taco_00391_Other_plastic_wrapper_4dd4c4dd.jpg,,accept_weak,accept,weak_accept_category,Other plastic wrapper,Other plastic wrapper|Plastic bottle cap|Clear plastic bottle|Unlabeled litter,accept,0.586652,0.586652,0.413348,reject,True
images/accept_weak/taco_00392_Plastic_film_647e5b8a.jpg,,accept_weak,accept,weak_accept_category,Plastic film,Plastic straw|Plastic lid|Disposable plastic cup|Plastic film|Other plastic wrapper,accept,0.586609,0.586609,0.413391,reject,True
images/accept_weak/taco_00393_Other_plastic_wrapper_fd9637b2.jpg,,accept_weak,accept,weak_accept_category,Other plastic wrapper,Disposable plastic cup|Other plastic wrapper|Plastic lid,accept,0.596503,0.596503,0.403497,reject,True
images/accept_weak/taco_00394_Plastic_film_1836db1a.jpg,,accept_weak,accept,weak_accept_category,Plastic film,Clear plastic bottle|Other plastic|Plastic film|Unlabeled litter,reject,0.519621,0.480379,0.519621,reject,False
images/reject_weak/taco_00395_Plastic_bottle_cap_938efe3d.jpg,,reject_weak,reject,weak_reject_category,Plastic bottle cap,Plastic bottle cap|Clear plastic bottle|Unlabeled litter,accept,0.575410,0.575410,0.424590,reject,False
images/accept_weak/taco_00396_Foam_food_container_5a35177d.jpg,,accept_weak,accept,weak_accept_category,Foam food container,Unlabeled litter|Foam food container,accept,0.514643,0.514643,0.485357,reject,True
images/accept_weak/taco_00397_Single-use_carrier_bag_fb40d155.jpg,,accept_weak,accept,weak_accept_category,Single-use carrier bag,Single-use carrier bag,accept,0.662669,0.662669,0.337331,reject,True
images/accept_weak/taco_00398_Plastic_film_9fc3b538.jpg,,accept_weak,accept,weak_accept_category,Plastic film,Plastic film|Plastic straw|Cigarette,reject,0.622071,0.377929,0.622071,reject,False
images/reject_weak/taco_00399_Normal_paper_1157f879.jpg,,reject_weak,reject,weak_reject_category,Normal paper,Normal paper,accept,0.574616,0.574616,0.425384,reject,False
images/accept_weak/taco_00400_Plastic_film_10a2fa45.jpg,,accept_weak,accept,weak_accept_category,Plastic film,Plastic film,accept,0.532421,0.532421,0.467579,reject,True
images/accept_weak/taco_00402_Plastic_utensils_0f8175c3.jpg,,accept_weak,accept,weak_accept_category,Plastic utensils,Plastic utensils,accept,0.594743,0.594743,0.405257,reject,True
images/reject_weak/taco_00403_Wrapping_paper_30ce96e9.jpg,,reject_weak,reject,weak_reject_category,Wrapping paper,Wrapping paper,accept,0.502892,0.502892,0.497108,reject,False
images/accept_weak/taco_00404_Single-use_carrier_bag_233986b6.jpg,,accept_weak,accept,weak_accept_category,Single-use carrier bag,Single-use carrier bag|Unlabeled litter|Meal carton,accept,0.526923,0.526923,0.473077,reject,True
images/accept_weak/taco_00405_Other_plastic_wrapper_fe7499d5.jpg,,accept_weak,accept,weak_accept_category,Other plastic wrapper,Disposable plastic cup|Plastic straw|Other plastic wrapper,accept,0.612280,0.612280,0.387720,reject,True
images/accept_weak/taco_00406_Other_plastic_wrapper_1724da0d.jpg,,accept_weak,accept,weak_accept_category,Other plastic wrapper,Other plastic wrapper|Plastic film|Other carton,accept,0.558492,0.558492,0.441508,reject,True
images/accept_weak/taco_00407_Other_plastic_wrapper_076fbfa1.jpg,,accept_weak,accept,weak_accept_category,Other plastic wrapper,Other plastic wrapper,accept,0.500262,0.500262,0.499738,reject,True
images/accept_weak/taco_00408_Cigarette_2795b785.jpg,,accept_weak,accept,weak_accept_category,Cigarette,Plastic straw|Cigarette,reject,0.563594,0.436406,0.563594,reject,False
images/accept_weak/taco_00409_Plastic_film_7111218a.jpg,,accept_weak,accept,weak_accept_category,Plastic film,Disposable plastic cup|Plastic lid|Plastic straw|Plastic film,reject,0.516761,0.483239,0.516761,reject,False
images/accept_weak/taco_00410_Other_plastic_wrapper_dd575b80.jpg,,accept_weak,accept,weak_accept_category,Other plastic wrapper,Other plastic wrapper|Plastic film|Other carton|Clear plastic bottle|Plastic bottle cap,accept,0.513500,0.513500,0.486500,reject,True
images/accept_weak/taco_00411_Cigarette_72d693b6.jpg,,accept_weak,accept,weak_accept_category,Cigarette,Disposable plastic cup|Plastic lid|Plastic straw|Cigarette,reject,0.509576,0.490424,0.509576,reject,False
images/accept_weak/taco_00412_Single-use_carrier_bag_4537be68.jpg,,accept_weak,accept,weak_accept_category,Single-use carrier bag,Single-use carrier bag,reject,0.575618,0.424382,0.575618,reject,False
images/reject_weak/taco_00413_Plastic_bottle_cap_a1f648c3.jpg,,reject_weak,reject,weak_reject_category,Plastic bottle cap,Plastic bottle cap,accept,0.550197,0.550197,0.449803,reject,False
images/accept_weak/taco_00414_Other_plastic_wrapper_951f0514.jpg,,accept_weak,accept,weak_accept_category,Other plastic wrapper,Other plastic wrapper|Other plastic bottle|Plastic straw|Drink carton|Unlabeled litter,reject,0.660413,0.339587,0.660413,reject,False
images/accept_weak/taco_00415_Other_plastic_wrapper_dbd374a9.jpg,,accept_weak,accept,weak_accept_category,Other plastic wrapper,Disposable plastic cup|Unlabeled litter|Other plastic wrapper|Other plastic,accept,0.514875,0.514875,0.485126,reject,True
images/accept_weak/taco_00416_Plastic_utensils_a2e13620.jpg,,accept_weak,accept,weak_accept_category,Plastic utensils,Plastic straw|Plastic utensils|Disposable plastic cup|Other plastic wrapper|Other carton,reject,0.704095,0.295905,0.704095,reject,False
images/reject_weak/taco_00417_Drink_carton_8e6fc27a.jpg,,reject_weak,reject,weak_reject_category,Drink carton,Drink carton|Plastic straw,reject,0.591512,0.408488,0.591512,reject,True
images/reject_weak/taco_00418_Disposable_plastic_cup_d39f510b.jpg,,reject_weak,reject,weak_reject_category,Disposable plastic cup,Disposable plastic cup,accept,0.596586,0.596586,0.403414,reject,False
images/accept_weak/taco_00419_Other_plastic_wrapper_3ddf1179.jpg,,accept_weak,accept,weak_accept_category,Other plastic wrapper,Other plastic wrapper,reject,0.750940,0.249060,0.750940,reject,False
images/accept_weak/taco_00420_Plastic_film_48e32848.jpg,,accept_weak,accept,weak_accept_category,Plastic film,Plastic straw|Other plastic|Drink carton|Plastic film,reject,0.583366,0.416634,0.583366,reject,False
images/accept_weak/taco_00421_Plastic_film_ddeab03a.jpg,,accept_weak,accept,weak_accept_category,Plastic film,Plastic straw|Plastic film,accept,0.555564,0.555564,0.444436,reject,True
images/reject_weak/taco_00422_Plastic_straw_aa1d10d3.jpg,,reject_weak,reject,weak_reject_category,Plastic straw,Plastic straw,reject,0.520330,0.479670,0.520330,reject,True
images/accept_weak/taco_00423_Plastic_film_d9e7f9de.jpg,,accept_weak,accept,weak_accept_category,Plastic film,Plastic straw|Disposable plastic cup|Plastic film|Plastic lid|Other plastic,accept,0.640350,0.640350,0.359651,reject,True
images/accept_weak/taco_00424_Other_plastic_wrapper_5323124c.jpg,,accept_weak,accept,weak_accept_category,Other plastic wrapper,Other plastic wrapper,reject,0.550125,0.449875,0.550125,reject,False
images/accept_weak/taco_00425_Plastic_film_577cd57a.jpg,,accept_weak,accept,weak_accept_category,Plastic film,Plastic film,accept,0.611027,0.611027,0.388973,reject,True
images/accept_weak/taco_00426_Plastic_film_e7fea7e8.jpg,,accept_weak,accept,weak_accept_category,Plastic film,Plastic straw|Plastic film|Drink carton|Other plastic wrapper|Unlabeled litter|Cigarette|Other plastic,accept,0.546160,0.546160,0.453840,reject,True
images/reject_weak/taco_00427_Drink_can_8b6873cd.jpg,,reject_weak,reject,weak_reject_category,Drink can,Drink can|Plastic bottle cap|Other plastic bottle,accept,0.629420,0.629420,0.370580,reject,False
images/reject_weak/taco_00428_Drink_can_c72483a8.jpg,,reject_weak,reject,weak_reject_category,Drink can,Drink can|Pop tab,reject,0.509434,0.490566,0.509434,reject,True
images/reject_weak/taco_00429_Plastic_bottle_cap_84bde073.jpg,,reject_weak,reject,weak_reject_category,Plastic bottle cap,Plastic bottle cap|Clear plastic bottle,reject,0.930139,0.069861,0.930139,reject,True
images/accept_weak/taco_00430_Styrofoam_piece_d8593837.jpg,,accept_weak,accept,weak_accept_category,Styrofoam piece,Styrofoam piece,accept,0.512194,0.512194,0.487806,reject,True
images/accept_weak/taco_00432_Plastic_film_97a9ef9d.jpg,,accept_weak,accept,weak_accept_category,Plastic film,Plastic film|Other plastic,accept,0.573491,0.573491,0.426509,reject,True
images/reject_weak/taco_00433_Plastic_lid_7b3846db.jpg,,reject_weak,reject,weak_reject_category,Plastic lid,Plastic lid,accept,0.607183,0.607183,0.392817,reject,False
images/reject_weak/taco_00434_Aluminium_foil_098a91cb.jpg,,reject_weak,reject,weak_reject_category,Aluminium foil,Aluminium foil,reject,0.513611,0.486389,0.513611,reject,True
images/reject_weak/taco_00435_Other_plastic_bottle_dad9c752.jpg,,reject_weak,reject,weak_reject_category,Other plastic bottle,Other plastic bottle,accept,0.506168,0.506168,0.493832,reject,False
images/accept_weak/taco_00436_Other_plastic_wrapper_9aa2de79.jpg,,accept_weak,accept,weak_accept_category,Other plastic wrapper,Other plastic wrapper|Other plastic,accept,0.594799,0.594799,0.405201,reject,True
images/reject_weak/taco_00437_Plastic_bottle_cap_1ee5c34d.jpg,,reject_weak,reject,weak_reject_category,Plastic bottle cap,Plastic bottle cap|Clear plastic bottle,accept,0.546152,0.546152,0.453848,reject,False
images/reject_weak/taco_00438_Drink_can_4159205e.jpg,,reject_weak,reject,weak_reject_category,Drink can,Drink can,reject,0.846968,0.153032,0.846968,reject,True
images/accept_weak/taco_00439_Plastic_film_a12da192.jpg,,accept_weak,accept,weak_accept_category,Plastic film,Plastic film,accept,0.717210,0.717210,0.282790,reject,True
images/reject_weak/taco_00440_Clear_plastic_bottle_2056839b.jpg,,reject_weak,reject,weak_reject_category,Clear plastic bottle,Clear plastic bottle|Plastic bottle cap,reject,0.798703,0.201297,0.798703,reject,True
images/accept_weak/taco_00441_Other_plastic_wrapper_1ae1f4a9.jpg,,accept_weak,accept,weak_accept_category,Other plastic wrapper,Other plastic wrapper,accept,0.565907,0.565907,0.434093,reject,True
images/accept_weak/taco_00442_Plastic_film_36955af1.jpg,,accept_weak,accept,weak_accept_category,Plastic film,Plastic straw|Plastic film,accept,0.537955,0.537955,0.462045,reject,True
images/reject_weak/taco_00443_Clear_plastic_bottle_73b32455.jpg,,reject_weak,reject,weak_reject_category,Clear plastic bottle,Clear plastic bottle,accept,0.507222,0.507222,0.492777,reject,False
images/reject_weak/taco_00444_Clear_plastic_bottle_ed728c9b.jpg,,reject_weak,reject,weak_reject_category,Clear plastic bottle,Clear plastic bottle|Plastic bottle cap,reject,0.843500,0.156500,0.843500,reject,True
images/accept_weak/taco_00445_Plastic_utensils_d81fd89b.jpg,,accept_weak,accept,weak_accept_category,Plastic utensils,Plastic utensils|Other plastic wrapper|Unlabeled litter,reject,0.531804,0.468196,0.531804,reject,False
images/reject_weak/taco_00446_Drink_can_13965f95.jpg,,reject_weak,reject,weak_reject_category,Drink can,Drink can|Pop tab,reject,0.925369,0.074631,0.925369,reject,True
images/accept_weak/taco_00447_Plastic_film_06544904.jpg,,accept_weak,accept,weak_accept_category,Plastic film,Plastic film,accept,0.578201,0.578201,0.421799,reject,True
images/accept_weak/taco_00448_Plastic_utensils_0d4fe2a5.jpg,,accept_weak,accept,weak_accept_category,Plastic utensils,Plastic utensils|Plastic straw,reject,0.512989,0.487011,0.512989,reject,False
images/reject_weak/taco_00449_Drink_carton_a9dfea93.jpg,,reject_weak,reject,weak_reject_category,Drink carton,Drink carton,reject,0.870722,0.129278,0.870722,reject,True
images/accept_weak/taco_00450_Styrofoam_piece_c9207f96.jpg,,accept_weak,accept,weak_accept_category,Styrofoam piece,Styrofoam piece|Rope & strings,accept,0.629509,0.629509,0.370491,reject,True
images/accept_weak/taco_00451_Cigarette_63f498f2.jpg,,accept_weak,accept,weak_accept_category,Cigarette,Unlabeled litter|Cigarette,accept,0.546129,0.546129,0.453871,reject,True
images/accept_weak/taco_00452_Other_plastic_wrapper_db63ffc8.jpg,,accept_weak,accept,weak_accept_category,Other plastic wrapper,Other plastic wrapper,accept,0.552017,0.552017,0.447983,reject,True
images/reject_weak/taco_00453_Other_carton_409884eb.jpg,,reject_weak,reject,weak_reject_category,Other carton,Other carton|Other plastic,reject,0.585523,0.414477,0.585523,reject,True
images/accept_weak/taco_00454_Styrofoam_piece_7bc55532.jpg,,accept_weak,accept,weak_accept_category,Styrofoam piece,Styrofoam piece|Other carton,reject,0.623925,0.376075,0.623925,reject,False
images/reject_weak/taco_00455_Corrugated_carton_01f2bf64.jpg,,reject_weak,reject,weak_reject_category,Corrugated carton,Corrugated carton|Drink can|Pop tab,accept,0.506838,0.506838,0.493162,reject,False
images/reject_weak/taco_00456_Battery_6384ce82.jpg,,reject_weak,reject,weak_reject_category,Battery,Battery,accept,0.774538,0.774538,0.225461,accept,False
images/accept_weak/taco_00457_Tissues_8376cc14.jpg,,accept_weak,accept,weak_accept_category,Tissues,Tissues|Disposable plastic cup|Plastic straw|Plastic lid|Normal paper|Cigarette|Other carton|Paper bag,accept,0.601069,0.601069,0.398931,reject,True
images/accept_weak/taco_00458_Other_plastic_wrapper_c1f0ade5.jpg,,accept_weak,accept,weak_accept_category,Other plastic wrapper,Other plastic wrapper,accept,0.669612,0.669612,0.330388,reject,True
images/accept_weak/taco_00459_Plastic_film_c3c50f1d.jpg,,accept_weak,accept,weak_accept_category,Plastic film,Plastic film,accept,0.621693,0.621693,0.378307,reject,True
images/accept_weak/taco_00460_Disposable_food_container_e45a0207.jpg,,accept_weak,accept,weak_accept_category,Disposable food container,Foam cup|Glass bottle|Plastic lid|Disposable plastic cup|Paper cup|Drink can|Disposable food container|Unlabeled litter|Paper straw,accept,0.548795,0.548795,0.451205,reject,True
images/accept_weak/taco_00461_Plastic_utensils_302d026e.jpg,,accept_weak,accept,weak_accept_category,Plastic utensils,Plastic utensils,reject,0.541120,0.458880,0.541120,reject,False
images/accept_weak/taco_00462_Other_plastic_wrapper_0f72027f.jpg,,accept_weak,accept,weak_accept_category,Other plastic wrapper,Other plastic wrapper,reject,0.565150,0.434850,0.565150,reject,False
images/reject_weak/taco_00463_Scrap_metal_61b2c3b2.jpg,,reject_weak,reject,weak_reject_category,Scrap metal,Scrap metal,accept,0.958635,0.958635,0.041365,accept,False
images/accept_weak/taco_00464_Styrofoam_piece_8641bf20.jpg,,accept_weak,accept,weak_accept_category,Styrofoam piece,Styrofoam piece,accept,0.815253,0.815253,0.184747,accept,True
images/reject_weak/taco_00465_Tupperware_802a7678.jpg,,reject_weak,reject,weak_reject_category,Tupperware,Tupperware,reject,0.993803,0.006197,0.993803,reject,True
images/accept_weak/taco_00466_Plastic_film_09b73746.jpg,,accept_weak,accept,weak_accept_category,Plastic film,Plastic film,accept,0.582544,0.582544,0.417456,reject,True
images/reject_weak/taco_00467_Metal_bottle_cap_9ab84b7f.jpg,,reject_weak,reject,weak_reject_category,Metal bottle cap,Metal bottle cap,reject,0.707511,0.292489,0.707511,reject,True
images/reject_weak/taco_00468_Glass_bottle_df08548d.jpg,,reject_weak,reject,weak_reject_category,Glass bottle,Glass bottle,reject,0.609976,0.390024,0.609976,reject,True
images/reject_weak/taco_00469_Other_plastic_e380a0a4.jpg,,reject_weak,reject,weak_reject_category,Other plastic,Other plastic,reject,0.861299,0.138701,0.861299,reject,True
images/reject_weak/taco_00471_Pop_tab_3f4a5030.jpg,,reject_weak,reject,weak_reject_category,Pop tab,Pop tab,reject,0.685341,0.314659,0.685341,reject,True
images/reject_weak/taco_00472_Other_carton_2d04f385.jpg,,reject_weak,reject,weak_reject_category,Other carton,Other carton,reject,0.508326,0.491674,0.508326,reject,True
images/reject_weak/taco_00473_Other_plastic_162e30af.jpg,,reject_weak,reject,weak_reject_category,Other plastic,Other plastic,reject,0.967997,0.032003,0.967997,reject,True
images/reject_weak/taco_00474_Plastic_bottle_cap_ca84baf9.jpg,,reject_weak,reject,weak_reject_category,Plastic bottle cap,Plastic bottle cap,reject,0.939884,0.060116,0.939884,reject,True
images/accept_weak/taco_00475_Plastic_film_c81b677d.jpg,,accept_weak,accept,weak_accept_category,Plastic film,Plastic film,reject,0.532486,0.467514,0.532486,reject,False
images/reject_weak/taco_00476_Other_plastic_2a9ae1fc.jpg,,reject_weak,reject,weak_reject_category,Other plastic,Other plastic,reject,0.664939,0.335061,0.664939,reject,True
images/accept_weak/taco_00477_Plastic_film_937f0228.jpg,,accept_weak,accept,weak_accept_category,Plastic film,Plastic film,accept,0.576129,0.576129,0.423871,reject,True
images/reject_weak/taco_00478_Metal_bottle_cap_9e1ceb0e.jpg,,reject_weak,reject,weak_reject_category,Metal bottle cap,Metal bottle cap,reject,0.855645,0.144355,0.855645,reject,True
images/accept_weak/taco_00479_Plastic_film_72a18ac2.jpg,,accept_weak,accept,weak_accept_category,Plastic film,Other carton|Plastic film,reject,0.793154,0.206846,0.793154,reject,False
images/reject_weak/taco_00480_Metal_bottle_cap_6519c2b9.jpg,,reject_weak,reject,weak_reject_category,Metal bottle cap,Metal bottle cap,reject,0.810083,0.189917,0.810083,reject,True
images/accept_weak/taco_00481_Single-use_carrier_bag_6d1bcf12.jpg,,accept_weak,accept,weak_accept_category,Single-use carrier bag,Single-use carrier bag|Normal paper,reject,0.680827,0.319173,0.680827,reject,False
images/reject_weak/taco_00482_Metal_bottle_cap_bb934b55.jpg,,reject_weak,reject,weak_reject_category,Metal bottle cap,Metal bottle cap,reject,0.957182,0.042818,0.957182,reject,True
images/reject_weak/taco_00483_Drink_can_9e353d79.jpg,,reject_weak,reject,weak_reject_category,Drink can,Drink can,reject,0.920554,0.079445,0.920554,reject,True
images/accept_weak/taco_00484_Other_plastic_wrapper_aace0446.jpg,,accept_weak,accept,weak_accept_category,Other plastic wrapper,Other plastic wrapper|Plastic film|Unlabeled litter|Cigarette,reject,0.519674,0.480326,0.519674,reject,False
images/reject_weak/taco_00485_Metal_bottle_cap_dde915f0.jpg,,reject_weak,reject,weak_reject_category,Metal bottle cap,Metal bottle cap,reject,0.907738,0.092262,0.907738,reject,True
images/accept_weak/taco_00486_Plastic_film_50ed1068.jpg,,accept_weak,accept,weak_accept_category,Plastic film,Plastic film,accept,0.578768,0.578768,0.421232,reject,True
images/reject_weak/taco_00487_Clear_plastic_bottle_faf9b546.jpg,,reject_weak,reject,weak_reject_category,Clear plastic bottle,Clear plastic bottle,reject,0.586789,0.413211,0.586789,reject,True
images/accept_weak/taco_00488_Cigarette_14bc1e9c.jpg,,accept_weak,accept,weak_accept_category,Cigarette,Cigarette|Other plastic,accept,0.507414,0.507414,0.492586,reject,True
images/reject_weak/taco_00489_Drink_can_0d519e40.jpg,,reject_weak,reject,weak_reject_category,Drink can,Drink can,reject,0.643590,0.356410,0.643590,reject,True
images/accept_weak/taco_00490_Cigarette_fde3ea9c.jpg,,accept_weak,accept,weak_accept_category,Cigarette,Cigarette,accept,0.585652,0.585652,0.414348,reject,True
images/reject_weak/taco_00491_Metal_bottle_cap_ed3686f3.jpg,,reject_weak,reject,weak_reject_category,Metal bottle cap,Metal bottle cap,reject,0.644555,0.355445,0.644555,reject,True
images/reject_weak/taco_00492_Plastic_lid_1b774e6e.jpg,,reject_weak,reject,weak_reject_category,Plastic lid,Plastic lid,accept,0.569085,0.569085,0.430915,reject,False
images/reject_weak/taco_00493_Clear_plastic_bottle_316f93de.jpg,,reject_weak,reject,weak_reject_category,Clear plastic bottle,Clear plastic bottle|Plastic bottle cap,reject,0.639525,0.360475,0.639525,reject,True
images/reject_weak/taco_00494_Clear_plastic_bottle_211715f2.jpg,,reject_weak,reject,weak_reject_category,Clear plastic bottle,Clear plastic bottle,reject,0.536658,0.463342,0.536658,reject,True
images/reject_weak/taco_00495_Drink_can_ca54e4fe.jpg,,reject_weak,reject,weak_reject_category,Drink can,Drink can|Pop tab,reject,0.956299,0.043701,0.956299,reject,True
images/reject_weak/taco_00496_Clear_plastic_bottle_43127155.jpg,,reject_weak,reject,weak_reject_category,Clear plastic bottle,Clear plastic bottle|Plastic bottle cap,reject,0.522433,0.477567,0.522433,reject,True
images/reject_weak/taco_00497_Other_plastic_c3a3bd86.jpg,,reject_weak,reject,weak_reject_category,Other plastic,Other plastic,accept,0.514795,0.514795,0.485205,reject,False
images/reject_weak/taco_00498_Other_plastic_b2f70716.jpg,,reject_weak,reject,weak_reject_category,Other plastic,Other plastic,accept,0.618858,0.618858,0.381142,reject,False
images/accept_weak/taco_00499_Disposable_food_container_005018eb.jpg,,accept_weak,accept,weak_accept_category,Disposable food container,Disposable food container,accept,0.528220,0.528220,0.471779,reject,True
images/accept_weak/taco_00500_Plastic_film_45dd6359.jpg,,accept_weak,accept,weak_accept_category,Plastic film,Plastic film,accept,0.599420,0.599420,0.400580,reject,True
images/accept_weak/taco_00501_Other_plastic_wrapper_a4bce369.jpg,,accept_weak,accept,weak_accept_category,Other plastic wrapper,Other plastic wrapper,accept,0.754238,0.754238,0.245762,reject,True
images/reject_weak/taco_00502_Disposable_plastic_cup_48f0ca87.jpg,,reject_weak,reject,weak_reject_category,Disposable plastic cup,Disposable plastic cup,accept,0.584031,0.584031,0.415969,reject,False
images/reject_weak/taco_00503_Paper_cup_0993a286.jpg,,reject_weak,reject,weak_reject_category,Paper cup,Paper cup|Rope & strings,reject,0.651130,0.348870,0.651130,reject,True
images/accept_weak/taco_00504_Plastic_film_f58a28fc.jpg,,accept_weak,accept,weak_accept_category,Plastic film,Plastic film|Cigarette,accept,0.545066,0.545066,0.454934,reject,True
images/accept_weak/taco_00505_Other_plastic_wrapper_72cd3716.jpg,,accept_weak,accept,weak_accept_category,Other plastic wrapper,Other plastic wrapper,accept,0.603591,0.603591,0.396409,reject,True
images/reject_weak/taco_00506_Plastic_straw_cacfd94d.jpg,,reject_weak,reject,weak_reject_category,Plastic straw,Plastic straw,reject,0.826577,0.173423,0.826577,reject,True
images/reject_weak/taco_00507_Other_plastic_bottle_a5669156.jpg,,reject_weak,reject,weak_reject_category,Other plastic bottle,Other plastic bottle|Plastic bottle cap,reject,0.999208,0.000792,0.999208,reject,True
images/reject_weak/taco_00508_Other_plastic_bottle_9f922e04.jpg,,reject_weak,reject,weak_reject_category,Other plastic bottle,Other plastic bottle|Plastic bottle cap,reject,0.805540,0.194460,0.805540,reject,True
images/reject_weak/taco_00509_Metal_bottle_cap_4f57f2f6.jpg,,reject_weak,reject,weak_reject_category,Metal bottle cap,Metal bottle cap,reject,0.904486,0.095514,0.904486,reject,True
images/reject_weak/taco_00510_Other_plastic_4316e966.jpg,,reject_weak,reject,weak_reject_category,Other plastic,Other plastic|Unlabeled litter,accept,0.578296,0.578296,0.421704,reject,False
images/accept_weak/taco_00511_Plastic_film_005fec89.jpg,,accept_weak,accept,weak_accept_category,Plastic film,Plastic film,reject,0.613192,0.386808,0.613192,reject,False
images/accept_weak/taco_00512_Cigarette_4617d2e8.jpg,,accept_weak,accept,weak_accept_category,Cigarette,Cigarette,accept,0.552021,0.552021,0.447979,reject,True
images/accept_weak/taco_00513_Plastic_film_0791bc0a.jpg,,accept_weak,accept,weak_accept_category,Plastic film,Plastic film,accept,0.600496,0.600496,0.399504,reject,True
images/reject_weak/taco_00514_Clear_plastic_bottle_38bcf645.jpg,,reject_weak,reject,weak_reject_category,Clear plastic bottle,Clear plastic bottle|Plastic bottle cap,reject,0.817478,0.182522,0.817478,reject,True
images/reject_weak/taco_00515_Pop_tab_3cd15b36.jpg,,reject_weak,reject,weak_reject_category,Pop tab,Pop tab,reject,0.519913,0.480087,0.519913,reject,True
images/accept_weak/taco_00516_Plastic_utensils_0fc58770.jpg,,accept_weak,accept,weak_accept_category,Plastic utensils,Plastic utensils|Clear plastic bottle|Unlabeled litter,reject,0.508742,0.491258,0.508742,reject,False
images/accept_weak/taco_00517_Tissues_52632e83.jpg,,accept_weak,accept,weak_accept_category,Tissues,Tissues,accept,0.579991,0.579991,0.420009,reject,True
images/reject_weak/taco_00518_Other_carton_69f98d38.jpg,,reject_weak,reject,weak_reject_category,Other carton,Other carton,reject,0.977197,0.022803,0.977197,reject,True
images/accept_weak/taco_00519_Plastic_film_faf13bb3.jpg,,accept_weak,accept,weak_accept_category,Plastic film,Plastic film,accept,0.558718,0.558718,0.441282,reject,True
images/reject_weak/taco_00520_Clear_plastic_bottle_6f840c8b.jpg,,reject_weak,reject,weak_reject_category,Clear plastic bottle,Clear plastic bottle|Plastic bottle cap,reject,0.583384,0.416616,0.583384,reject,True
images/reject_weak/taco_00521_Other_carton_f423cf28.jpg,,reject_weak,reject,weak_reject_category,Other carton,Other carton,reject,0.607549,0.392451,0.607549,reject,True
images/reject_weak/taco_00522_Drink_can_8c8e9d2f.jpg,,reject_weak,reject,weak_reject_category,Drink can,Drink can|Other plastic bottle|Other carton|Pop tab,accept,0.869906,0.869906,0.130094,accept,False
images/reject_weak/taco_00523_Paper_bag_57f7dceb.jpg,,reject_weak,reject,weak_reject_category,Paper bag,Paper bag|Plastic lid|Paper cup|Wrapping paper,reject,0.510176,0.489824,0.510176,reject,True
images/reject_weak/taco_00524_Clear_plastic_bottle_ee0f8107.jpg,,reject_weak,reject,weak_reject_category,Clear plastic bottle,Clear plastic bottle|Plastic bottle cap,accept,0.639277,0.639277,0.360723,reject,False
images/reject_weak/taco_00525_Drink_can_45fb0a5d.jpg,,reject_weak,reject,weak_reject_category,Drink can,Drink can,accept,0.531478,0.531478,0.468522,reject,False
images/reject_weak/taco_00526_Clear_plastic_bottle_6b12602b.jpg,,reject_weak,reject,weak_reject_category,Clear plastic bottle,Clear plastic bottle|Plastic bottle cap,accept,0.657667,0.657667,0.342333,reject,False
images/accept_weak/taco_00527_Plastic_film_c371db04.jpg,,accept_weak,accept,weak_accept_category,Plastic film,Plastic film,accept,0.644613,0.644613,0.355387,reject,True
images/accept_weak/taco_00528_Plastic_film_ccde25ec.jpg,,accept_weak,accept,weak_accept_category,Plastic film,Plastic film,accept,0.574354,0.574354,0.425646,reject,True
images/accept_weak/taco_00529_Plastic_film_6db65bb2.jpg,,accept_weak,accept,weak_accept_category,Plastic film,Plastic film,reject,0.546992,0.453008,0.546992,reject,False
images/reject_weak/taco_00530_Plastic_bottle_cap_ac4009a1.jpg,,reject_weak,reject,weak_reject_category,Plastic bottle cap,Plastic bottle cap,reject,0.791966,0.208034,0.791966,reject,True
images/reject_weak/taco_00531_Plastic_bottle_cap_4ba0ab8a.jpg,,reject_weak,reject,weak_reject_category,Plastic bottle cap,Plastic bottle cap,reject,0.529025,0.470975,0.529025,reject,True
images/reject_weak/taco_00532_Disposable_plastic_cup_00245c44.jpg,,reject_weak,reject,weak_reject_category,Disposable plastic cup,Disposable plastic cup,reject,0.644235,0.355765,0.644235,reject,True
images/accept_weak/taco_00533_Cigarette_aa01cd6e.jpg,,accept_weak,accept,weak_accept_category,Cigarette,Cigarette|Paper bag,reject,0.899379,0.100621,0.899379,reject,False
images/reject_weak/taco_00534_Disposable_plastic_cup_25f92989.jpg,,reject_weak,reject,weak_reject_category,Disposable plastic cup,Disposable plastic cup,accept,0.798123,0.798123,0.201877,accept,False
images/accept_weak/taco_00535_Plastic_film_c98ffa9f.jpg,,accept_weak,accept,weak_accept_category,Plastic film,Plastic film,accept,0.620408,0.620408,0.379592,reject,True
images/accept_weak/taco_00536_Other_plastic_wrapper_e2aba4f4.jpg,,accept_weak,accept,weak_accept_category,Other plastic wrapper,Other plastic wrapper,accept,0.588095,0.588095,0.411905,reject,True
images/reject_weak/taco_00537_Drink_can_3900d992.jpg,,reject_weak,reject,weak_reject_category,Drink can,Drink can|Pop tab,reject,0.620251,0.379749,0.620251,reject,True
images/reject_weak/taco_00538_Clear_plastic_bottle_1e43b025.jpg,,reject_weak,reject,weak_reject_category,Clear plastic bottle,Clear plastic bottle|Plastic bottle cap|Aluminium foil,reject,0.664595,0.335405,0.664595,reject,True
images/reject_weak/taco_00539_Glass_bottle_15b9eebf.jpg,,reject_weak,reject,weak_reject_category,Glass bottle,Glass bottle,reject,0.679774,0.320226,0.679774,reject,True
images/reject_weak/taco_00540_Glass_bottle_da178cea.jpg,,reject_weak,reject,weak_reject_category,Glass bottle,Glass bottle,reject,0.522053,0.477947,0.522053,reject,True
images/reject_weak/taco_00541_Metal_bottle_cap_8a6d7638.jpg,,reject_weak,reject,weak_reject_category,Metal bottle cap,Metal bottle cap,reject,0.594241,0.405759,0.594241,reject,True
images/reject_weak/taco_00542_Plastic_straw_754cede4.jpg,,reject_weak,reject,weak_reject_category,Plastic straw,Plastic straw,accept,0.511049,0.511049,0.488951,reject,False
images/reject_weak/taco_00543_Other_plastic_bottle_268362d7.jpg,,reject_weak,reject,weak_reject_category,Other plastic bottle,Other plastic bottle|Plastic bottle cap,accept,0.560188,0.560188,0.439812,reject,False
images/reject_weak/taco_00544_Metal_bottle_cap_aa499c35.jpg,,reject_weak,reject,weak_reject_category,Metal bottle cap,Metal bottle cap|Unlabeled litter,accept,0.580374,0.580374,0.419626,reject,False
images/reject_weak/taco_00545_Metal_bottle_cap_12dcdc6c.jpg,,reject_weak,reject,weak_reject_category,Metal bottle cap,Metal bottle cap,reject,0.507365,0.492635,0.507365,reject,True
images/accept_weak/taco_00546_Cigarette_670b8a5d.jpg,,accept_weak,accept,weak_accept_category,Cigarette,Cigarette,accept,0.573055,0.573055,0.426945,reject,True
images/accept_weak/taco_00548_Cigarette_df5b4df5.jpg,,accept_weak,accept,weak_accept_category,Cigarette,Drink can|Pop tab|Cigarette,reject,0.729237,0.270763,0.729237,reject,False
images/accept_weak/taco_00549_Plastic_film_158d51ed.jpg,,accept_weak,accept,weak_accept_category,Plastic film,Clear plastic bottle|Plastic film,reject,0.738601,0.261399,0.738601,reject,False
images/reject_weak/taco_00550_Broken_glass_19d6cb10.jpg,,reject_weak,reject,weak_reject_category,Broken glass,Broken glass,accept,0.620545,0.620545,0.379455,reject,False
images/reject_weak/taco_00552_Plastic_bottle_cap_bfb4c42f.jpg,,reject_weak,reject,weak_reject_category,Plastic bottle cap,Plastic bottle cap,reject,0.544313,0.455687,0.544313,reject,True
images/accept_weak/taco_00553_Styrofoam_piece_fa615138.jpg,,accept_weak,accept,weak_accept_category,Styrofoam piece,Styrofoam piece,accept,0.561764,0.561764,0.438236,reject,True
images/reject_weak/taco_00554_Other_plastic_0c7f387d.jpg,,reject_weak,reject,weak_reject_category,Other plastic,Other plastic,reject,0.501145,0.498855,0.501145,reject,True
images/reject_weak/taco_00555_Other_plastic_208cfd33.jpg,,reject_weak,reject,weak_reject_category,Other plastic,Other plastic,reject,0.538675,0.461325,0.538675,reject,True
images/reject_weak/taco_00557_Plastic_bottle_cap_389c470b.jpg,,reject_weak,reject,weak_reject_category,Plastic bottle cap,Plastic bottle cap,accept,0.820120,0.820120,0.179880,accept,False
images/accept_weak/taco_00558_Plastic_film_832d1631.jpg,,accept_weak,accept,weak_accept_category,Plastic film,Plastic film,accept,0.588583,0.588583,0.411417,reject,True
images/accept_weak/taco_00559_Styrofoam_piece_33acb63f.jpg,,accept_weak,accept,weak_accept_category,Styrofoam piece,Styrofoam piece,accept,0.563222,0.563222,0.436778,reject,True
images/reject_weak/taco_00560_Other_carton_f15915f4.jpg,,reject_weak,reject,weak_reject_category,Other carton,Other carton,reject,0.574033,0.425967,0.574033,reject,True
images/reject_weak/taco_00561_Other_plastic_e8f9bc06.jpg,,reject_weak,reject,weak_reject_category,Other plastic,Other plastic,accept,0.511170,0.511170,0.488830,reject,False
images/reject_weak/taco_00562_Normal_paper_a7817620.jpg,,reject_weak,reject,weak_reject_category,Normal paper,Normal paper,reject,0.982794,0.017206,0.982794,reject,True
images/accept_weak/taco_00563_Plastic_film_10155ba6.jpg,,accept_weak,accept,weak_accept_category,Plastic film,Plastic film|Other carton,reject,0.567981,0.432019,0.567981,reject,False
images/accept_weak/taco_00565_Plastic_film_e57e6464.jpg,,accept_weak,accept,weak_accept_category,Plastic film,Plastic film,accept,0.630959,0.630959,0.369041,reject,True
images/accept_weak/taco_00566_Other_plastic_wrapper_b14ef60e.jpg,,accept_weak,accept,weak_accept_category,Other plastic wrapper,Other plastic wrapper,accept,0.553831,0.553831,0.446169,reject,True
images/reject_weak/taco_00567_Disposable_plastic_cup_edc86e82.jpg,,reject_weak,reject,weak_reject_category,Disposable plastic cup,Disposable plastic cup,reject,0.500182,0.499818,0.500182,reject,True
images/accept_weak/taco_00568_Other_plastic_wrapper_4ec7e1de.jpg,,accept_weak,accept,weak_accept_category,Other plastic wrapper,Other plastic wrapper|Plastic film,reject,0.679042,0.320958,0.679042,reject,False
images/accept_weak/taco_00569_Other_plastic_wrapper_c2007816.jpg,,accept_weak,accept,weak_accept_category,Other plastic wrapper,Other plastic wrapper,accept,0.734934,0.734934,0.265066,reject,True
images/reject_weak/taco_00570_Drink_can_d6eeca2e.jpg,,reject_weak,reject,weak_reject_category,Drink can,Drink can|Pop tab,reject,0.655283,0.344717,0.655283,reject,True
images/reject_weak/taco_00571_Other_plastic_947bf565.jpg,,reject_weak,reject,weak_reject_category,Other plastic,Other plastic,reject,0.516759,0.483241,0.516759,reject,True
images/reject_weak/taco_00572_Other_carton_b60b025b.jpg,,reject_weak,reject,weak_reject_category,Other carton,Other carton,reject,0.617769,0.382231,0.617769,reject,True
images/reject_weak/taco_00573_Normal_paper_a89200fc.jpg,,reject_weak,reject,weak_reject_category,Normal paper,Normal paper,reject,0.736226,0.263774,0.736226,reject,True
images/reject_weak/taco_00574_Other_plastic_d935cbe2.jpg,,reject_weak,reject,weak_reject_category,Other plastic,Other plastic,reject,0.510129,0.489871,0.510129,reject,True
images/accept_weak/taco_00575_Styrofoam_piece_75dfbefb.jpg,,accept_weak,accept,weak_accept_category,Styrofoam piece,Styrofoam piece,accept,0.548705,0.548705,0.451295,reject,True
images/reject_weak/taco_00576_Metal_bottle_cap_1ce71ef7.jpg,,reject_weak,reject,weak_reject_category,Metal bottle cap,Metal bottle cap,reject,0.512002,0.487998,0.512002,reject,True
images/reject_weak/taco_00578_Other_plastic_bottle_a067e361.jpg,,reject_weak,reject,weak_reject_category,Other plastic bottle,Other plastic bottle|Plastic bottle cap,reject,0.527621,0.472379,0.527621,reject,True
images/reject_weak/taco_00579_Plastic_bottle_cap_2c3b89dd.jpg,,reject_weak,reject,weak_reject_category,Plastic bottle cap,Plastic bottle cap,accept,0.522881,0.522881,0.477119,reject,False
images/reject_weak/taco_00580_Clear_plastic_bottle_fee79482.jpg,,reject_weak,reject,weak_reject_category,Clear plastic bottle,Clear plastic bottle|Drink can|Other plastic,reject,0.529107,0.470893,0.529107,reject,True
images/reject_weak/taco_00581_Other_plastic_43100b91.jpg,,reject_weak,reject,weak_reject_category,Other plastic,Other plastic,reject,0.606245,0.393755,0.606245,reject,True
images/reject_weak/taco_00582_Glass_bottle_7edddce4.jpg,,reject_weak,reject,weak_reject_category,Glass bottle,Glass bottle|Drink can|Scrap metal|Unlabeled litter,reject,0.799740,0.200260,0.799740,reject,True
images/accept_weak/taco_00584_Other_plastic_wrapper_7eab1451.jpg,,accept_weak,accept,weak_accept_category,Other plastic wrapper,Other plastic wrapper|Unlabeled litter,accept,0.518522,0.518522,0.481478,reject,True
images/accept_weak/taco_00585_Other_plastic_wrapper_bf1aba81.jpg,,accept_weak,accept,weak_accept_category,Other plastic wrapper,Other plastic wrapper,accept,0.599242,0.599242,0.400758,reject,True
images/accept_weak/taco_00586_Other_plastic_wrapper_94642d58.jpg,,accept_weak,accept,weak_accept_category,Other plastic wrapper,Other plastic wrapper,reject,0.536281,0.463719,0.536281,reject,False
images/accept_weak/taco_00587_Plastic_film_93fa8e33.jpg,,accept_weak,accept,weak_accept_category,Plastic film,Plastic film,reject,0.557317,0.442683,0.557317,reject,False
images/accept_weak/taco_00588_Other_plastic_wrapper_54985de5.jpg,,accept_weak,accept,weak_accept_category,Other plastic wrapper,Other plastic wrapper|Plastic straw,reject,0.687380,0.312620,0.687380,reject,False
images/accept_weak/taco_00589_Styrofoam_piece_171d59d9.jpg,,accept_weak,accept,weak_accept_category,Styrofoam piece,Other plastic|Styrofoam piece,reject,0.560568,0.439432,0.560568,reject,False
images/accept_weak/taco_00590_Other_plastic_wrapper_522a1d6a.jpg,,accept_weak,accept,weak_accept_category,Other plastic wrapper,Other plastic wrapper,reject,0.530767,0.469233,0.530767,reject,False
images/accept_weak/taco_00591_Other_plastic_wrapper_863e33d5.jpg,,accept_weak,accept,weak_accept_category,Other plastic wrapper,Other plastic wrapper,reject,0.816489,0.183511,0.816489,reject,False
images/reject_weak/taco_00592_Plastic_bottle_cap_eac601f0.jpg,,reject_weak,reject,weak_reject_category,Plastic bottle cap,Plastic bottle cap,accept,0.592296,0.592296,0.407704,reject,False
images/reject_weak/taco_00593_Meal_carton_9e29a93b.jpg,,reject_weak,reject,weak_reject_category,Meal carton,Meal carton,accept,0.518291,0.518291,0.481709,reject,False
images/accept_weak/taco_00594_Other_plastic_wrapper_819c339d.jpg,,accept_weak,accept,weak_accept_category,Other plastic wrapper,Other plastic|Other plastic wrapper|Unlabeled litter,accept,0.545360,0.545360,0.454640,reject,True
images/reject_weak/taco_00595_Other_plastic_bottle_7adcd82c.jpg,,reject_weak,reject,weak_reject_category,Other plastic bottle,Other plastic bottle|Plastic bottle cap|Food Can|Pop tab,accept,0.630715,0.630715,0.369285,reject,False
images/reject_weak/taco_00596_Normal_paper_326a1d50.jpg,,reject_weak,reject,weak_reject_category,Normal paper,Normal paper,accept,0.543091,0.543091,0.456909,reject,False
images/reject_weak/taco_00597_Glass_bottle_890c6c0e.jpg,,reject_weak,reject,weak_reject_category,Glass bottle,Glass bottle,accept,0.536425,0.536425,0.463575,reject,False
images/reject_weak/taco_00598_Broken_glass_a02c0314.jpg,,reject_weak,reject,weak_reject_category,Broken glass,Broken glass,accept,0.503547,0.503547,0.496453,reject,False
images/reject_weak/taco_00600_Plastic_lid_9b3c973f.jpg,,reject_weak,reject,weak_reject_category,Plastic lid,Plastic lid|Unlabeled litter,accept,0.583194,0.583194,0.416806,reject,False
images/reject_weak/taco_00601_Drink_can_dccf28fe.jpg,,reject_weak,reject,weak_reject_category,Drink can,Foam cup|Drink can|Pop tab|Unlabeled litter,accept,0.677393,0.677393,0.322607,reject,False
images/reject_weak/taco_00602_Plastic_bottle_cap_daf22d67.jpg,,reject_weak,reject,weak_reject_category,Plastic bottle cap,Plastic bottle cap,accept,0.547496,0.547496,0.452504,reject,False
images/reject_weak/taco_00603_Paper_cup_a23a0b26.jpg,,reject_weak,reject,weak_reject_category,Paper cup,Paper cup|Plastic straw,accept,0.546399,0.546399,0.453601,reject,False
images/reject_weak/taco_00604_Other_plastic_bottle_2b910c83.jpg,,reject_weak,reject,weak_reject_category,Other plastic bottle,Unlabeled litter|Other plastic bottle,reject,0.515919,0.484081,0.515919,reject,True
images/reject_weak/taco_00605_Glass_bottle_a6d0d0e1.jpg,,reject_weak,reject,weak_reject_category,Glass bottle,Glass bottle|Other plastic,reject,0.575233,0.424767,0.575233,reject,True
images/accept_weak/taco_00606_Single-use_carrier_bag_fb41a41b.jpg,,accept_weak,accept,weak_accept_category,Single-use carrier bag,Single-use carrier bag|Unlabeled litter,accept,0.608449,0.608449,0.391551,reject,True
images/reject_weak/taco_00607_Disposable_plastic_cup_3276a7d8.jpg,,reject_weak,reject,weak_reject_category,Disposable plastic cup,Disposable plastic cup|Plastic lid,accept,0.568552,0.568552,0.431447,reject,False
images/accept_weak/taco_00608_Plastic_film_51c791ab.jpg,,accept_weak,accept,weak_accept_category,Plastic film,Normal paper|Meal carton|Plastic film|Tissues|Other plastic|Unlabeled litter,accept,0.548862,0.548862,0.451138,reject,True
images/reject_weak/taco_00609_Wrapping_paper_6366093b.jpg,,reject_weak,reject,weak_reject_category,Wrapping paper,Wrapping paper,accept,0.579273,0.579273,0.420727,reject,False
images/reject_weak/taco_00610_Other_carton_ef4ef937.jpg,,reject_weak,reject,weak_reject_category,Other carton,Other carton|Unlabeled litter|Other plastic,accept,0.525822,0.525822,0.474178,reject,False
images/reject_weak/taco_00611_Other_plastic_dfe61552.jpg,,reject_weak,reject,weak_reject_category,Other plastic,Other plastic|Paper bag|Unlabeled litter,reject,0.531928,0.468071,0.531928,reject,True
images/accept_weak/taco_00612_Plastic_film_f0c00314.jpg,,accept_weak,accept,weak_accept_category,Plastic film,Plastic film|Cigarette,reject,0.563092,0.436907,0.563092,reject,False
images/accept_weak/taco_00613_Other_plastic_wrapper_9bab0bf8.jpg,,accept_weak,accept,weak_accept_category,Other plastic wrapper,Plastic lid|Other plastic wrapper,accept,0.537753,0.537753,0.462247,reject,True
images/accept_weak/taco_00614_Disposable_food_container_96aa7d40.jpg,,accept_weak,accept,weak_accept_category,Disposable food container,Drink can|Pop tab|Plastic bottle cap|Unlabeled litter|Disposable food container,accept,0.582437,0.582437,0.417563,reject,True
images/accept_weak/taco_00615_Plastic_utensils_ce9d640e.jpg,,accept_weak,accept,weak_accept_category,Plastic utensils,Plastic utensils,accept,0.599642,0.599642,0.400358,reject,True
images/accept_weak/taco_00616_Plastic_film_764753ca.jpg,,accept_weak,accept,weak_accept_category,Plastic film,Glass bottle|Unlabeled litter|Clear plastic bottle|Disposable plastic cup|Plastic bottle cap|Plastic film,accept,0.547750,0.547750,0.452250,reject,True
images/accept_weak/taco_00617_Cigarette_1aec8bfb.jpg,,accept_weak,accept,weak_accept_category,Cigarette,Broken glass|Cigarette,accept,0.567755,0.567755,0.432245,reject,True
images/accept_weak/taco_00618_Cigarette_c1265015.jpg,,accept_weak,accept,weak_accept_category,Cigarette,Clear plastic bottle|Plastic bottle cap|Plastic straw|Cigarette,accept,0.631784,0.631784,0.368216,reject,True
images/reject_weak/taco_00619_Glass_bottle_8424c6d1.jpg,,reject_weak,reject,weak_reject_category,Glass bottle,Glass bottle|Unlabeled litter,reject,0.643841,0.356159,0.643841,reject,True
images/accept_weak/taco_00620_Plastic_utensils_c6207215.jpg,,accept_weak,accept,weak_accept_category,Plastic utensils,Unlabeled litter|Disposable plastic cup|Clear plastic bottle|Plastic utensils,accept,0.600516,0.600516,0.399484,reject,True
images/reject_weak/taco_00621_Drink_can_7ae9c3fa.jpg,,reject_weak,reject,weak_reject_category,Drink can,Drink can|Pop tab|Unlabeled litter,accept,0.508483,0.508483,0.491517,reject,False
images/accept_weak/taco_00622_Styrofoam_piece_c9b464ba.jpg,,accept_weak,accept,weak_accept_category,Styrofoam piece,Styrofoam piece|Other plastic wrapper,accept,0.534720,0.534720,0.465280,reject,True
images/accept_weak/taco_00623_Plastic_film_3ebe8dcd.jpg,,accept_weak,accept,weak_accept_category,Plastic film,Plastic film|Styrofoam piece|Other plastic wrapper|Broken glass|Unlabeled litter,accept,0.605303,0.605303,0.394697,reject,True
images/reject_weak/taco_00624_Wrapping_paper_4ed08531.jpg,,reject_weak,reject,weak_reject_category,Wrapping paper,Wrapping paper|Plastic straw,accept,0.514004,0.514004,0.485996,reject,False
images/accept_weak/taco_00625_Cigarette_7be41cc3.jpg,,accept_weak,accept,weak_accept_category,Cigarette,Pop tab|Other plastic|Unlabeled litter|Cigarette,accept,0.596169,0.596169,0.403831,reject,True
images/accept_weak/taco_00626_Cigarette_edb08358.jpg,,accept_weak,accept,weak_accept_category,Cigarette,Pop tab|Cigarette,reject,0.565565,0.434435,0.565565,reject,False
images/accept_weak/taco_00627_Plastic_film_4f1a1001.jpg,,accept_weak,accept,weak_accept_category,Plastic film,Plastic film|Other plastic,accept,0.570059,0.570059,0.429941,reject,True
images/reject_weak/taco_00628_Plastic_lid_185465a5.jpg,,reject_weak,reject,weak_reject_category,Plastic lid,Plastic lid,reject,0.839965,0.160035,0.839965,reject,True
images/accept_weak/taco_00629_Cigarette_5c94231e.jpg,,accept_weak,accept,weak_accept_category,Cigarette,Plastic straw|Plastic bottle cap|Unlabeled litter|Cigarette|Other plastic|Other plastic wrapper|Wrapping paper,accept,0.543671,0.543671,0.456329,reject,True
images/accept_weak/taco_00630_Plastic_film_e347c3c2.jpg,,accept_weak,accept,weak_accept_category,Plastic film,Plastic film|Plastic bottle cap|Plastic straw|Unlabeled litter|Cigarette|Plastic utensils|Other plastic wrapper|Disposable food container|Tissues,accept,0.618111,0.618111,0.381889,reject,True
images/accept_weak/taco_00631_Cigarette_1a05adf9.jpg,,accept_weak,accept,weak_accept_category,Cigarette,Cigarette|Drink can,reject,0.608501,0.391499,0.608501,reject,False
images/accept_weak/taco_00632_Cigarette_2851659b.jpg,,accept_weak,accept,weak_accept_category,Cigarette,Cigarette|Plastic film|Unlabeled litter,reject,0.771745,0.228255,0.771745,reject,False
images/accept_weak/taco_00633_Plastic_film_14118dc3.jpg,,accept_weak,accept,weak_accept_category,Plastic film,Foam cup|Paper cup|Unlabeled litter|Plastic film,accept,0.561022,0.561022,0.438978,reject,True
images/reject_weak/taco_00634_Plastic_lid_2b5f2819.jpg,,reject_weak,reject,weak_reject_category,Plastic lid,Plastic lid,reject,0.928181,0.071819,0.928181,reject,True
images/reject_weak/taco_00635_Plastic_lid_8f04bcec.jpg,,reject_weak,reject,weak_reject_category,Plastic lid,Plastic lid,reject,0.631450,0.368550,0.631450,reject,True
images/reject_weak/taco_00636_Drink_can_36b8cd12.jpg,,reject_weak,reject,weak_reject_category,Drink can,Drink can|Unlabeled litter,accept,0.675482,0.675482,0.324518,reject,False
images/reject_weak/taco_00637_Paper_cup_bae1acbd.jpg,,reject_weak,reject,weak_reject_category,Paper cup,Paper cup|Plastic lid|Unlabeled litter|Broken glass,reject,0.904250,0.095750,0.904250,reject,True
images/reject_weak/taco_00638_Paper_cup_4a875ae9.jpg,,reject_weak,reject,weak_reject_category,Paper cup,Paper cup,accept,0.718185,0.718185,0.281815,reject,False
images/accept_weak/taco_00639_Plastic_utensils_f66da97a.jpg,,accept_weak,accept,weak_accept_category,Plastic utensils,Plastic utensils|Other plastic|Metal bottle cap,accept,0.589859,0.589859,0.410141,reject,True
images/accept_weak/taco_00640_Other_plastic_wrapper_a0d10422.jpg,,accept_weak,accept,weak_accept_category,Other plastic wrapper,Other plastic wrapper,reject,0.724763,0.275237,0.724763,reject,False
images/reject_weak/taco_00641_Disposable_plastic_cup_0d692e9b.jpg,,reject_weak,reject,weak_reject_category,Disposable plastic cup,Disposable plastic cup,accept,0.576268,0.576268,0.423732,reject,False
images/accept_weak/taco_00642_Tissues_8f7f4c21.jpg,,accept_weak,accept,weak_accept_category,Tissues,Tissues|Cigarette,reject,0.763902,0.236098,0.763902,reject,False
images/reject_weak/taco_00643_Disposable_plastic_cup_19b3aeb8.jpg,,reject_weak,reject,weak_reject_category,Disposable plastic cup,Disposable plastic cup,reject,0.530357,0.469643,0.530357,reject,True
images/reject_weak/taco_00644_Other_plastic_f11d3da7.jpg,,reject_weak,reject,weak_reject_category,Other plastic,Other plastic,reject,0.526898,0.473102,0.526898,reject,True
images/reject_weak/taco_00645_Metal_bottle_cap_f3e48373.jpg,,reject_weak,reject,weak_reject_category,Metal bottle cap,Metal bottle cap,reject,0.633695,0.366305,0.633695,reject,True
images/accept_weak/taco_00646_Styrofoam_piece_733e5f4a.jpg,,accept_weak,accept,weak_accept_category,Styrofoam piece,Styrofoam piece,accept,0.599204,0.599204,0.400796,reject,True
images/reject_weak/taco_00647_Other_plastic_4a6ebff3.jpg,,reject_weak,reject,weak_reject_category,Other plastic,Other plastic,reject,0.603419,0.396581,0.603419,reject,True
images/accept_weak/taco_00648_Other_plastic_wrapper_52f3cca5.jpg,,accept_weak,accept,weak_accept_category,Other plastic wrapper,Other plastic wrapper|Metal bottle cap|Unlabeled litter,reject,0.504132,0.495868,0.504132,reject,False
images/reject_weak/taco_00649_Disposable_plastic_cup_6db27324.jpg,,reject_weak,reject,weak_reject_category,Disposable plastic cup,Disposable plastic cup|Unlabeled litter,reject,0.521783,0.478217,0.521783,reject,True
images/reject_weak/taco_00650_Clear_plastic_bottle_7c34c170.jpg,,reject_weak,reject,weak_reject_category,Clear plastic bottle,Clear plastic bottle|Plastic bottle cap|Plastic straw,reject,0.738442,0.261558,0.738442,reject,True
images/reject_weak/taco_00651_Glass_bottle_7dc700f6.jpg,,reject_weak,reject,weak_reject_category,Glass bottle,Glass bottle,reject,0.778015,0.221985,0.778015,reject,True
images/accept_weak/taco_00652_Plastic_utensils_7386de6a.jpg,,accept_weak,accept,weak_accept_category,Plastic utensils,Plastic utensils|Tissues|Other plastic wrapper,accept,0.650693,0.650693,0.349307,reject,True
images/accept_weak/taco_00653_Other_plastic_wrapper_0600555e.jpg,,accept_weak,accept,weak_accept_category,Other plastic wrapper,Other plastic wrapper|Cigarette|Plastic film|Scrap metal,reject,0.850870,0.149130,0.850870,reject,False
images/reject_weak/taco_00654_Plastic_bottle_cap_8c8cd9f0.jpg,,reject_weak,reject,weak_reject_category,Plastic bottle cap,Plastic bottle cap|Clear plastic bottle,reject,0.898452,0.101548,0.898452,reject,True
images/reject_weak/taco_00655_Plastic_bottle_cap_5b109d2b.jpg,,reject_weak,reject,weak_reject_category,Plastic bottle cap,Plastic bottle cap,accept,0.642242,0.642242,0.357758,reject,False
images/accept_weak/taco_00656_Crisp_packet_4ab8fd1b.jpg,,accept_weak,accept,weak_accept_category,Crisp packet,Crisp packet|Styrofoam piece,accept,0.545301,0.545301,0.454699,reject,True
images/accept_weak/taco_00657_Plastic_film_3c5ab10a.jpg,,accept_weak,accept,weak_accept_category,Plastic film,Clear plastic bottle|Normal paper|Plastic film|Other plastic wrapper|Other plastic,accept,0.590117,0.590117,0.409883,reject,True
images/reject_weak/taco_00658_Clear_plastic_bottle_5008103d.jpg,,reject_weak,reject,weak_reject_category,Clear plastic bottle,Clear plastic bottle|Plastic bottle cap,reject,0.506024,0.493976,0.506024,reject,True
images/accept_weak/taco_00659_Plastic_film_03201b03.jpg,,accept_weak,accept,weak_accept_category,Plastic film,Other carton|Plastic film,reject,0.698140,0.301860,0.698140,reject,False
images/reject_weak/taco_00660_Plastic_straw_793cf4bb.jpg,,reject_weak,reject,weak_reject_category,Plastic straw,Plastic straw,accept,0.813291,0.813291,0.186709,accept,False
images/reject_weak/taco_00661_Plastic_straw_7578d9b1.jpg,,reject_weak,reject,weak_reject_category,Plastic straw,Plastic straw,accept,0.609471,0.609471,0.390529,reject,False
images/accept_weak/taco_00662_Plastic_utensils_a0f1de75.jpg,,accept_weak,accept,weak_accept_category,Plastic utensils,Plastic utensils,accept,0.611035,0.611035,0.388965,reject,True
images/accept_weak/taco_00663_Plastic_film_6f4b50bd.jpg,,accept_weak,accept,weak_accept_category,Plastic film,Clear plastic bottle|Plastic film|Unlabeled litter,reject,0.817554,0.182446,0.817554,reject,False
images/reject_weak/taco_00664_Metal_bottle_cap_7c25e634.jpg,,reject_weak,reject,weak_reject_category,Metal bottle cap,Metal bottle cap|Other plastic,accept,0.616292,0.616292,0.383708,reject,False
images/accept_weak/taco_00665_Foam_food_container_524a5413.jpg,,accept_weak,accept,weak_accept_category,Foam food container,Foam food container|Other plastic|Cigarette|Unlabeled litter,reject,0.811472,0.188528,0.811472,reject,False
images/reject_weak/taco_00666_Drink_can_96ebf173.jpg,,reject_weak,reject,weak_reject_category,Drink can,Drink can|Plastic straw|Pop tab|Other plastic,reject,0.650858,0.349142,0.650858,reject,True
images/accept_weak/taco_00667_Plastic_utensils_f38e875c.jpg,,accept_weak,accept,weak_accept_category,Plastic utensils,Plastic utensils|Other plastic|Broken glass,accept,0.808347,0.808347,0.191653,accept,True
images/reject_weak/taco_00668_Metal_bottle_cap_994a4c3c.jpg,,reject_weak,reject,weak_reject_category,Metal bottle cap,Metal bottle cap,reject,0.542540,0.457460,0.542540,reject,True
images/reject_weak/taco_00669_Metal_bottle_cap_51668eee.jpg,,reject_weak,reject,weak_reject_category,Metal bottle cap,Metal bottle cap,accept,0.513631,0.513631,0.486369,reject,False
images/reject_weak/taco_00670_Plastic_straw_38b2f434.jpg,,reject_weak,reject,weak_reject_category,Plastic straw,Plastic straw,accept,0.572646,0.572646,0.427354,reject,False
images/reject_weak/taco_00671_Plastic_straw_75bf0dcd.jpg,,reject_weak,reject,weak_reject_category,Plastic straw,Plastic straw,accept,0.547181,0.547181,0.452819,reject,False
images/reject_weak/taco_00672_Clear_plastic_bottle_1bfbd375.jpg,,reject_weak,reject,weak_reject_category,Clear plastic bottle,Clear plastic bottle|Plastic bottle cap|Unlabeled litter,accept,0.552833,0.552833,0.447167,reject,False
images/reject_weak/taco_00673_Clear_plastic_bottle_1576e9ae.jpg,,reject_weak,reject,weak_reject_category,Clear plastic bottle,Clear plastic bottle,accept,0.617238,0.617238,0.382762,reject,False
images/accept_weak/taco_00674_Garbage_bag_840d2134.jpg,,accept_weak,accept,weak_accept_category,Garbage bag,Foam cup|Garbage bag,accept,0.506404,0.506404,0.493596,reject,True
images/accept_weak/taco_00675_Other_plastic_wrapper_a9400688.jpg,,accept_weak,accept,weak_accept_category,Other plastic wrapper,Other plastic wrapper|Plastic film,accept,0.603210,0.603210,0.396790,reject,True
images/accept_weak/taco_00676_Plastic_film_00e73379.jpg,,accept_weak,accept,weak_accept_category,Plastic film,Plastic film,accept,0.667048,0.667048,0.332952,reject,True
images/reject_weak/taco_00677_Drink_can_d9782c34.jpg,,reject_weak,reject,weak_reject_category,Drink can,Drink can|Paper bag|Pop tab|Disposable plastic cup|Normal paper,reject,0.575051,0.424949,0.575051,reject,True
images/reject_weak/taco_00678_Paper_cup_6cfdc318.jpg,,reject_weak,reject,weak_reject_category,Paper cup,Paper cup|Plastic lid,reject,0.666408,0.333592,0.666408,reject,True
images/reject_weak/taco_00679_Drink_can_da23ce61.jpg,,reject_weak,reject,weak_reject_category,Drink can,Drink can|Plastic straw|Other plastic bottle|Paper bag,reject,0.589010,0.410990,0.589010,reject,True
images/accept_weak/taco_00680_Other_plastic_wrapper_c2fca5be.jpg,,accept_weak,accept,weak_accept_category,Other plastic wrapper,Other plastic wrapper,reject,0.550456,0.449544,0.550456,reject,False
images/accept_weak/taco_00681_Cigarette_3729ac3d.jpg,,accept_weak,accept,weak_accept_category,Cigarette,Plastic straw|Cigarette,accept,0.644410,0.644410,0.355590,reject,True
images/accept_weak/taco_00682_Other_plastic_wrapper_88f564d1.jpg,,accept_weak,accept,weak_accept_category,Other plastic wrapper,Other plastic wrapper,accept,0.722313,0.722313,0.277687,reject,True
images/reject_weak/taco_00683_Normal_paper_80afcdb7.jpg,,reject_weak,reject,weak_reject_category,Normal paper,Normal paper,accept,0.600987,0.600987,0.399013,reject,False
images/reject_weak/taco_00684_Paper_cup_67867c54.jpg,,reject_weak,reject,weak_reject_category,Paper cup,Paper cup,accept,0.509787,0.509787,0.490213,reject,False
images/accept_weak/taco_00685_Tissues_ebc6122b.jpg,,accept_weak,accept,weak_accept_category,Tissues,Glass bottle|Tissues,reject,0.501869,0.498131,0.501869,reject,False
images/reject_weak/taco_00686_Other_plastic_bottle_5360902e.jpg,,reject_weak,reject,weak_reject_category,Other plastic bottle,Other plastic bottle|Plastic bottle cap,reject,0.892919,0.107081,0.892919,reject,True
images/accept_weak/taco_00687_Other_plastic_wrapper_267be5e5.jpg,,accept_weak,accept,weak_accept_category,Other plastic wrapper,Glass bottle|Other plastic wrapper,reject,0.508469,0.491531,0.508469,reject,False
images/accept_weak/taco_00688_Disposable_food_container_8121a203.jpg,,accept_weak,accept,weak_accept_category,Disposable food container,Disposable food container|Other plastic wrapper,reject,0.991466,0.008534,0.991466,reject,False
images/accept_weak/taco_00689_Crisp_packet_24ae7c53.jpg,,accept_weak,accept,weak_accept_category,Crisp packet,Crisp packet|Other plastic wrapper|Garbage bag|Normal paper|Other carton|Meal carton|Plastic film,reject,0.811092,0.188907,0.811092,reject,False
images/accept_weak/taco_00690_Crisp_packet_cb56e7c4.jpg,,accept_weak,accept,weak_accept_category,Crisp packet,Crisp packet,accept,0.541538,0.541538,0.458462,reject,True
images/accept_weak/taco_00691_Cigarette_dd342d6d.jpg,,accept_weak,accept,weak_accept_category,Cigarette,Drink can|Cigarette,accept,0.503178,0.503178,0.496822,reject,True
images/reject_weak/taco_00692_Other_carton_d1ebeed3.jpg,,reject_weak,reject,weak_reject_category,Other carton,Other carton,reject,0.832594,0.167406,0.832594,reject,True
images/reject_weak/taco_00693_Paper_cup_600fdd59.jpg,,reject_weak,reject,weak_reject_category,Paper cup,Paper cup|Plastic lid|Paper straw,reject,0.725343,0.274657,0.725343,reject,True
images/accept_weak/taco_00694_Disposable_food_container_195706cf.jpg,,accept_weak,accept,weak_accept_category,Disposable food container,Plastic lid|Disposable food container|Plastic film|Unlabeled litter,reject,0.906499,0.093501,0.906499,reject,False
images/reject_weak/taco_00695_Meal_carton_e16a4f97.jpg,,reject_weak,reject,weak_reject_category,Meal carton,Meal carton,accept,0.568702,0.568702,0.431298,reject,False
images/accept_weak/taco_00696_Other_plastic_wrapper_0e154d41.jpg,,accept_weak,accept,weak_accept_category,Other plastic wrapper,Other plastic wrapper|Cigarette,accept,0.739640,0.739640,0.260360,reject,True
images/reject_weak/taco_00697_Other_carton_286ff31a.jpg,,reject_weak,reject,weak_reject_category,Other carton,Other carton,reject,0.535344,0.464656,0.535344,reject,True
images/accept_weak/taco_00698_Crisp_packet_a5dc8621.jpg,,accept_weak,accept,weak_accept_category,Crisp packet,Crisp packet,reject,0.530797,0.469203,0.530797,reject,False
images/reject_weak/taco_00699_Wrapping_paper_84933c35.jpg,,reject_weak,reject,weak_reject_category,Wrapping paper,Wrapping paper,reject,0.649552,0.350448,0.649552,reject,True
images/reject_weak/taco_00700_Clear_plastic_bottle_1ee04dd3.jpg,,reject_weak,reject,weak_reject_category,Clear plastic bottle,Clear plastic bottle,accept,0.531688,0.531688,0.468312,reject,False
images/reject_weak/taco_00701_Clear_plastic_bottle_25f390e6.jpg,,reject_weak,reject,weak_reject_category,Clear plastic bottle,Clear plastic bottle,reject,0.783576,0.216424,0.783576,reject,True
images/accept_weak/taco_00702_Other_plastic_wrapper_2a34a50f.jpg,,accept_weak,accept,weak_accept_category,Other plastic wrapper,Other plastic wrapper,accept,0.515330,0.515330,0.484670,reject,True
images/reject_weak/taco_00703_Disposable_plastic_cup_b0fc45cf.jpg,,reject_weak,reject,weak_reject_category,Disposable plastic cup,Disposable plastic cup|Plastic lid|Plastic straw,reject,0.741630,0.258370,0.741630,reject,True
images/reject_weak/taco_00704_Plastic_bottle_cap_23688bd7.jpg,,reject_weak,reject,weak_reject_category,Plastic bottle cap,Plastic bottle cap|Food waste|Unlabeled litter|Normal paper,reject,0.517598,0.482402,0.517598,reject,True
images/accept_weak/taco_00705_Crisp_packet_6ecf01c5.jpg,,accept_weak,accept,weak_accept_category,Crisp packet,Crisp packet|Garbage bag,reject,0.742104,0.257896,0.742104,reject,False
images/reject_weak/taco_00706_Metal_bottle_cap_184f9c05.jpg,,reject_weak,reject,weak_reject_category,Metal bottle cap,Metal bottle cap|Glass bottle,reject,0.778758,0.221242,0.778758,reject,True
images/reject_weak/taco_00707_Glass_bottle_286ba923.jpg,,reject_weak,reject,weak_reject_category,Glass bottle,Glass bottle|Unlabeled litter,reject,0.911736,0.088264,0.911736,reject,True
images/accept_weak/taco_00708_Crisp_packet_a46753af.jpg,,accept_weak,accept,weak_accept_category,Crisp packet,Drink can|Paper cup|Unlabeled litter|Crisp packet,accept,0.720359,0.720359,0.279641,reject,True
images/reject_weak/taco_00709_Drink_can_d4336edc.jpg,,reject_weak,reject,weak_reject_category,Drink can,Drink can,reject,0.677204,0.322796,0.677204,reject,True
images/reject_weak/taco_00710_Drink_can_08a8ba07.jpg,,reject_weak,reject,weak_reject_category,Drink can,Drink can,accept,0.504483,0.504483,0.495517,reject,False
images/accept_weak/taco_00711_Foam_food_container_49ae4c4e.jpg,,accept_weak,accept,weak_accept_category,Foam food container,Foam food container,accept,0.630394,0.630394,0.369606,reject,True
images/accept_weak/taco_00712_Foam_food_container_51dca26f.jpg,,accept_weak,accept,weak_accept_category,Foam food container,Foam food container|Tissues,reject,0.894454,0.105546,0.894454,reject,False
images/accept_weak/taco_00713_Cigarette_3eed0af1.jpg,,accept_weak,accept,weak_accept_category,Cigarette,Drink can|Unlabeled litter|Cigarette,accept,0.586917,0.586917,0.413083,reject,True
images/accept_weak/taco_00714_Cigarette_e3d7a8e7.jpg,,accept_weak,accept,weak_accept_category,Cigarette,Glass bottle|Cigarette,accept,0.639734,0.639734,0.360266,reject,True
images/accept_weak/taco_00715_Other_plastic_wrapper_7fee6495.jpg,,accept_weak,accept,weak_accept_category,Other plastic wrapper,Drink can|Other plastic wrapper|Plastic film|Other carton,accept,0.626706,0.626706,0.373294,reject,True
images/accept_weak/taco_00716_Cigarette_c0b0c92d.jpg,,accept_weak,accept,weak_accept_category,Cigarette,Clear plastic bottle|Cigarette,accept,0.610580,0.610580,0.389420,reject,True
images/reject_weak/taco_00717_Clear_plastic_bottle_903495b2.jpg,,reject_weak,reject,weak_reject_category,Clear plastic bottle,Clear plastic bottle|Unlabeled litter,accept,0.701734,0.701734,0.298266,reject,False
images/accept_weak/taco_00718_Cigarette_5683a037.jpg,,accept_weak,accept,weak_accept_category,Cigarette,Disposable plastic cup|Other plastic|Cigarette,accept,0.513667,0.513667,0.486333,reject,True
images/reject_weak/taco_00719_Drink_can_64b245b8.jpg,,reject_weak,reject,weak_reject_category,Drink can,Drink can|Unlabeled litter,accept,0.615075,0.615075,0.384925,reject,False
images/reject_weak/taco_00720_Disposable_plastic_cup_54a4f7ba.jpg,,reject_weak,reject,weak_reject_category,Disposable plastic cup,Disposable plastic cup,reject,0.516899,0.483101,0.516899,reject,True
images/reject_weak/taco_00721_Drink_can_da200dc7.jpg,,reject_weak,reject,weak_reject_category,Drink can,Drink can|Pop tab,accept,0.587857,0.587857,0.412143,reject,False
images/accept_weak/taco_00722_Cigarette_50973b63.jpg,,accept_weak,accept,weak_accept_category,Cigarette,Drink can|Cigarette,accept,0.579551,0.579551,0.420449,reject,True
images/reject_weak/taco_00723_Drink_can_89a0b19f.jpg,,reject_weak,reject,weak_reject_category,Drink can,Drink can,reject,0.649482,0.350518,0.649482,reject,True
images/accept_weak/taco_00724_Cigarette_f96605c2.jpg,,accept_weak,accept,weak_accept_category,Cigarette,Clear plastic bottle|Plastic bottle cap|Cigarette,accept,0.769708,0.769708,0.230292,accept,True
images/reject_weak/taco_00725_Drink_can_4cb996d2.jpg,,reject_weak,reject,weak_reject_category,Drink can,Drink can,accept,0.647817,0.647817,0.352183,reject,False
images/reject_weak/taco_00726_Paper_cup_352aa57d.jpg,,reject_weak,reject,weak_reject_category,Paper cup,Paper cup|Drink can,accept,0.567814,0.567814,0.432186,reject,False
images/accept_weak/taco_00727_Cigarette_514c7f8a.jpg,,accept_weak,accept,weak_accept_category,Cigarette,Drink can|Pop tab|Unlabeled litter|Cigarette,accept,0.544979,0.544979,0.455021,reject,True
images/accept_weak/taco_00728_Cigarette_e83fbfb3.jpg,,accept_weak,accept,weak_accept_category,Cigarette,Disposable plastic cup|Plastic straw|Plastic lid|Cigarette,accept,0.867603,0.867603,0.132397,accept,True
images/reject_weak/taco_00729_Clear_plastic_bottle_3aae95c7.jpg,,reject_weak,reject,weak_reject_category,Clear plastic bottle,Clear plastic bottle|Plastic bottle cap,accept,0.734802,0.734802,0.265198,reject,False
images/accept_weak/taco_00730_Cigarette_4d0c5a30.jpg,,accept_weak,accept,weak_accept_category,Cigarette,Plastic straw|Normal paper|Cigarette,accept,0.973787,0.973787,0.026213,accept,True
images/reject_weak/taco_00731_Plastic_straw_f6c01a0b.jpg,,reject_weak,reject,weak_reject_category,Plastic straw,Plastic straw|Metal bottle cap,accept,0.542167,0.542167,0.457833,reject,False
images/accept_weak/taco_00732_Plastic_film_cecfafa2.jpg,,accept_weak,accept,weak_accept_category,Plastic film,Six pack rings|Plastic lid|Plastic film|Unlabeled litter|Aluminium foil,accept,0.575304,0.575304,0.424696,reject,True
images/reject_weak/taco_00733_Plastic_lid_e8d8e4f4.jpg,,reject_weak,reject,weak_reject_category,Plastic lid,Plastic lid,accept,0.525335,0.525335,0.474665,reject,False
images/accept_weak/taco_00734_Crisp_packet_d39ee126.jpg,,accept_weak,accept,weak_accept_category,Crisp packet,Crisp packet,accept,0.780491,0.780491,0.219509,accept,True
images/accept_weak/taco_00735_Other_plastic_wrapper_9daef8d0.jpg,,accept_weak,accept,weak_accept_category,Other plastic wrapper,Other plastic wrapper,accept,0.572264,0.572264,0.427736,reject,True
images/accept_weak/taco_00736_Other_plastic_wrapper_a240211c.jpg,,accept_weak,accept,weak_accept_category,Other plastic wrapper,Other plastic wrapper,accept,0.730635,0.730635,0.269365,reject,True
images/reject_weak/taco_00737_Disposable_plastic_cup_66fb1703.jpg,,reject_weak,reject,weak_reject_category,Disposable plastic cup,Disposable plastic cup|Other plastic|Normal paper,accept,0.761416,0.761416,0.238584,accept,False
images/reject_weak/taco_00739_Other_plastic_230cb631.jpg,,reject_weak,reject,weak_reject_category,Other plastic,Other plastic,accept,0.624607,0.624607,0.375393,reject,False
images/reject_weak/taco_00740_Metal_bottle_cap_ac1bde40.jpg,,reject_weak,reject,weak_reject_category,Metal bottle cap,Metal bottle cap,reject,0.747847,0.252153,0.747847,reject,True
images/reject_weak/taco_00741_Metal_bottle_cap_302840bf.jpg,,reject_weak,reject,weak_reject_category,Metal bottle cap,Metal bottle cap,reject,0.705643,0.294357,0.705643,reject,True
images/reject_weak/taco_00742_Normal_paper_a3501bd3.jpg,,reject_weak,reject,weak_reject_category,Normal paper,Normal paper,reject,0.625326,0.374674,0.625326,reject,True
images/accept_weak/taco_00743_Plastic_film_b1ef5f03.jpg,,accept_weak,accept,weak_accept_category,Plastic film,Plastic film|Cigarette,accept,0.644357,0.644357,0.355643,reject,True
images/accept_weak/taco_00744_Other_plastic_wrapper_ea900d4c.jpg,,accept_weak,accept,weak_accept_category,Other plastic wrapper,Other plastic wrapper,accept,0.553300,0.553300,0.446700,reject,True
images/reject_weak/taco_00745_Corrugated_carton_d879175b.jpg,,reject_weak,reject,weak_reject_category,Corrugated carton,Corrugated carton|Aluminium foil,accept,0.518844,0.518844,0.481156,reject,False
images/reject_weak/taco_00746_Other_carton_77d9be49.jpg,,reject_weak,reject,weak_reject_category,Other carton,Other carton,reject,0.550501,0.449499,0.550501,reject,True
images/accept_weak/taco_00747_Crisp_packet_a9a93105.jpg,,accept_weak,accept,weak_accept_category,Crisp packet,Crisp packet,accept,0.720096,0.720096,0.279904,reject,True
images/reject_weak/taco_00748_Plastic_straw_034c0306.jpg,,reject_weak,reject,weak_reject_category,Plastic straw,Plastic straw,accept,0.633677,0.633677,0.366323,reject,False
images/reject_weak/taco_00749_Plastic_bottle_cap_62584f3a.jpg,,reject_weak,reject,weak_reject_category,Plastic bottle cap,Plastic bottle cap,accept,0.580624,0.580624,0.419376,reject,False
images/accept_weak/taco_00750_Plastic_film_82d0f31f.jpg,,accept_weak,accept,weak_accept_category,Plastic film,Meal carton|Plastic film|Other plastic wrapper,reject,0.876521,0.123479,0.876521,reject,False
images/reject_weak/taco_00751_Glass_bottle_d8e018ca.jpg,,reject_weak,reject,weak_reject_category,Glass bottle,Glass bottle|Plastic straw|Unlabeled litter,reject,0.579901,0.420099,0.579901,reject,True
images/accept_weak/taco_00752_Cigarette_e5848666.jpg,,accept_weak,accept,weak_accept_category,Cigarette,Drink can|Cigarette,accept,0.775237,0.775237,0.224763,accept,True
images/accept_weak/taco_00753_Cigarette_94f7f8c9.jpg,,accept_weak,accept,weak_accept_category,Cigarette,Clear plastic bottle|Metal bottle cap|Cigarette,reject,0.616917,0.383083,0.616917,reject,False
images/reject_weak/taco_00754_Paper_bag_1544f8ab.jpg,,reject_weak,reject,weak_reject_category,Paper bag,Paper bag|Shoe,accept,0.646037,0.646037,0.353963,reject,False
images/accept_weak/taco_00755_Cigarette_1ff36e45.jpg,,accept_weak,accept,weak_accept_category,Cigarette,Other carton|Other plastic bottle|Shoe|Cigarette,accept,0.795490,0.795490,0.204510,accept,True
images/accept_weak/taco_00756_Cigarette_193ec1a7.jpg,,accept_weak,accept,weak_accept_category,Cigarette,Drink can|Unlabeled litter|Cigarette,accept,0.673741,0.673741,0.326259,reject,True
images/accept_weak/taco_00757_Crisp_packet_b35df66d.jpg,,accept_weak,accept,weak_accept_category,Crisp packet,Crisp packet|Cigarette,accept,0.526298,0.526298,0.473702,reject,True
images/accept_weak/taco_00758_Plastic_film_0b7273de.jpg,,accept_weak,accept,weak_accept_category,Plastic film,Glass bottle|Unlabeled litter|Plastic film|Cigarette,accept,0.856219,0.856219,0.143781,accept,True
images/reject_weak/taco_00759_Other_carton_2cc88bcd.jpg,,reject_weak,reject,weak_reject_category,Other carton,Other carton,accept,0.537931,0.537931,0.462069,reject,False
images/reject_weak/taco_00760_Plastic_straw_63bbc886.jpg,,reject_weak,reject,weak_reject_category,Plastic straw,Plastic straw,accept,0.547286,0.547286,0.452714,reject,False
images/reject_weak/taco_00761_Drink_can_7e8af2fb.jpg,,reject_weak,reject,weak_reject_category,Drink can,Drink can|Pop tab,reject,0.896511,0.103489,0.896511,reject,True
images/accept_weak/taco_00762_Other_plastic_wrapper_05c1fcfc.jpg,,accept_weak,accept,weak_accept_category,Other plastic wrapper,Other plastic wrapper,accept,0.545806,0.545806,0.454194,reject,True
images/accept_weak/taco_00763_Foam_food_container_8e8387ec.jpg,,accept_weak,accept,weak_accept_category,Foam food container,Foam food container|Plastic film|Normal paper|Cigarette,accept,0.552879,0.552879,0.447121,reject,True
images/accept_weak/taco_00764_Cigarette_195812bd.jpg,,accept_weak,accept,weak_accept_category,Cigarette,Drink can|Clear plastic bottle|Glass bottle|Disposable plastic cup|Plastic lid|Plastic straw|Cigarette,accept,0.625715,0.625715,0.374285,reject,True
images/reject_weak/taco_00765_Clear_plastic_bottle_ac970196.jpg,,reject_weak,reject,weak_reject_category,Clear plastic bottle,Clear plastic bottle|Plastic bottle cap,accept,0.628240,0.628240,0.371760,reject,False
images/accept_weak/taco_00766_Plastic_film_a70262b7.jpg,,accept_weak,accept,weak_accept_category,Plastic film,Plastic film,accept,0.543208,0.543208,0.456792,reject,True
images/accept_weak/taco_00767_Plastic_film_e21e62cd.jpg,,accept_weak,accept,weak_accept_category,Plastic film,Plastic film,reject,0.536230,0.463770,0.536230,reject,False
images/accept_weak/taco_00768_Other_plastic_wrapper_845d6d15.jpg,,accept_weak,accept,weak_accept_category,Other plastic wrapper,Other plastic wrapper,reject,0.691013,0.308987,0.691013,reject,False
images/accept_weak/taco_00769_Other_plastic_wrapper_b8e650be.jpg,,accept_weak,accept,weak_accept_category,Other plastic wrapper,Other plastic wrapper,accept,0.567212,0.567212,0.432788,reject,True
images/reject_weak/taco_00770_Plastic_bottle_cap_73a98749.jpg,,reject_weak,reject,weak_reject_category,Plastic bottle cap,Plastic bottle cap,accept,0.569443,0.569443,0.430557,reject,False
images/accept_weak/taco_00771_Crisp_packet_17c5646f.jpg,,accept_weak,accept,weak_accept_category,Crisp packet,Crisp packet,reject,0.692798,0.307202,0.692798,reject,False
images/accept_weak/taco_00772_Crisp_packet_5ad6bcb6.jpg,,accept_weak,accept,weak_accept_category,Crisp packet,Crisp packet,reject,0.544069,0.455931,0.544069,reject,False
images/accept_weak/taco_00773_Plastic_film_f0d2bec9.jpg,,accept_weak,accept,weak_accept_category,Plastic film,Meal carton|Plastic film,reject,0.554613,0.445387,0.554613,reject,False
images/reject_weak/taco_00774_Meal_carton_3580198d.jpg,,reject_weak,reject,weak_reject_category,Meal carton,Meal carton,accept,0.510302,0.510302,0.489698,reject,False
images/accept_weak/taco_00775_Cigarette_6d547191.jpg,,accept_weak,accept,weak_accept_category,Cigarette,Drink can|Cigarette,accept,0.518512,0.518512,0.481488,reject,True
images/accept_weak/taco_00776_Single-use_carrier_bag_54f711e2.jpg,,accept_weak,accept,weak_accept_category,Single-use carrier bag,Single-use carrier bag,reject,0.622144,0.377856,0.622144,reject,False
images/accept_weak/taco_00777_Other_plastic_wrapper_716eefd9.jpg,,accept_weak,accept,weak_accept_category,Other plastic wrapper,Other plastic wrapper|Cigarette,accept,0.807505,0.807505,0.192495,accept,True
images/accept_weak/taco_00778_Cigarette_f19ddced.jpg,,accept_weak,accept,weak_accept_category,Cigarette,Pop tab|Cigarette,accept,0.758039,0.758039,0.241961,reject,True
images/reject_weak/taco_00779_Drink_can_21550462.jpg,,reject_weak,reject,weak_reject_category,Drink can,Drink can,accept,0.656216,0.656216,0.343784,reject,False
images/reject_weak/taco_00780_Drink_can_8a7ccebe.jpg,,reject_weak,reject,weak_reject_category,Drink can,Drink can|Pop tab,reject,0.926990,0.073010,0.926990,reject,True
images/accept_weak/taco_00781_Other_plastic_wrapper_86096650.jpg,,accept_weak,accept,weak_accept_category,Other plastic wrapper,Other plastic wrapper|Cigarette,accept,0.618187,0.618187,0.381812,reject,True
images/reject_weak/taco_00782_Clear_plastic_bottle_a90a39f7.jpg,,reject_weak,reject,weak_reject_category,Clear plastic bottle,Clear plastic bottle|Plastic bottle cap,accept,0.512196,0.512196,0.487804,reject,False
images/reject_weak/taco_00783_Disposable_plastic_cup_2cb8fee5.jpg,,reject_weak,reject,weak_reject_category,Disposable plastic cup,Disposable plastic cup|Glass bottle|Scrap metal,accept,0.541578,0.541578,0.458422,reject,False
images/reject_weak/taco_00784_Clear_plastic_bottle_e2c468db.jpg,,reject_weak,reject,weak_reject_category,Clear plastic bottle,Clear plastic bottle|Plastic bottle cap|Drink can|Pop tab,reject,0.538643,0.461357,0.538643,reject,True
images/reject_weak/taco_00785_Drink_can_00302a53.jpg,,reject_weak,reject,weak_reject_category,Drink can,Drink can|Unlabeled litter,accept,0.613248,0.613248,0.386752,reject,False
images/reject_weak/taco_00786_Drink_can_981d1f82.jpg,,reject_weak,reject,weak_reject_category,Drink can,Drink can,accept,0.562105,0.562105,0.437895,reject,False
images/accept_weak/taco_00787_Plastic_utensils_b748700c.jpg,,accept_weak,accept,weak_accept_category,Plastic utensils,Plastic utensils|Meal carton,reject,0.521216,0.478784,0.521216,reject,False
images/accept_weak/taco_00788_Plastic_utensils_c1481733.jpg,,accept_weak,accept,weak_accept_category,Plastic utensils,Plastic utensils|Unlabeled litter|Cigarette,accept,0.628458,0.628458,0.371542,reject,True
images/accept_weak/taco_00789_Tissues_84635535.jpg,,accept_weak,accept,weak_accept_category,Tissues,Tissues|Clear plastic bottle,accept,0.551336,0.551336,0.448664,reject,True
images/reject_weak/taco_00790_Plastic_lid_c2b035bf.jpg,,reject_weak,reject,weak_reject_category,Plastic lid,Unlabeled litter|Plastic lid,accept,0.623812,0.623812,0.376188,reject,False
images/accept_weak/taco_00791_Crisp_packet_2bc3e2f0.jpg,,accept_weak,accept,weak_accept_category,Crisp packet,Crisp packet,reject,0.708979,0.291021,0.708979,reject,False
images/accept_weak/taco_00792_Crisp_packet_dcf089a7.jpg,,accept_weak,accept,weak_accept_category,Crisp packet,Crisp packet,reject,0.946247,0.053753,0.946247,reject,False
images/reject_weak/taco_00793_Glass_bottle_85c32763.jpg,,reject_weak,reject,weak_reject_category,Glass bottle,Glass bottle,accept,0.582172,0.582172,0.417828,reject,False
images/reject_weak/taco_00794_Clear_plastic_bottle_e68af571.jpg,,reject_weak,reject,weak_reject_category,Clear plastic bottle,Clear plastic bottle,accept,0.648815,0.648815,0.351185,reject,False
images/reject_weak/taco_00795_Other_carton_b470f6dd.jpg,,reject_weak,reject,weak_reject_category,Other carton,Other carton,reject,0.875929,0.124071,0.875929,reject,True
images/accept_weak/taco_00796_Other_plastic_wrapper_1a14307d.jpg,,accept_weak,accept,weak_accept_category,Other plastic wrapper,Other carton|Other plastic wrapper,reject,0.542436,0.457564,0.542436,reject,False
images/reject_weak/taco_00797_Food_Can_e22a1e45.jpg,,reject_weak,reject,weak_reject_category,Food Can,Food Can|Pop tab|Glass jar|Metal lid,reject,0.716198,0.283802,0.716198,reject,True
images/accept_weak/taco_00798_Other_plastic_wrapper_98c4472f.jpg,,accept_weak,accept,weak_accept_category,Other plastic wrapper,Other plastic wrapper,accept,0.767989,0.767989,0.232011,accept,True
images/accept_weak/taco_00799_Plastic_film_e7b962b5.jpg,,accept_weak,accept,weak_accept_category,Plastic film,Plastic film,reject,0.774698,0.225302,0.774698,reject,False
images/reject_weak/taco_00800_Aerosol_85e3aa01.jpg,,reject_weak,reject,weak_reject_category,Aerosol,Aerosol|Plastic lid,reject,0.976036,0.023964,0.976036,reject,True
images/reject_weak/taco_00801_Pop_tab_62cc1a3c.jpg,,reject_weak,reject,weak_reject_category,Pop tab,Pop tab,accept,0.507763,0.507763,0.492236,reject,False
images/reject_weak/taco_00802_Meal_carton_f8dd4ed9.jpg,,reject_weak,reject,weak_reject_category,Meal carton,Meal carton,reject,0.796297,0.203703,0.796297,reject,True
images/reject_weak/taco_00803_Other_plastic_bottle_fcb20204.jpg,,reject_weak,reject,weak_reject_category,Other plastic bottle,Other plastic bottle|Clear plastic bottle|Plastic bottle cap,reject,0.552959,0.447041,0.552959,reject,True
images/reject_weak/taco_00804_Disposable_plastic_cup_53836f1b.jpg,,reject_weak,reject,weak_reject_category,Disposable plastic cup,Disposable plastic cup|Paper cup|Plastic lid|Drink can|Unlabeled litter|Plastic straw,reject,0.574408,0.425592,0.574408,reject,True
images/reject_weak/taco_00805_Drink_can_c01c0654.jpg,,reject_weak,reject,weak_reject_category,Drink can,Drink can|Pop tab,accept,0.571661,0.571661,0.428339,reject,False
images/reject_weak/taco_00806_Disposable_plastic_cup_a4a10d45.jpg,,reject_weak,reject,weak_reject_category,Disposable plastic cup,Disposable plastic cup,accept,0.538014,0.538014,0.461986,reject,False
images/reject_weak/taco_00807_Drink_can_34c80179.jpg,,reject_weak,reject,weak_reject_category,Drink can,Drink can,accept,0.510390,0.510390,0.489610,reject,False
images/reject_weak/taco_00808_Drink_can_6ef88af7.jpg,,reject_weak,reject,weak_reject_category,Drink can,Drink can,accept,0.589711,0.589711,0.410289,reject,False
images/accept_weak/taco_00809_Disposable_food_container_c51e3b93.jpg,,accept_weak,accept,weak_accept_category,Disposable food container,Disposable food container|Cigarette,reject,0.537979,0.462021,0.537979,reject,False
images/accept_weak/taco_00810_Cigarette_7a16b6e1.jpg,,accept_weak,accept,weak_accept_category,Cigarette,Plastic lid|Cigarette,reject,0.876574,0.123427,0.876574,reject,False
images/reject_weak/taco_00811_Paper_cup_0b0985f0.jpg,,reject_weak,reject,weak_reject_category,Paper cup,Paper cup,accept,0.522852,0.522852,0.477148,reject,False
images/reject_weak/taco_00812_Other_carton_6de2cefd.jpg,,reject_weak,reject,weak_reject_category,Other carton,Other carton,reject,0.771756,0.228244,0.771756,reject,True
images/accept_weak/taco_00813_Plastic_film_ff9af0d7.jpg,,accept_weak,accept,weak_accept_category,Plastic film,Plastic film,accept,0.632179,0.632179,0.367821,reject,True
images/accept_weak/taco_00814_Plastic_film_e8dd9cf3.jpg,,accept_weak,accept,weak_accept_category,Plastic film,Plastic film,reject,0.541423,0.458577,0.541423,reject,False
images/accept_weak/taco_00815_Plastic_film_cb790ea4.jpg,,accept_weak,accept,weak_accept_category,Plastic film,Plastic film|Crisp packet|Tissues,reject,0.770340,0.229660,0.770340,reject,False
images/accept_weak/taco_00816_Cigarette_0c819024.jpg,,accept_weak,accept,weak_accept_category,Cigarette,Meal carton|Aluminium foil|Plastic bottle cap|Cigarette,accept,0.607635,0.607635,0.392365,reject,True
images/accept_weak/taco_00817_Plastic_film_cdb81850.jpg,,accept_weak,accept,weak_accept_category,Plastic film,Other carton|Plastic film,reject,0.978933,0.021067,0.978933,reject,False
images/reject_weak/taco_00818_Drink_can_310a8ce8.jpg,,reject_weak,reject,weak_reject_category,Drink can,Drink can|Pop tab,reject,0.956617,0.043383,0.956617,reject,True
images/accept_weak/taco_00819_Plastic_film_b01333a4.jpg,,accept_weak,accept,weak_accept_category,Plastic film,Plastic film,accept,0.528372,0.528372,0.471628,reject,True
images/accept_weak/taco_00820_Plastic_film_3a93f4d7.jpg,,accept_weak,accept,weak_accept_category,Plastic film,Plastic film|Corrugated carton,reject,0.988724,0.011276,0.988724,reject,False
images/reject_weak/taco_00821_Corrugated_carton_eef5f685.jpg,,reject_weak,reject,weak_reject_category,Corrugated carton,Corrugated carton|Other carton,reject,0.993715,0.006285,0.993715,reject,True
images/accept_weak/taco_00822_Disposable_food_container_341eb6e4.jpg,,accept_weak,accept,weak_accept_category,Disposable food container,Disposable food container|Plastic film,reject,0.540982,0.459018,0.540982,reject,False
images/accept_weak/taco_00823_Plastic_film_df6ff875.jpg,,accept_weak,accept,weak_accept_category,Plastic film,Other carton|Plastic film,reject,0.841480,0.158520,0.841480,reject,False
images/accept_weak/taco_00824_Plastic_film_0138f779.jpg,,accept_weak,accept,weak_accept_category,Plastic film,Other carton|Plastic film,reject,0.835602,0.164398,0.835602,reject,False
images/reject_weak/taco_00825_Spread_tub_c7073b12.jpg,,reject_weak,reject,weak_reject_category,Spread tub,Spread tub,reject,0.986192,0.013808,0.986192,reject,True
images/reject_weak/taco_00826_Other_plastic_b0485c45.jpg,,reject_weak,reject,weak_reject_category,Other plastic,Other plastic|Aluminium foil,accept,0.591510,0.591510,0.408490,reject,False
images/reject_weak/taco_00827_Drink_can_367615d5.jpg,,reject_weak,reject,weak_reject_category,Drink can,Drink can|Unlabeled litter,accept,0.551256,0.551256,0.448745,reject,False
images/reject_weak/taco_00828_Drink_can_c7f47ebe.jpg,,reject_weak,reject,weak_reject_category,Drink can,Drink can|Unlabeled litter,accept,0.537499,0.537499,0.462501,reject,False
images/accept_weak/taco_00829_Plastic_film_b8092a1f.jpg,,accept_weak,accept,weak_accept_category,Plastic film,Plastic film|Unlabeled litter|Cigarette,accept,0.886208,0.886208,0.113792,accept,True
images/reject_weak/taco_00830_Clear_plastic_bottle_19b24bed.jpg,,reject_weak,reject,weak_reject_category,Clear plastic bottle,Clear plastic bottle|Normal paper,accept,0.597751,0.597751,0.402249,reject,False
images/accept_weak/taco_00831_Other_plastic_wrapper_9acfe74a.jpg,,accept_weak,accept,weak_accept_category,Other plastic wrapper,Other plastic wrapper|Plastic film,accept,0.565395,0.565395,0.434605,reject,True
images/accept_weak/taco_00832_Plastic_film_03dd1354.jpg,,accept_weak,accept,weak_accept_category,Plastic film,Plastic film,accept,0.611414,0.611414,0.388586,reject,True
images/accept_weak/taco_00833_Single-use_carrier_bag_97172be5.jpg,,accept_weak,accept,weak_accept_category,Single-use carrier bag,Single-use carrier bag,accept,0.527303,0.527303,0.472697,reject,True
images/accept_weak/taco_00834_Other_plastic_wrapper_b612e631.jpg,,accept_weak,accept,weak_accept_category,Other plastic wrapper,Other plastic wrapper|Unlabeled litter|Other carton,accept,0.826432,0.826432,0.173568,accept,True
images/accept_weak/taco_00835_Disposable_food_container_330a23ff.jpg,,accept_weak,accept,weak_accept_category,Disposable food container,Disposable food container|Plastic film|Unlabeled litter,accept,0.783188,0.783188,0.216812,accept,True
images/accept_weak/taco_00837_Disposable_food_container_a742652a.jpg,,accept_weak,accept,weak_accept_category,Disposable food container,Disposable food container|Plastic film,accept,0.536453,0.536453,0.463547,reject,True
images/accept_weak/taco_00838_Single-use_carrier_bag_e2a01f49.jpg,,accept_weak,accept,weak_accept_category,Single-use carrier bag,Single-use carrier bag|Metal lid|Glass jar,reject,0.850070,0.149930,0.850070,reject,False
images/reject_weak/taco_00839_Glass_jar_5befc9e8.jpg,,reject_weak,reject,weak_reject_category,Glass jar,Glass jar|Metal lid|Metal bottle cap,reject,0.957227,0.042773,0.957227,reject,True
images/reject_weak/taco_00840_Other_plastic_bottle_9e6c96c4.jpg,,reject_weak,reject,weak_reject_category,Other plastic bottle,Other plastic bottle,reject,0.982792,0.017208,0.982792,reject,True
images/accept_weak/taco_00841_Disposable_food_container_0223a6d5.jpg,,accept_weak,accept,weak_accept_category,Disposable food container,Disposable food container|Food waste,reject,0.969286,0.030714,0.969286,reject,False
images/reject_weak/taco_00842_Metal_bottle_cap_1418676b.jpg,,reject_weak,reject,weak_reject_category,Metal bottle cap,Metal bottle cap,reject,0.721976,0.278024,0.721976,reject,True
images/reject_weak/taco_00843_Drink_can_76061858.jpg,,reject_weak,reject,weak_reject_category,Drink can,Drink can|Pop tab|Unlabeled litter,reject,0.790292,0.209708,0.790292,reject,True
images/accept_weak/taco_00844_Foam_food_container_7b3d4384.jpg,,accept_weak,accept,weak_accept_category,Foam food container,Foam food container|Unlabeled litter,reject,0.612791,0.387209,0.612791,reject,False
images/reject_weak/taco_00845_Paper_straw_039cad04.jpg,,reject_weak,reject,weak_reject_category,Paper straw,Paper straw|Disposable plastic cup,accept,0.731719,0.731719,0.268281,reject,False
images/accept_weak/taco_00846_Disposable_food_container_f7e50262.jpg,,accept_weak,accept,weak_accept_category,Disposable food container,Disposable food container|Plastic film|Cigarette,reject,0.532710,0.467290,0.532710,reject,False
images/reject_weak/taco_00847_Aluminium_foil_dad4b787.jpg,,reject_weak,reject,weak_reject_category,Aluminium foil,Aluminium foil,reject,0.686947,0.313053,0.686947,reject,True
images/accept_weak/taco_00848_Plastic_utensils_9059f66b.jpg,,accept_weak,accept,weak_accept_category,Plastic utensils,Plastic utensils|Unlabeled litter,accept,0.655710,0.655710,0.344290,reject,True
images/accept_weak/taco_00849_Cigarette_3d0c0bfc.jpg,,accept_weak,accept,weak_accept_category,Cigarette,Clear plastic bottle|Cigarette,accept,0.774467,0.774467,0.225533,accept,True
images/reject_weak/taco_00850_Normal_paper_abe7d81c.jpg,,reject_weak,reject,weak_reject_category,Normal paper,Normal paper,reject,0.965109,0.034891,0.965109,reject,True
images/reject_weak/taco_00851_Plastic_straw_6da5749b.jpg,,reject_weak,reject,weak_reject_category,Plastic straw,Plastic straw|Unlabeled litter,reject,0.753791,0.246209,0.753791,reject,True
images/reject_weak/taco_00852_Paper_cup_137f4385.jpg,,reject_weak,reject,weak_reject_category,Paper cup,Paper cup|Plastic lid|Paper bag,reject,0.890660,0.109340,0.890660,reject,True
images/accept_weak/taco_00853_Other_plastic_wrapper_ae432ce6.jpg,,accept_weak,accept,weak_accept_category,Other plastic wrapper,Clear plastic bottle|Glass bottle|Other plastic|Unlabeled litter|Normal paper|Pop tab|Other plastic wrapper|Paper bag|Plastic straw|Shoe|Cigarette,accept,0.539123,0.539123,0.460877,reject,True
images/accept_weak/taco_00854_Plastic_utensils_0f573ab1.jpg,,accept_weak,accept,weak_accept_category,Plastic utensils,Plastic utensils,accept,0.504947,0.504947,0.495053,reject,True
images/reject_weak/taco_00855_Clear_plastic_bottle_6dd21a9e.jpg,,reject_weak,reject,weak_reject_category,Clear plastic bottle,Clear plastic bottle,accept,0.705376,0.705376,0.294624,reject,False
images/accept_weak/taco_00856_Plastic_film_bbc46391.jpg,,accept_weak,accept,weak_accept_category,Plastic film,Plastic film,accept,0.628672,0.628672,0.371328,reject,True
images/accept_weak/taco_00857_Single-use_carrier_bag_13802b93.jpg,,accept_weak,accept,weak_accept_category,Single-use carrier bag,Single-use carrier bag,reject,0.596519,0.403481,0.596519,reject,False
images/accept_weak/taco_00858_Plastic_film_76a108fb.jpg,,accept_weak,accept,weak_accept_category,Plastic film,Plastic film|Other plastic|Unlabeled litter,accept,0.631257,0.631257,0.368743,reject,True
images/reject_weak/taco_00859_Plastic_straw_82a75a19.jpg,,reject_weak,reject,weak_reject_category,Plastic straw,Plastic straw|Other plastic|Disposable plastic cup,accept,0.591717,0.591717,0.408283,reject,False
images/accept_weak/taco_00860_Other_plastic_wrapper_70bca3d9.jpg,,accept_weak,accept,weak_accept_category,Other plastic wrapper,Clear plastic bottle|Glass bottle|Drink carton|Unlabeled litter|Paper cup|Other plastic wrapper|Drink can,reject,0.502316,0.497684,0.502316,reject,False
images/reject_weak/taco_00861_Plastic_bottle_cap_bf040a3a.jpg,,reject_weak,reject,weak_reject_category,Plastic bottle cap,Plastic bottle cap,accept,0.581625,0.581625,0.418375,reject,False
images/accept_weak/taco_00862_Plastic_film_4d2539b9.jpg,,accept_weak,accept,weak_accept_category,Plastic film,Plastic film|Unlabeled litter|Cigarette,accept,0.747795,0.747795,0.252205,reject,True
images/accept_weak/taco_00863_Plastic_film_b649e5d8.jpg,,accept_weak,accept,weak_accept_category,Plastic film,Plastic film,reject,0.637430,0.362570,0.637430,reject,False
images/accept_weak/taco_00864_Tissues_b6a16fff.jpg,,accept_weak,accept,weak_accept_category,Tissues,Tissues|Plastic film,reject,0.544742,0.455258,0.544742,reject,False
images/reject_weak/taco_00865_Paper_cup_c3d41e0f.jpg,,reject_weak,reject,weak_reject_category,Paper cup,Paper cup,reject,0.645510,0.354490,0.645510,reject,True
images/accept_weak/taco_00866_Plastic_utensils_86d870f7.jpg,,accept_weak,accept,weak_accept_category,Plastic utensils,Clear plastic bottle|Drink can|Metal bottle cap|Plastic bottle cap|Plastic utensils|Normal paper|Other plastic wrapper|Unlabeled litter|Other plastic|Cigarette,accept,0.563828,0.563828,0.436172,reject,True
images/accept_weak/taco_00867_Plastic_film_5e6afbfc.jpg,,accept_weak,accept,weak_accept_category,Plastic film,Plastic film,accept,0.667862,0.667862,0.332138,reject,True
images/accept_weak/taco_00868_Garbage_bag_def493bd.jpg,,accept_weak,accept,weak_accept_category,Garbage bag,Egg carton|Garbage bag,reject,0.526298,0.473702,0.526298,reject,False
images/reject_weak/taco_00869_Plastic_lid_5715297e.jpg,,reject_weak,reject,weak_reject_category,Plastic lid,Plastic lid|Other carton,reject,0.994885,0.005115,0.994885,reject,True
images/accept_weak/taco_00870_Disposable_food_container_8359925d.jpg,,accept_weak,accept,weak_accept_category,Disposable food container,Other carton|Disposable food container,reject,0.945549,0.054451,0.945549,reject,False
images/accept_weak/taco_00871_Other_plastic_wrapper_1e6a9642.jpg,,accept_weak,accept,weak_accept_category,Other plastic wrapper,Other plastic wrapper,reject,0.721933,0.278067,0.721933,reject,False
images/accept_weak/taco_00872_Other_plastic_wrapper_790e4374.jpg,,accept_weak,accept,weak_accept_category,Other plastic wrapper,Other plastic container|Tupperware|Other plastic wrapper,reject,0.942495,0.057505,0.942495,reject,False
images/accept_weak/taco_00873_Plastic_film_e8ce43b6.jpg,,accept_weak,accept,weak_accept_category,Plastic film,Other carton|Aluminium blister pack|Normal paper|Plastic film,reject,0.926182,0.073818,0.926182,reject,False
images/reject_weak/taco_00874_Magazine_paper_2cad3184.jpg,,reject_weak,reject,weak_reject_category,Magazine paper,Magazine paper,reject,0.863119,0.136881,0.863119,reject,True
images/accept_weak/taco_00875_Cigarette_b6d7b2ec.jpg,,accept_weak,accept,weak_accept_category,Cigarette,Plastic bottle cap|Clear plastic bottle|Wrapping paper|Cigarette,accept,0.751333,0.751333,0.248668,reject,True
images/reject_weak/taco_00876_Plastic_straw_458d4ed3.jpg,,reject_weak,reject,weak_reject_category,Plastic straw,Plastic straw,reject,0.523517,0.476483,0.523517,reject,True
images/accept_weak/taco_00877_Plastic_film_a0c5d3f4.jpg,,accept_weak,accept,weak_accept_category,Plastic film,Other plastic|Plastic film,accept,0.509165,0.509165,0.490835,reject,True
images/reject_weak/taco_00878_Plastic_bottle_cap_b217559e.jpg,,reject_weak,reject,weak_reject_category,Plastic bottle cap,Plastic bottle cap,accept,0.520777,0.520777,0.479223,reject,False
images/accept_weak/taco_00879_Plastic_film_8266a955.jpg,,accept_weak,accept,weak_accept_category,Plastic film,Disposable plastic cup|Plastic film|Normal paper|Cigarette,accept,0.662695,0.662695,0.337305,reject,True
images/reject_weak/taco_00880_Plastic_bottle_cap_61127abd.jpg,,reject_weak,reject,weak_reject_category,Plastic bottle cap,Plastic bottle cap,accept,0.554175,0.554175,0.445825,reject,False
images/accept_weak/taco_00881_Cigarette_9abdf397.jpg,,accept_weak,accept,weak_accept_category,Cigarette,Magazine paper|Normal paper|Cigarette,accept,0.934605,0.934605,0.065395,accept,True
images/accept_weak/taco_00882_Cigarette_3195fe05.jpg,,accept_weak,accept,weak_accept_category,Cigarette,Disposable plastic cup|Cigarette,accept,0.916209,0.916209,0.083791,accept,True
images/reject_weak/taco_00883_Other_plastic_28654aea.jpg,,reject_weak,reject,weak_reject_category,Other plastic,Other plastic,accept,0.612846,0.612846,0.387154,reject,False
images/accept_weak/taco_00884_Plastic_film_492fe406.jpg,,accept_weak,accept,weak_accept_category,Plastic film,Plastic film,accept,0.596744,0.596744,0.403256,reject,True
images/reject_weak/taco_00885_Plastic_straw_e8ef3aae.jpg,,reject_weak,reject,weak_reject_category,Plastic straw,Plastic straw,accept,0.590931,0.590931,0.409069,reject,False
images/reject_weak/taco_00886_Other_plastic_e82f8bd7.jpg,,reject_weak,reject,weak_reject_category,Other plastic,Other plastic,accept,0.581107,0.581107,0.418893,reject,False
images/reject_weak/taco_00887_Other_plastic_024d1877.jpg,,reject_weak,reject,weak_reject_category,Other plastic,Other plastic,accept,0.737772,0.737772,0.262228,reject,False
images/reject_weak/taco_00888_Other_plastic_2d2a0ba4.jpg,,reject_weak,reject,weak_reject_category,Other plastic,Other plastic|Plastic lid,accept,0.785510,0.785510,0.214490,accept,False
images/reject_weak/taco_00889_Other_plastic_6315f2e1.jpg,,reject_weak,reject,weak_reject_category,Other plastic,Other plastic,accept,0.761048,0.761048,0.238952,accept,False
images/reject_weak/taco_00890_Plastic_bottle_cap_8fdc48bb.jpg,,reject_weak,reject,weak_reject_category,Plastic bottle cap,Plastic bottle cap,accept,0.769706,0.769706,0.230294,accept,False
images/reject_weak/taco_00891_Other_plastic_f2eee01b.jpg,,reject_weak,reject,weak_reject_category,Other plastic,Other plastic|Plastic bottle cap,accept,0.639402,0.639402,0.360598,reject,False
images/accept_weak/taco_00892_Plastic_film_8e84e23f.jpg,,accept_weak,accept,weak_accept_category,Plastic film,Plastic film,accept,0.623411,0.623411,0.376589,reject,True
images/reject_weak/taco_00893_Other_plastic_9b677aca.jpg,,reject_weak,reject,weak_reject_category,Other plastic,Other plastic,accept,0.575986,0.575986,0.424014,reject,False
images/reject_weak/taco_00894_Other_plastic_f81ec9e2.jpg,,reject_weak,reject,weak_reject_category,Other plastic,Other plastic,reject,0.693116,0.306884,0.693116,reject,True
images/reject_weak/taco_00895_Other_plastic_a4c96d52.jpg,,reject_weak,reject,weak_reject_category,Other plastic,Other plastic,accept,0.558781,0.558781,0.441219,reject,False
images/accept_weak/taco_00896_Plastic_film_888a396b.jpg,,accept_weak,accept,weak_accept_category,Plastic film,Plastic film,accept,0.539061,0.539061,0.460939,reject,True
images/reject_weak/taco_00897_Other_plastic_3a6e4c71.jpg,,reject_weak,reject,weak_reject_category,Other plastic,Other plastic,reject,0.648229,0.351771,0.648229,reject,True
images/reject_weak/taco_00898_Other_plastic_6f855259.jpg,,reject_weak,reject,weak_reject_category,Other plastic,Other plastic,accept,0.712799,0.712799,0.287200,reject,False
images/reject_weak/taco_00899_Plastic_bottle_cap_ccac1b85.jpg,,reject_weak,reject,weak_reject_category,Plastic bottle cap,Plastic bottle cap,accept,0.522529,0.522529,0.477471,reject,False
images/accept_weak/taco_00900_Plastic_film_15648e13.jpg,,accept_weak,accept,weak_accept_category,Plastic film,Plastic film,accept,0.550801,0.550801,0.449199,reject,True
images/reject_weak/taco_00901_Other_plastic_cup_fdd81df5.jpg,,reject_weak,reject,weak_reject_category,Other plastic cup,Other plastic cup,accept,0.562670,0.562670,0.437330,reject,False
images/reject_weak/taco_00902_Other_plastic_935a8a57.jpg,,reject_weak,reject,weak_reject_category,Other plastic,Other plastic,reject,0.672166,0.327834,0.672166,reject,True
images/reject_weak/taco_00903_Other_plastic_07adf761.jpg,,reject_weak,reject,weak_reject_category,Other plastic,Other plastic,accept,0.588407,0.588407,0.411593,reject,False
images/accept_weak/taco_00904_Plastic_film_1c52fa65.jpg,,accept_weak,accept,weak_accept_category,Plastic film,Plastic film|Other plastic,accept,0.565849,0.565849,0.434151,reject,True
images/accept_weak/taco_00905_Plastic_film_b04c13aa.jpg,,accept_weak,accept,weak_accept_category,Plastic film,Plastic film|Cigarette,accept,0.995981,0.995981,0.004019,accept,True
images/accept_weak/taco_00906_Styrofoam_piece_76a83b69.jpg,,accept_weak,accept,weak_accept_category,Styrofoam piece,Styrofoam piece,accept,0.587855,0.587855,0.412145,reject,True
images/accept_weak/taco_00907_Styrofoam_piece_d267ae23.jpg,,accept_weak,accept,weak_accept_category,Styrofoam piece,Styrofoam piece|Cigarette,accept,0.688950,0.688950,0.311050,reject,True
images/reject_weak/taco_00908_Other_plastic_790c5706.jpg,,reject_weak,reject,weak_reject_category,Other plastic,Other plastic,accept,0.545654,0.545654,0.454346,reject,False
images/reject_weak/taco_00910_Disposable_plastic_cup_82210697.jpg,,reject_weak,reject,weak_reject_category,Disposable plastic cup,Disposable plastic cup,accept,0.701980,0.701980,0.298020,reject,False
images/reject_weak/taco_00911_Disposable_plastic_cup_24716c7d.jpg,,reject_weak,reject,weak_reject_category,Disposable plastic cup,Disposable plastic cup,accept,0.505753,0.505753,0.494247,reject,False
images/reject_weak/taco_00913_Normal_paper_1d363d38.jpg,,reject_weak,reject,weak_reject_category,Normal paper,Normal paper,accept,0.730788,0.730788,0.269212,reject,False
images/reject_weak/taco_00914_Plastic_straw_81bd8db1.jpg,,reject_weak,reject,weak_reject_category,Plastic straw,Plastic straw,accept,0.647280,0.647280,0.352720,reject,False
images/accept_weak/taco_00915_Plastic_film_80e04cc6.jpg,,accept_weak,accept,weak_accept_category,Plastic film,Plastic straw|Plastic film,accept,0.552749,0.552749,0.447251,reject,True
images/accept_weak/taco_00918_Plastic_film_27a2f568.jpg,,accept_weak,accept,weak_accept_category,Plastic film,Plastic film,accept,0.729635,0.729635,0.270365,reject,True
images/reject_weak/taco_00919_Other_plastic_95b2eafa.jpg,,reject_weak,reject,weak_reject_category,Other plastic,Other plastic,accept,0.592370,0.592370,0.407630,reject,False
images/reject_weak/taco_00920_Aluminium_foil_30977a3a.jpg,,reject_weak,reject,weak_reject_category,Aluminium foil,Aluminium foil,reject,0.502023,0.497977,0.502023,reject,True
images/reject_weak/taco_00921_Aluminium_foil_d912c3df.jpg,,reject_weak,reject,weak_reject_category,Aluminium foil,Aluminium foil,accept,0.583343,0.583343,0.416657,reject,False
images/accept_weak/taco_00922_Plastic_film_314391e1.jpg,,accept_weak,accept,weak_accept_category,Plastic film,Plastic film,accept,0.551352,0.551352,0.448648,reject,True
images/accept_weak/taco_00923_Plastic_film_538e7c26.jpg,,accept_weak,accept,weak_accept_category,Plastic film,Plastic film,accept,0.868199,0.868199,0.131801,accept,True
images/reject_weak/taco_00924_Food_waste_b8d3c665.jpg,,reject_weak,reject,weak_reject_category,Food waste,Food waste|Other plastic,accept,0.684500,0.684500,0.315500,reject,False
images/reject_weak/taco_00926_Other_plastic_9668eab8.jpg,,reject_weak,reject,weak_reject_category,Other plastic,Other plastic,accept,0.549286,0.549286,0.450714,reject,False
images/reject_weak/taco_00927_Other_plastic_ed0bfb8b.jpg,,reject_weak,reject,weak_reject_category,Other plastic,Other plastic,accept,0.872615,0.872615,0.127385,accept,False
images/accept_weak/taco_00928_Single-use_carrier_bag_9eb1fe4e.jpg,,accept_weak,accept,weak_accept_category,Single-use carrier bag,Single-use carrier bag|Other carton,accept,0.619754,0.619754,0.380246,reject,True
images/reject_weak/taco_00929_Other_plastic_deded25e.jpg,,reject_weak,reject,weak_reject_category,Other plastic,Other plastic,accept,0.526126,0.526126,0.473874,reject,False
images/reject_weak/taco_00930_Other_plastic_c7f97311.jpg,,reject_weak,reject,weak_reject_category,Other plastic,Other plastic,reject,0.564128,0.435872,0.564128,reject,True
images/reject_weak/taco_00931_Plastic_bottle_cap_f58cb439.jpg,,reject_weak,reject,weak_reject_category,Plastic bottle cap,Plastic bottle cap,accept,0.726732,0.726732,0.273268,reject,False
images/reject_weak/taco_00932_Plastic_bottle_cap_6f196a42.jpg,,reject_weak,reject,weak_reject_category,Plastic bottle cap,Plastic bottle cap,accept,0.549456,0.549456,0.450544,reject,False
images/accept_weak/taco_00933_Plastic_film_4f9469de.jpg,,accept_weak,accept,weak_accept_category,Plastic film,Plastic film,accept,0.877391,0.877391,0.122609,accept,True
images/reject_weak/taco_00935_Other_plastic_af5aacaf.jpg,,reject_weak,reject,weak_reject_category,Other plastic,Other plastic,accept,0.710072,0.710072,0.289928,reject,False
images/reject_weak/taco_00936_Other_plastic_2c403034.jpg,,reject_weak,reject,weak_reject_category,Other plastic,Other plastic,accept,0.534162,0.534162,0.465838,reject,False
images/reject_weak/taco_00937_Metal_bottle_cap_a5564392.jpg,,reject_weak,reject,weak_reject_category,Metal bottle cap,Metal bottle cap,accept,0.573436,0.573436,0.426564,reject,False
images/reject_weak/taco_00938_Metal_bottle_cap_d17743a5.jpg,,reject_weak,reject,weak_reject_category,Metal bottle cap,Metal bottle cap,reject,0.537828,0.462172,0.537828,reject,True
images/accept_weak/taco_00939_Tissues_8e7ca10b.jpg,,accept_weak,accept,weak_accept_category,Tissues,Tissues,reject,0.514102,0.485898,0.514102,reject,False
images/accept_weak/taco_00940_Styrofoam_piece_1588082d.jpg,,accept_weak,accept,weak_accept_category,Styrofoam piece,Styrofoam piece,reject,0.820595,0.179405,0.820595,reject,False
images/accept_weak/taco_00941_Styrofoam_piece_90b745dc.jpg,,accept_weak,accept,weak_accept_category,Styrofoam piece,Styrofoam piece|Other plastic,accept,0.613193,0.613193,0.386807,reject,True
images/reject_weak/taco_00942_Plastic_bottle_cap_ef4cd366.jpg,,reject_weak,reject,weak_reject_category,Plastic bottle cap,Plastic bottle cap,accept,0.655151,0.655151,0.344849,reject,False
images/accept_weak/taco_00943_Plastic_film_8d69692c.jpg,,accept_weak,accept,weak_accept_category,Plastic film,Plastic film,accept,0.702226,0.702226,0.297774,reject,True
images/accept_weak/taco_00944_Plastic_film_2727ac42.jpg,,accept_weak,accept,weak_accept_category,Plastic film,Plastic film,reject,0.599598,0.400402,0.599598,reject,False
images/accept_weak/taco_00945_Plastic_film_0664599f.jpg,,accept_weak,accept,weak_accept_category,Plastic film,Plastic film,reject,0.623122,0.376878,0.623122,reject,False
images/reject_weak/taco_00946_Plastic_bottle_cap_0d7e4ce3.jpg,,reject_weak,reject,weak_reject_category,Plastic bottle cap,Plastic bottle cap|Other plastic,accept,0.696027,0.696027,0.303973,reject,False
images/reject_weak/taco_00947_Corrugated_carton_24330de8.jpg,,reject_weak,reject,weak_reject_category,Corrugated carton,Corrugated carton,accept,0.504333,0.504333,0.495667,reject,False
images/accept_weak/taco_00948_Cigarette_59bc6cfb.jpg,,accept_weak,accept,weak_accept_category,Cigarette,Disposable plastic cup|Cigarette,accept,0.812513,0.812513,0.187487,accept,True
images/accept_weak/taco_00949_Styrofoam_piece_a599a26a.jpg,,accept_weak,accept,weak_accept_category,Styrofoam piece,Styrofoam piece,accept,0.760128,0.760128,0.239872,accept,True
images/accept_weak/taco_00950_Plastic_film_c92261d4.jpg,,accept_weak,accept,weak_accept_category,Plastic film,Plastic film,accept,0.612385,0.612385,0.387615,reject,True
images/accept_weak/taco_00951_Cigarette_080dbc43.jpg,,accept_weak,accept,weak_accept_category,Cigarette,Drink can|Cigarette,accept,0.598068,0.598068,0.401932,reject,True
images/accept_weak/taco_00952_Disposable_food_container_3187f0f1.jpg,,accept_weak,accept,weak_accept_category,Disposable food container,Disposable food container,accept,0.528259,0.528259,0.471741,reject,True
images/accept_weak/taco_00953_Styrofoam_piece_9f00809a.jpg,,accept_weak,accept,weak_accept_category,Styrofoam piece,Styrofoam piece|Plastic film|Unlabeled litter,reject,0.652660,0.347340,0.652660,reject,False
images/accept_weak/taco_00954_Plastic_film_8bfe989f.jpg,,accept_weak,accept,weak_accept_category,Plastic film,Plastic film|Styrofoam piece,accept,0.527384,0.527384,0.472616,reject,True
images/accept_weak/taco_00955_Other_plastic_wrapper_e54b4bc1.jpg,,accept_weak,accept,weak_accept_category,Other plastic wrapper,Other plastic wrapper,accept,0.564817,0.564817,0.435183,reject,True
images/reject_weak/taco_00956_Plastic_straw_711ebdd0.jpg,,reject_weak,reject,weak_reject_category,Plastic straw,Plastic straw,accept,0.747500,0.747500,0.252500,reject,False
images/accept_weak/taco_00957_Other_plastic_wrapper_eed3b781.jpg,,accept_weak,accept,weak_accept_category,Other plastic wrapper,Other plastic wrapper,accept,0.556644,0.556644,0.443356,reject,True
images/accept_weak/taco_00958_Plastic_film_37bbef32.jpg,,accept_weak,accept,weak_accept_category,Plastic film,Plastic film|Cigarette,accept,0.636649,0.636649,0.363351,reject,True
images/accept_weak/taco_00959_Cigarette_8980dd5e.jpg,,accept_weak,accept,weak_accept_category,Cigarette,Other plastic|Cigarette,accept,0.539675,0.539675,0.460325,reject,True
images/reject_weak/taco_00960_Plastic_bottle_cap_40b0748c.jpg,,reject_weak,reject,weak_reject_category,Plastic bottle cap,Plastic bottle cap,accept,0.589369,0.589369,0.410631,reject,False
images/accept_weak/taco_00961_Cigarette_9da37008.jpg,,accept_weak,accept,weak_accept_category,Cigarette,Plastic bottle cap|Pop tab|Cigarette,accept,0.616435,0.616435,0.383565,reject,True
images/accept_weak/taco_00962_Other_plastic_wrapper_b07702d2.jpg,,accept_weak,accept,weak_accept_category,Other plastic wrapper,Other plastic bottle|Squeezable tube|Other plastic wrapper|Other plastic,accept,0.740020,0.740020,0.259980,reject,True
images/accept_weak/taco_00963_Plastic_film_d81ad1d1.jpg,,accept_weak,accept,weak_accept_category,Plastic film,Plastic film|Disposable food container,accept,0.625211,0.625211,0.374789,reject,True
images/accept_weak/taco_00964_Cigarette_7ce57450.jpg,,accept_weak,accept,weak_accept_category,Cigarette,Clear plastic bottle|Other plastic|Cigarette,accept,0.523606,0.523606,0.476394,reject,True
images/accept_weak/taco_00965_Cigarette_0e26f7e0.jpg,,accept_weak,accept,weak_accept_category,Cigarette,Clear plastic bottle|Cigarette,accept,0.560877,0.560877,0.439123,reject,True
images/reject_weak/taco_00966_Drink_can_4ffbaf6a.jpg,,reject_weak,reject,weak_reject_category,Drink can,Drink can|Plastic straw|Metal bottle cap|Unlabeled litter,reject,0.673818,0.326182,0.673818,reject,True
images/reject_weak/taco_00967_Plastic_straw_08efa665.jpg,,reject_weak,reject,weak_reject_category,Plastic straw,Plastic straw,accept,0.707711,0.707711,0.292289,reject,False
images/reject_weak/taco_00969_Plastic_straw_33f0df64.jpg,,reject_weak,reject,weak_reject_category,Plastic straw,Plastic straw,accept,0.663517,0.663517,0.336483,reject,False
images/accept_weak/taco_00970_Cigarette_0230ad2c.jpg,,accept_weak,accept,weak_accept_category,Cigarette,Other plastic|Cigarette,accept,0.601934,0.601934,0.398066,reject,True
images/accept_weak/taco_00971_Plastic_film_f2ac3aa2.jpg,,accept_weak,accept,weak_accept_category,Plastic film,Plastic film,accept,0.526423,0.526423,0.473577,reject,True
images/reject_weak/taco_00972_Scrap_metal_af3343bb.jpg,,reject_weak,reject,weak_reject_category,Scrap metal,Scrap metal,reject,0.603698,0.396302,0.603698,reject,True
images/accept_weak/taco_00973_Plastic_film_921d8369.jpg,,accept_weak,accept,weak_accept_category,Plastic film,Plastic film,reject,0.604213,0.395787,0.604213,reject,False
images/reject_weak/taco_00974_Clear_plastic_bottle_c2796700.jpg,,reject_weak,reject,weak_reject_category,Clear plastic bottle,Clear plastic bottle|Plastic bottle cap|Unlabeled litter,accept,0.556030,0.556030,0.443970,reject,False
images/reject_weak/taco_00975_Clear_plastic_bottle_c907a687.jpg,,reject_weak,reject,weak_reject_category,Clear plastic bottle,Clear plastic bottle|Plastic bottle cap,accept,0.553171,0.553171,0.446829,reject,False
images/accept_weak/taco_00976_Styrofoam_piece_9b580012.jpg,,accept_weak,accept,weak_accept_category,Styrofoam piece,Styrofoam piece|Plastic film|Aluminium foil,accept,0.594199,0.594199,0.405801,reject,True
images/reject_weak/taco_00977_Other_plastic_f8be853e.jpg,,reject_weak,reject,weak_reject_category,Other plastic,Other plastic,reject,0.519549,0.480451,0.519549,reject,True
images/accept_weak/taco_00978_Disposable_food_container_4986341b.jpg,,accept_weak,accept,weak_accept_category,Disposable food container,Disposable food container,reject,0.522013,0.477987,0.522013,reject,False
images/reject_weak/taco_00979_Plastic_bottle_cap_9a3334ac.jpg,,reject_weak,reject,weak_reject_category,Plastic bottle cap,Plastic bottle cap,accept,0.846370,0.846370,0.153630,accept,False
images/accept_weak/taco_00980_Styrofoam_piece_f8991622.jpg,,accept_weak,accept,weak_accept_category,Styrofoam piece,Styrofoam piece,accept,0.745286,0.745286,0.254714,reject,True
images/reject_weak/taco_00981_Plastic_bottle_cap_7968c18f.jpg,,reject_weak,reject,weak_reject_category,Plastic bottle cap,Plastic bottle cap,accept,0.640452,0.640452,0.359548,reject,False
images/accept_weak/taco_00982_Styrofoam_piece_84d26277.jpg,,accept_weak,accept,weak_accept_category,Styrofoam piece,Styrofoam piece|Unlabeled litter,accept,0.830774,0.830774,0.169226,accept,True
images/reject_weak/taco_00983_Paper_bag_8a48de53.jpg,,reject_weak,reject,weak_reject_category,Paper bag,Paper bag|Unlabeled litter|Other plastic,accept,0.593883,0.593883,0.406117,reject,False
images/accept_weak/taco_00984_Styrofoam_piece_451885aa.jpg,,accept_weak,accept,weak_accept_category,Styrofoam piece,Styrofoam piece,accept,0.584501,0.584501,0.415499,reject,True
images/accept_weak/taco_00985_Styrofoam_piece_a0aaa022.jpg,,accept_weak,accept,weak_accept_category,Styrofoam piece,Plastic bottle cap|Styrofoam piece,accept,0.622978,0.622978,0.377022,reject,True
images/reject_weak/taco_00986_Disposable_plastic_cup_52330317.jpg,,reject_weak,reject,weak_reject_category,Disposable plastic cup,Disposable plastic cup,accept,0.538472,0.538472,0.461528,reject,False
images/reject_weak/taco_00988_Other_carton_12cb1b68.jpg,,reject_weak,reject,weak_reject_category,Other carton,Other carton,accept,0.693622,0.693622,0.306378,reject,False
images/accept_weak/taco_00989_Disposable_food_container_c09ead2b.jpg,,accept_weak,accept,weak_accept_category,Disposable food container,Disposable food container,accept,0.775412,0.775412,0.224588,accept,True
images/reject_weak/taco_00991_Plastic_straw_0e8bda4f.jpg,,reject_weak,reject,weak_reject_category,Plastic straw,Plastic straw,accept,0.872132,0.872132,0.127868,accept,False
images/reject_weak/taco_00992_Other_plastic_9d0dba69.jpg,,reject_weak,reject,weak_reject_category,Other plastic,Other plastic,accept,0.738702,0.738702,0.261298,reject,False
images/accept_weak/taco_00993_Garbage_bag_e3f92c5b.jpg,,accept_weak,accept,weak_accept_category,Garbage bag,Garbage bag|Normal paper,accept,0.658158,0.658158,0.341842,reject,True
images/reject_weak/taco_00994_Disposable_plastic_cup_5e6ca0f6.jpg,,reject_weak,reject,weak_reject_category,Disposable plastic cup,Disposable plastic cup|Unlabeled litter,accept,0.570067,0.570067,0.429933,reject,False
images/accept_weak/taco_00995_Cigarette_19df2bc7.jpg,,accept_weak,accept,weak_accept_category,Cigarette,Other plastic bottle|Other plastic|Cigarette,accept,0.661124,0.661124,0.338877,reject,True
images/accept_weak/taco_00996_Cigarette_b1651a00.jpg,,accept_weak,accept,weak_accept_category,Cigarette,Clear plastic bottle|Unlabeled litter|Other plastic|Cigarette,accept,0.546421,0.546421,0.453579,reject,True
images/accept_weak/taco_00997_Cigarette_52892927.jpg,,accept_weak,accept,weak_accept_category,Cigarette,Corrugated carton|Cigarette,reject,0.653007,0.346993,0.653007,reject,False
images/accept_weak/taco_00998_Other_plastic_wrapper_fdcf7324.jpg,,accept_weak,accept,weak_accept_category,Other plastic wrapper,Other plastic wrapper|Normal paper,accept,0.683384,0.683384,0.316616,reject,True
images/accept_weak/taco_00999_Cigarette_4651cae4.jpg,,accept_weak,accept,weak_accept_category,Cigarette,Clear plastic bottle|Cigarette,accept,0.623172,0.623172,0.376828,reject,True
images/reject_weak/taco_01000_Glass_bottle_0be2c6bd.jpg,,reject_weak,reject,weak_reject_category,Glass bottle,Glass bottle,reject,0.588778,0.411222,0.588778,reject,True
images/reject_weak/taco_01001_Plastic_straw_f749f4ac.jpg,,reject_weak,reject,weak_reject_category,Plastic straw,Plastic straw|Drink carton,accept,0.556441,0.556441,0.443559,reject,False
images/accept_weak/taco_01002_Plastic_film_190ef466.jpg,,accept_weak,accept,weak_accept_category,Plastic film,Drink can|Plastic film,reject,0.525284,0.474716,0.525284,reject,False
images/reject_weak/taco_01003_Corrugated_carton_e2e8d7aa.jpg,,reject_weak,reject,weak_reject_category,Corrugated carton,Corrugated carton|Unlabeled litter,accept,0.521181,0.521181,0.478819,reject,False
images/reject_weak/taco_01004_Plastic_straw_185a9603.jpg,,reject_weak,reject,weak_reject_category,Plastic straw,Squeezable tube|Plastic straw,accept,0.701829,0.701829,0.298171,reject,False
images/accept_weak/taco_01005_Plastic_film_d28768b1.jpg,,accept_weak,accept,weak_accept_category,Plastic film,Other plastic|Unlabeled litter|Plastic film,accept,0.772039,0.772039,0.227961,accept,True
images/accept_weak/taco_01006_Styrofoam_piece_9277ba76.jpg,,accept_weak,accept,weak_accept_category,Styrofoam piece,Styrofoam piece|Unlabeled litter,reject,0.535953,0.464047,0.535953,reject,False
images/accept_weak/taco_01007_Cigarette_09f2b096.jpg,,accept_weak,accept,weak_accept_category,Cigarette,Disposable plastic cup|Unlabeled litter|Cigarette,accept,0.604712,0.604712,0.395288,reject,True
images/reject_weak/taco_01008_Glass_bottle_2955403d.jpg,,reject_weak,reject,weak_reject_category,Glass bottle,Glass bottle|Disposable plastic cup|Unlabeled litter,accept,0.566836,0.566836,0.433164,reject,False
images/accept_weak/taco_01009_Plastic_film_5317e156.jpg,,accept_weak,accept,weak_accept_category,Plastic film,Plastic film,accept,0.839392,0.839392,0.160608,accept,True
images/accept_weak/taco_01010_Plastic_film_2aceaaaa.jpg,,accept_weak,accept,weak_accept_category,Plastic film,Glass bottle|Plastic bottle cap|Rope & strings|Plastic film|Styrofoam piece,accept,0.877146,0.877146,0.122854,accept,True
images/accept_weak/taco_01011_Plastic_film_70d5b7f1.jpg,,accept_weak,accept,weak_accept_category,Plastic film,Plastic film,reject,0.699757,0.300243,0.699757,reject,False
images/accept_weak/taco_01012_Plastic_film_ff885e35.jpg,,accept_weak,accept,weak_accept_category,Plastic film,Meal carton|Plastic film,accept,0.596042,0.596042,0.403958,reject,True
images/accept_weak/taco_01013_Disposable_food_container_eac0a0ff.jpg,,accept_weak,accept,weak_accept_category,Disposable food container,Disposable food container|Clear plastic bottle|Plastic bottle cap|Normal paper|Cigarette,accept,0.540413,0.540413,0.459587,reject,True
images/accept_weak/taco_01014_Plastic_film_634a4cdb.jpg,,accept_weak,accept,weak_accept_category,Plastic film,Plastic film,accept,0.634473,0.634473,0.365527,reject,True
images/accept_weak/taco_01015_Plastic_film_9c139ad6.jpg,,accept_weak,accept,weak_accept_category,Plastic film,Meal carton|Plastic film,accept,0.705619,0.705619,0.294381,reject,True
images/reject_weak/taco_01016_Normal_paper_7db458fc.jpg,,reject_weak,reject,weak_reject_category,Normal paper,Normal paper,accept,0.580857,0.580857,0.419143,reject,False
images/reject_weak/taco_01018_Disposable_plastic_cup_be9d42ea.jpg,,reject_weak,reject,weak_reject_category,Disposable plastic cup,Disposable plastic cup|Normal paper|Unlabeled litter,accept,0.572000,0.572000,0.428000,reject,False
images/reject_weak/taco_01019_Clear_plastic_bottle_8d5f1feb.jpg,,reject_weak,reject,weak_reject_category,Clear plastic bottle,Clear plastic bottle|Plastic bottle cap,accept,0.610005,0.610005,0.389995,reject,False
images/reject_weak/taco_01020_Drink_can_2452dae8.jpg,,reject_weak,reject,weak_reject_category,Drink can,Drink can|Unlabeled litter,reject,0.656843,0.343157,0.656843,reject,True
images/accept_weak/taco_01021_Other_plastic_wrapper_cc3a930d.jpg,,accept_weak,accept,weak_accept_category,Other plastic wrapper,Other plastic wrapper|Drink can|Pop tab,accept,0.608005,0.608005,0.391995,reject,True
images/reject_weak/taco_01022_Aluminium_foil_c665c95b.jpg,,reject_weak,reject,weak_reject_category,Aluminium foil,Aluminium foil|Paper cup|Drink can|Metal bottle cap|Clear plastic bottle,reject,0.537657,0.462343,0.537657,reject,True
images/accept_weak/taco_01023_Other_plastic_wrapper_03046f88.jpg,,accept_weak,accept,weak_accept_category,Other plastic wrapper,Other plastic wrapper,accept,0.560226,0.560226,0.439774,reject,True
images/reject_weak/taco_01024_Drink_can_49947068.jpg,,reject_weak,reject,weak_reject_category,Drink can,Drink can,accept,0.522735,0.522735,0.477265,reject,False
images/reject_weak/taco_01025_Clear_plastic_bottle_b7b3c61b.jpg,,reject_weak,reject,weak_reject_category,Clear plastic bottle,Clear plastic bottle,accept,0.598180,0.598180,0.401820,reject,False
images/reject_weak/taco_01026_Plastic_straw_9cf413f1.jpg,,reject_weak,reject,weak_reject_category,Plastic straw,Plastic straw|Plastic lid,accept,0.615177,0.615177,0.384822,reject,False
images/accept_weak/taco_01027_Cigarette_8631a3a2.jpg,,accept_weak,accept,weak_accept_category,Cigarette,Six pack rings|Unlabeled litter|Cigarette,accept,0.558842,0.558842,0.441158,reject,True
images/reject_weak/taco_01028_Drink_can_f0529396.jpg,,reject_weak,reject,weak_reject_category,Drink can,Drink can|Pop tab,accept,0.567689,0.567689,0.432311,reject,False
images/accept_weak/taco_01029_Other_plastic_wrapper_f8ba7c29.jpg,,accept_weak,accept,weak_accept_category,Other plastic wrapper,Other carton|Other plastic wrapper|Pop tab|Drink can,accept,0.539167,0.539167,0.460833,reject,True
images/reject_weak/taco_01030_Drink_can_3bb1ec78.jpg,,reject_weak,reject,weak_reject_category,Drink can,Drink can,reject,0.718633,0.281367,0.718633,reject,True
images/accept_weak/taco_01031_Styrofoam_piece_6bfcc4c7.jpg,,accept_weak,accept,weak_accept_category,Styrofoam piece,Styrofoam piece,accept,0.791654,0.791654,0.208346,accept,True
images/reject_weak/taco_01032_Disposable_plastic_cup_1540248b.jpg,,reject_weak,reject,weak_reject_category,Disposable plastic cup,Disposable plastic cup|Drink can|Pop tab|Other plastic|Unlabeled litter|Other carton|Aluminium foil,accept,0.553720,0.553720,0.446280,reject,False
images/reject_weak/taco_01033_Drink_can_48290333.jpg,,reject_weak,reject,weak_reject_category,Drink can,Drink can|Pop tab,reject,0.512556,0.487444,0.512556,reject,True
images/reject_weak/taco_01034_Pop_tab_edf6563e.jpg,,reject_weak,reject,weak_reject_category,Pop tab,Pop tab|Drink can,accept,0.666650,0.666650,0.333350,reject,False
images/reject_weak/taco_01036_Plastic_straw_124bfdae.jpg,,reject_weak,reject,weak_reject_category,Plastic straw,Plastic straw|Plastic lid|Unlabeled litter,accept,0.578714,0.578714,0.421286,reject,False
images/accept_weak/taco_01037_Plastic_film_1570ce67.jpg,,accept_weak,accept,weak_accept_category,Plastic film,Meal carton|Plastic film|Crisp packet|Unlabeled litter|Cigarette,accept,0.587809,0.587809,0.412191,reject,True
images/accept_weak/taco_01038_Plastic_film_a977d259.jpg,,accept_weak,accept,weak_accept_category,Plastic film,Plastic film,accept,0.664766,0.664766,0.335234,reject,True
images/accept_weak/taco_01039_Single-use_carrier_bag_91829698.jpg,,accept_weak,accept,weak_accept_category,Single-use carrier bag,Single-use carrier bag|Other plastic wrapper|Plastic film|Paper bag,accept,0.536299,0.536299,0.463701,reject,True
images/accept_weak/taco_01040_Plastic_film_69aab452.jpg,,accept_weak,accept,weak_accept_category,Plastic film,Plastic film,accept,0.574758,0.574758,0.425242,reject,True
images/reject_weak/taco_01041_Paper_bag_52538378.jpg,,reject_weak,reject,weak_reject_category,Paper bag,Paper bag,reject,0.931071,0.068929,0.931071,reject,True
images/reject_weak/taco_01042_Disposable_plastic_cup_f210a75d.jpg,,reject_weak,reject,weak_reject_category,Disposable plastic cup,Disposable plastic cup,accept,0.639075,0.639075,0.360925,reject,False
images/reject_weak/taco_01043_Disposable_plastic_cup_a7022a55.jpg,,reject_weak,reject,weak_reject_category,Disposable plastic cup,Disposable plastic cup,accept,0.610352,0.610352,0.389648,reject,False
images/reject_weak/taco_01044_Glass_bottle_3b0d52bf.jpg,,reject_weak,reject,weak_reject_category,Glass bottle,Glass bottle,reject,0.944522,0.055478,0.944522,reject,True
images/accept_weak/taco_01045_Cigarette_2202232a.jpg,,accept_weak,accept,weak_accept_category,Cigarette,Clear plastic bottle|Cigarette,reject,0.799802,0.200198,0.799802,reject,False
images/accept_weak/taco_01046_Other_plastic_wrapper_ce8111fa.jpg,,accept_weak,accept,weak_accept_category,Other plastic wrapper,Meal carton|Plastic straw|Plastic lid|Paper cup|Other plastic wrapper|Other plastic,accept,0.586741,0.586741,0.413259,reject,True
images/accept_weak/taco_01047_Cigarette_8fe01f03.jpg,,accept_weak,accept,weak_accept_category,Cigarette,Paper cup|Unlabeled litter|Cigarette,reject,0.648488,0.351512,0.648488,reject,False
images/accept_weak/taco_01048_Cigarette_28808b6e.jpg,,accept_weak,accept,weak_accept_category,Cigarette,Plastic straw|Cigarette,reject,0.925901,0.074099,0.925901,reject,False
images/accept_weak/taco_01049_Other_plastic_wrapper_6fc2fc62.jpg,,accept_weak,accept,weak_accept_category,Other plastic wrapper,Other plastic wrapper,accept,0.580076,0.580076,0.419924,reject,True
images/accept_weak/taco_01050_Cigarette_3657c81a.jpg,,accept_weak,accept,weak_accept_category,Cigarette,Meal carton|Cigarette,accept,0.513306,0.513306,0.486694,reject,True
images/reject_weak/taco_01051_Paper_cup_340efe7d.jpg,,reject_weak,reject,weak_reject_category,Paper cup,Paper cup|Plastic lid,accept,0.587498,0.587498,0.412502,reject,False
images/accept_weak/taco_01052_Plastic_film_009a4c6f.jpg,,accept_weak,accept,weak_accept_category,Plastic film,Paper cup|Plastic lid|Plastic film|Drink can|Unlabeled litter,accept,0.583082,0.583082,0.416918,reject,True
images/reject_weak/taco_01053_Normal_paper_96539518.jpg,,reject_weak,reject,weak_reject_category,Normal paper,Plastic glooves|Normal paper,accept,0.592906,0.592906,0.407094,reject,False
images/accept_weak/taco_01054_Styrofoam_piece_4a960a2b.jpg,,accept_weak,accept,weak_accept_category,Styrofoam piece,Styrofoam piece|Plastic film,accept,0.602926,0.602926,0.397074,reject,True
images/reject_weak/taco_01055_Plastic_lid_f427a42b.jpg,,reject_weak,reject,weak_reject_category,Plastic lid,Plastic lid,accept,0.658254,0.658254,0.341746,reject,False
images/reject_weak/taco_01056_Drink_can_7f45a7a4.jpg,,reject_weak,reject,weak_reject_category,Drink can,Drink can|Metal bottle cap|Plastic straw,accept,0.610601,0.610601,0.389399,reject,False
images/reject_weak/taco_01057_Paper_cup_02822908.jpg,,reject_weak,reject,weak_reject_category,Paper cup,Paper cup|Unlabeled litter,accept,0.572869,0.572869,0.427131,reject,False
images/reject_weak/taco_01058_Other_plastic_a01b7754.jpg,,reject_weak,reject,weak_reject_category,Other plastic,Other plastic,reject,0.566196,0.433804,0.566196,reject,True
images/accept_weak/taco_01059_Crisp_packet_b9632447.jpg,,accept_weak,accept,weak_accept_category,Crisp packet,Crisp packet,accept,0.618632,0.618632,0.381368,reject,True
images/accept_weak/taco_01060_Disposable_food_container_36aace34.jpg,,accept_weak,accept,weak_accept_category,Disposable food container,Disposable food container|Other plastic|Plastic film,accept,0.540676,0.540676,0.459324,reject,True
images/reject_weak/taco_01061_Food_Can_9f3dfaeb.jpg,,reject_weak,reject,weak_reject_category,Food Can,Food Can,accept,0.705886,0.705886,0.294114,reject,False
images/accept_weak/taco_01062_Cigarette_e7b84a8a.jpg,,accept_weak,accept,weak_accept_category,Cigarette,Disposable plastic cup|Plastic lid|Other plastic|Unlabeled litter|Cigarette,accept,0.531835,0.531835,0.468165,reject,True
images/reject_weak/taco_01063_Clear_plastic_bottle_7a0db0e7.jpg,,reject_weak,reject,weak_reject_category,Clear plastic bottle,Clear plastic bottle,reject,0.561260,0.438740,0.561260,reject,True
images/accept_weak/taco_01064_Cigarette_233764a4.jpg,,accept_weak,accept,weak_accept_category,Cigarette,Disposable plastic cup|Paper cup|Plastic straw|Plastic lid|Corrugated carton|Paper bag|Normal paper|Unlabeled litter|Cigarette,reject,0.769589,0.230411,0.769589,reject,False
images/accept_weak/taco_01065_Plastic_film_e76265f5.jpg,,accept_weak,accept,weak_accept_category,Plastic film,Meal carton|Plastic film,accept,0.593078,0.593078,0.406922,reject,True
images/reject_weak/taco_01066_Pop_tab_a8b0c305.jpg,,reject_weak,reject,weak_reject_category,Pop tab,Pop tab|Drink can,reject,0.804122,0.195878,0.804122,reject,True
images/reject_weak/taco_01067_Clear_plastic_bottle_c68c89da.jpg,,reject_weak,reject,weak_reject_category,Clear plastic bottle,Clear plastic bottle,accept,0.767016,0.767016,0.232984,accept,False
images/accept_weak/taco_01068_Foam_food_container_d01e08f7.jpg,,accept_weak,accept,weak_accept_category,Foam food container,Foam food container,accept,0.655312,0.655312,0.344688,reject,True
images/reject_weak/taco_01069_Paper_cup_8a34e57b.jpg,,reject_weak,reject,weak_reject_category,Paper cup,Paper cup|Plastic lid|Plastic straw,reject,0.692208,0.307792,0.692208,reject,True
images/reject_weak/taco_01070_Plastic_lid_eb2e7f6b.jpg,,reject_weak,reject,weak_reject_category,Plastic lid,Plastic lid|Paper cup|Other carton,reject,0.546345,0.453655,0.546345,reject,True
images/accept_weak/taco_01071_Single-use_carrier_bag_e94383c0.jpg,,accept_weak,accept,weak_accept_category,Single-use carrier bag,Spread tub|Single-use carrier bag,reject,0.611666,0.388334,0.611666,reject,False
images/accept_weak/taco_01072_Crisp_packet_79d351e4.jpg,,accept_weak,accept,weak_accept_category,Crisp packet,Crisp packet|Cigarette,accept,0.751358,0.751358,0.248642,reject,True
images/accept_weak/taco_01073_Crisp_packet_20cfca78.jpg,,accept_weak,accept,weak_accept_category,Crisp packet,Crisp packet,reject,0.950831,0.049169,0.950831,reject,False
images/reject_weak/taco_01074_Disposable_plastic_cup_01c6d9f4.jpg,,reject_weak,reject,weak_reject_category,Disposable plastic cup,Disposable plastic cup,reject,0.816211,0.183789,0.816211,reject,True
images/accept_weak/taco_01075_Plastic_film_e2ae58dd.jpg,,accept_weak,accept,weak_accept_category,Plastic film,Plastic film,reject,0.762472,0.237528,0.762472,reject,False
images/reject_weak/taco_01076_Disposable_plastic_cup_4d2559f0.jpg,,reject_weak,reject,weak_reject_category,Disposable plastic cup,Disposable plastic cup,accept,0.661820,0.661820,0.338180,reject,False
images/reject_weak/taco_01077_Clear_plastic_bottle_b2ba319c.jpg,,reject_weak,reject,weak_reject_category,Clear plastic bottle,Clear plastic bottle|Aluminium foil,reject,0.910923,0.089077,0.910923,reject,True
images/reject_weak/taco_01078_Clear_plastic_bottle_074f2ec1.jpg,,reject_weak,reject,weak_reject_category,Clear plastic bottle,Clear plastic bottle|Plastic bottle cap|Unlabeled litter|Drink carton,reject,0.572863,0.427137,0.572863,reject,True
images/accept_weak/taco_01079_Single-use_carrier_bag_95265e73.jpg,,accept_weak,accept,weak_accept_category,Single-use carrier bag,Aerosol|Clear plastic bottle|Single-use carrier bag|Normal paper|Plastic film,accept,0.562643,0.562643,0.437357,reject,True
images/accept_weak/taco_01080_Other_plastic_wrapper_e3cece6c.jpg,,accept_weak,accept,weak_accept_category,Other plastic wrapper,Clear plastic bottle|Other plastic wrapper,accept,0.562938,0.562938,0.437062,reject,True
images/reject_weak/taco_01081_Clear_plastic_bottle_6c09344e.jpg,,reject_weak,reject,weak_reject_category,Clear plastic bottle,Clear plastic bottle,reject,0.530503,0.469497,0.530503,reject,True
images/reject_weak/taco_01082_Clear_plastic_bottle_8244e53a.jpg,,reject_weak,reject,weak_reject_category,Clear plastic bottle,Clear plastic bottle|Drink can|Pop tab,reject,0.626730,0.373270,0.626730,reject,True
images/reject_weak/taco_01083_Aluminium_foil_c54af112.jpg,,reject_weak,reject,weak_reject_category,Aluminium foil,Aluminium foil,accept,0.527557,0.527557,0.472443,reject,False
images/accept_weak/taco_01084_Crisp_packet_2c2d5bfa.jpg,,accept_weak,accept,weak_accept_category,Crisp packet,Clear plastic bottle|Plastic bottle cap|Crisp packet|Other plastic wrapper|Unlabeled litter,reject,0.580701,0.419299,0.580701,reject,False
images/reject_weak/taco_01085_Other_carton_5e0be88a.jpg,,reject_weak,reject,weak_reject_category,Other carton,Other carton,reject,0.706354,0.293646,0.706354,reject,True
images/accept_weak/taco_01086_Other_plastic_wrapper_ffdffd51.jpg,,accept_weak,accept,weak_accept_category,Other plastic wrapper,Other plastic wrapper,accept,0.576405,0.576405,0.423595,reject,True
images/accept_weak/taco_01087_Plastic_film_02fc54bd.jpg,,accept_weak,accept,weak_accept_category,Plastic film,Plastic film,accept,0.783287,0.783287,0.216712,accept,True
images/reject_weak/taco_01088_Clear_plastic_bottle_769c1d20.jpg,,reject_weak,reject,weak_reject_category,Clear plastic bottle,Clear plastic bottle|Plastic bottle cap,reject,0.563717,0.436283,0.563717,reject,True
images/reject_weak/taco_01089_Other_plastic_bab37df4.jpg,,reject_weak,reject,weak_reject_category,Other plastic,Other plastic|Plastic straw|Plastic lid,accept,0.504473,0.504473,0.495527,reject,False
images/reject_weak/taco_01090_Aluminium_foil_2a0aff0d.jpg,,reject_weak,reject,weak_reject_category,Aluminium foil,Aluminium foil,accept,0.579781,0.579781,0.420219,reject,False
images/reject_weak/taco_01091_Clear_plastic_bottle_03d7180f.jpg,,reject_weak,reject,weak_reject_category,Clear plastic bottle,Clear plastic bottle,accept,0.523775,0.523775,0.476225,reject,False
images/accept_weak/taco_01092_Disposable_food_container_2ce4309c.jpg,,accept_weak,accept,weak_accept_category,Disposable food container,Disposable food container,accept,0.506682,0.506682,0.493318,reject,True
images/reject_weak/taco_01093_Aluminium_foil_89ab0340.jpg,,reject_weak,reject,weak_reject_category,Aluminium foil,Aluminium foil,accept,0.512946,0.512946,0.487054,reject,False
images/accept_weak/taco_01094_Other_plastic_wrapper_f9b5f390.jpg,,accept_weak,accept,weak_accept_category,Other plastic wrapper,Clear plastic bottle|Other plastic wrapper,accept,0.535668,0.535668,0.464332,reject,True
images/reject_weak/taco_01095_Aluminium_foil_28d21c08.jpg,,reject_weak,reject,weak_reject_category,Aluminium foil,Aluminium foil,accept,0.575536,0.575536,0.424464,reject,False
images/reject_weak/taco_01096_Clear_plastic_bottle_bc994a1f.jpg,,reject_weak,reject,weak_reject_category,Clear plastic bottle,Clear plastic bottle,reject,0.928613,0.071387,0.928613,reject,True
images/reject_weak/taco_01097_Clear_plastic_bottle_58ba1f96.jpg,,reject_weak,reject,weak_reject_category,Clear plastic bottle,Clear plastic bottle|Other plastic,accept,0.799173,0.799173,0.200827,accept,False
images/accept_weak/taco_01098_Plastic_film_8dab0d65.jpg,,accept_weak,accept,weak_accept_category,Plastic film,Drink can|Plastic film,accept,0.536344,0.536344,0.463655,reject,True
images/reject_weak/taco_01099_Clear_plastic_bottle_8b5a71de.jpg,,reject_weak,reject,weak_reject_category,Clear plastic bottle,Clear plastic bottle|Plastic bottle cap,accept,0.540451,0.540451,0.459549,reject,False
images/reject_weak/taco_01101_Aerosol_f013633f.jpg,,reject_weak,reject,weak_reject_category,Aerosol,Aerosol|Glass bottle|Clear plastic bottle,accept,0.641940,0.641940,0.358060,reject,False
images/reject_weak/taco_01102_Glass_bottle_1d261396.jpg,,reject_weak,reject,weak_reject_category,Glass bottle,Glass bottle|Unlabeled litter,reject,0.516457,0.483543,0.516457,reject,True
images/reject_weak/taco_01103_Clear_plastic_bottle_b1ef908d.jpg,,reject_weak,reject,weak_reject_category,Clear plastic bottle,Clear plastic bottle|Glass bottle|Paper cup,reject,0.568178,0.431822,0.568178,reject,True
images/reject_weak/taco_01104_Corrugated_carton_0aee8c39.jpg,,reject_weak,reject,weak_reject_category,Corrugated carton,Corrugated carton,reject,0.906922,0.093078,0.906922,reject,True
images/reject_weak/taco_01105_Other_plastic_bottle_5fe538a2.jpg,,reject_weak,reject,weak_reject_category,Other plastic bottle,Other plastic bottle|Corrugated carton,reject,0.818259,0.181741,0.818259,reject,True
images/reject_weak/taco_01106_Clear_plastic_bottle_67408f3a.jpg,,reject_weak,reject,weak_reject_category,Clear plastic bottle,Clear plastic bottle|Plastic bottle cap|Scrap metal,accept,0.668524,0.668524,0.331476,reject,False
images/accept_weak/taco_01107_Other_plastic_wrapper_d84aad28.jpg,,accept_weak,accept,weak_accept_category,Other plastic wrapper,Clear plastic bottle|Other plastic bottle|Unlabeled litter|Other plastic|Paper cup|Other plastic wrapper|Plastic film|Drink can|Plastic lid|Plastic straw|Plastic bottle cap,accept,0.602744,0.602744,0.397256,reject,True
images/reject_weak/taco_01108_Plastic_bottle_cap_9dfe8b16.jpg,,reject_weak,reject,weak_reject_category,Plastic bottle cap,Plastic bottle cap,accept,0.558833,0.558833,0.441167,reject,False
images/reject_weak/taco_01109_Tupperware_3d4294e5.jpg,,reject_weak,reject,weak_reject_category,Tupperware,Tupperware,accept,0.625879,0.625879,0.374121,reject,False
images/reject_weak/taco_01110_Clear_plastic_bottle_88229e58.jpg,,reject_weak,reject,weak_reject_category,Clear plastic bottle,Clear plastic bottle,reject,0.512785,0.487215,0.512785,reject,True
images/accept_weak/taco_01111_Plastic_utensils_84bc26df.jpg,,accept_weak,accept,weak_accept_category,Plastic utensils,Plastic utensils|Paper bag|Plastic film|Other plastic wrapper|Pop tab|Cigarette,accept,0.591510,0.591510,0.408490,reject,True
images/accept_weak/taco_01112_Cigarette_cef02c27.jpg,,accept_weak,accept,weak_accept_category,Cigarette,Clear plastic bottle|Cigarette,accept,0.564936,0.564936,0.435064,reject,True
images/accept_weak/taco_01113_Single-use_carrier_bag_6868a17e.jpg,,accept_weak,accept,weak_accept_category,Single-use carrier bag,Clear plastic bottle|Plastic bottle cap|Single-use carrier bag,reject,0.583446,0.416554,0.583446,reject,False
images/reject_weak/taco_01114_Tupperware_b8b4ad47.jpg,,reject_weak,reject,weak_reject_category,Tupperware,Tupperware|Plastic bottle cap|Unlabeled litter,reject,0.521769,0.478231,0.521769,reject,True
images/accept_weak/taco_01115_Foam_food_container_dc9ef771.jpg,,accept_weak,accept,weak_accept_category,Foam food container,Foam food container,reject,0.678090,0.321910,0.678090,reject,False
images/accept_weak/taco_01116_Plastic_film_b1c6304f.jpg,,accept_weak,accept,weak_accept_category,Plastic film,Plastic film,accept,0.744635,0.744635,0.255365,reject,True
images/accept_weak/taco_01117_Disposable_food_container_44d10ab7.jpg,,accept_weak,accept,weak_accept_category,Disposable food container,Pizza box|Disposable food container,reject,0.628573,0.371427,0.628573,reject,False
images/reject_weak/taco_01118_Clear_plastic_bottle_c711759d.jpg,,reject_weak,reject,weak_reject_category,Clear plastic bottle,Clear plastic bottle,reject,0.801194,0.198806,0.801194,reject,True
images/reject_weak/taco_01119_Corrugated_carton_48e73c3b.jpg,,reject_weak,reject,weak_reject_category,Corrugated carton,Corrugated carton,reject,0.917519,0.082481,0.917519,reject,True
images/reject_weak/taco_01120_Clear_plastic_bottle_1b2151e4.jpg,,reject_weak,reject,weak_reject_category,Clear plastic bottle,Clear plastic bottle|Aluminium foil,reject,0.895441,0.104559,0.895441,reject,True
images/reject_weak/taco_01121_Drink_carton_f6858f3e.jpg,,reject_weak,reject,weak_reject_category,Drink carton,Drink carton|Other carton|Clear plastic bottle|Aluminium foil,reject,0.821582,0.178418,0.821582,reject,True
images/accept_weak/taco_01122_Other_plastic_wrapper_26199319.jpg,,accept_weak,accept,weak_accept_category,Other plastic wrapper,Clear plastic bottle|Glass bottle|Other plastic wrapper|Unlabeled litter,accept,0.658499,0.658499,0.341501,reject,True
images/accept_weak/taco_01123_Single-use_carrier_bag_8f6667b2.jpg,,accept_weak,accept,weak_accept_category,Single-use carrier bag,Drink can|Clear plastic bottle|Single-use carrier bag|Pop tab,reject,0.768439,0.231561,0.768439,reject,False
images/accept_weak/taco_01124_Foam_food_container_4665fab1.jpg,,accept_weak,accept,weak_accept_category,Foam food container,Disposable plastic cup|Foam food container,accept,0.718556,0.718556,0.281444,reject,True
images/reject_weak/taco_01125_Aluminium_foil_4a2dab6d.jpg,,reject_weak,reject,weak_reject_category,Aluminium foil,Aluminium foil,reject,0.561494,0.438506,0.561494,reject,True
images/reject_weak/taco_01126_Disposable_plastic_cup_d058a20d.jpg,,reject_weak,reject,weak_reject_category,Disposable plastic cup,Disposable plastic cup,reject,0.989892,0.010109,0.989892,reject,True
images/reject_weak/taco_01127_Clear_plastic_bottle_fd267dec.jpg,,reject_weak,reject,weak_reject_category,Clear plastic bottle,Clear plastic bottle,accept,0.776452,0.776452,0.223548,accept,False
images/reject_weak/taco_01128_Other_plastic_6ea3bc5b.jpg,,reject_weak,reject,weak_reject_category,Other plastic,Other plastic,reject,0.705682,0.294318,0.705682,reject,True
images/accept_weak/taco_01129_Single-use_carrier_bag_31e211a4.jpg,,accept_weak,accept,weak_accept_category,Single-use carrier bag,Single-use carrier bag|Unlabeled litter,reject,0.513427,0.486573,0.513427,reject,False
images/accept_weak/taco_01130_Disposable_food_container_15e0f91c.jpg,,accept_weak,accept,weak_accept_category,Disposable food container,Disposable food container,reject,0.585535,0.414465,0.585535,reject,False
images/reject_weak/taco_01131_Clear_plastic_bottle_61b02e82.jpg,,reject_weak,reject,weak_reject_category,Clear plastic bottle,Clear plastic bottle|Plastic bottle cap,reject,0.504290,0.495710,0.504290,reject,True
images/accept_weak/taco_01132_Cigarette_b6a03530.jpg,,accept_weak,accept,weak_accept_category,Cigarette,Clear plastic bottle|Cigarette,accept,0.608932,0.608932,0.391068,reject,True
images/reject_weak/taco_01133_Clear_plastic_bottle_79b62022.jpg,,reject_weak,reject,weak_reject_category,Clear plastic bottle,Clear plastic bottle|Plastic bottle cap,accept,0.602715,0.602715,0.397285,reject,False
images/accept_weak/taco_01134_Plastic_film_93e5fdad.jpg,,accept_weak,accept,weak_accept_category,Plastic film,Plastic film|Other plastic wrapper,accept,0.599896,0.599896,0.400104,reject,True
images/accept_weak/taco_01135_Foam_food_container_f7f590f3.jpg,,accept_weak,accept,weak_accept_category,Foam food container,Foam food container|Disposable plastic cup,accept,0.817413,0.817413,0.182587,accept,True
images/reject_weak/taco_01136_Aluminium_foil_be3af32d.jpg,,reject_weak,reject,weak_reject_category,Aluminium foil,Aluminium foil|Paper bag,reject,0.700594,0.299406,0.700594,reject,True
images/reject_weak/taco_01137_Drink_can_b07dad73.jpg,,reject_weak,reject,weak_reject_category,Drink can,Drink can,accept,0.540711,0.540711,0.459289,reject,False
images/reject_weak/taco_01138_Aluminium_foil_a07e8400.jpg,,reject_weak,reject,weak_reject_category,Aluminium foil,Aluminium foil,reject,0.955355,0.044645,0.955355,reject,True
images/accept_weak/taco_01139_Plastic_film_68d11fac.jpg,,accept_weak,accept,weak_accept_category,Plastic film,Clear plastic bottle|Plastic film,accept,0.552462,0.552462,0.447538,reject,True
images/accept_weak/taco_01140_Crisp_packet_3d3a9632.jpg,,accept_weak,accept,weak_accept_category,Crisp packet,Aerosol|Clear plastic bottle|Crisp packet|Other plastic wrapper|Unlabeled litter|Other plastic,accept,0.634313,0.634313,0.365687,reject,True
images/reject_weak/taco_01141_Drink_can_436405cf.jpg,,reject_weak,reject,weak_reject_category,Drink can,Drink can|Clear plastic bottle,accept,0.743669,0.743669,0.256331,reject,False
images/reject_weak/taco_01142_Aluminium_foil_1cfb3cd0.jpg,,reject_weak,reject,weak_reject_category,Aluminium foil,Aluminium foil,reject,0.897962,0.102038,0.897962,reject,True
images/reject_weak/taco_01143_Clear_plastic_bottle_5ce5e2a6.jpg,,reject_weak,reject,weak_reject_category,Clear plastic bottle,Clear plastic bottle,accept,0.509796,0.509796,0.490204,reject,False
images/reject_weak/taco_01144_Plastic_lid_b395748e.jpg,,reject_weak,reject,weak_reject_category,Plastic lid,Plastic lid|Plastic straw,accept,0.571759,0.571759,0.428241,reject,False
images/reject_weak/taco_01145_Clear_plastic_bottle_0207866d.jpg,,reject_weak,reject,weak_reject_category,Clear plastic bottle,Clear plastic bottle|Unlabeled litter,accept,0.553064,0.553064,0.446936,reject,False
images/reject_weak/taco_01146_Other_plastic_d90c8d1b.jpg,,reject_weak,reject,weak_reject_category,Other plastic,Other plastic|Unlabeled litter,reject,0.507100,0.492901,0.507100,reject,True
images/accept_weak/taco_01147_Crisp_packet_59218a14.jpg,,accept_weak,accept,weak_accept_category,Crisp packet,Clear plastic bottle|Plastic bottle cap|Crisp packet|Unlabeled litter,reject,0.524757,0.475243,0.524757,reject,False
images/reject_weak/taco_01148_Drink_can_f97cb95c.jpg,,reject_weak,reject,weak_reject_category,Drink can,Drink can,reject,0.502401,0.497599,0.502401,reject,True
images/reject_weak/taco_01149_Disposable_plastic_cup_f81c3039.jpg,,reject_weak,reject,weak_reject_category,Disposable plastic cup,Disposable plastic cup,reject,0.766499,0.233501,0.766499,reject,True
images/accept_weak/taco_01150_Plastic_film_d06b5f34.jpg,,accept_weak,accept,weak_accept_category,Plastic film,Plastic film,accept,0.622063,0.622063,0.377937,reject,True
images/reject_weak/taco_01151_Corrugated_carton_80878fdc.jpg,,reject_weak,reject,weak_reject_category,Corrugated carton,Corrugated carton,reject,0.949743,0.050257,0.949743,reject,True
images/reject_weak/taco_01152_Food_Can_a56ecd59.jpg,,reject_weak,reject,weak_reject_category,Food Can,Food Can|Pop tab|Aluminium foil|Drink carton|Plastic straw,accept,0.520886,0.520886,0.479114,reject,False
images/reject_weak/taco_01153_Clear_plastic_bottle_18624b72.jpg,,reject_weak,reject,weak_reject_category,Clear plastic bottle,Clear plastic bottle|Drink carton|Plastic bottle cap,reject,0.579728,0.420272,0.579728,reject,True
images/reject_weak/taco_01154_Paper_bag_9a168376.jpg,,reject_weak,reject,weak_reject_category,Paper bag,Paper bag|Aluminium foil,reject,0.951096,0.048904,0.951096,reject,True
images/reject_weak/taco_01155_Clear_plastic_bottle_a7068a41.jpg,,reject_weak,reject,weak_reject_category,Clear plastic bottle,Clear plastic bottle,reject,0.893072,0.106928,0.893072,reject,True
images/accept_weak/taco_01156_Other_plastic_wrapper_db9ddd6b.jpg,,accept_weak,accept,weak_accept_category,Other plastic wrapper,Other plastic wrapper,accept,0.771762,0.771762,0.228238,accept,True
images/reject_weak/taco_01157_Clear_plastic_bottle_d52cb230.jpg,,reject_weak,reject,weak_reject_category,Clear plastic bottle,Clear plastic bottle|Plastic bottle cap,accept,0.518197,0.518197,0.481803,reject,False
images/accept_weak/taco_01158_Foam_food_container_b6a93d5f.jpg,,accept_weak,accept,weak_accept_category,Foam food container,Foam food container,reject,0.693894,0.306106,0.693894,reject,False
images/reject_weak/taco_01159_Drink_carton_8e1064aa.jpg,,reject_weak,reject,weak_reject_category,Drink carton,Drink carton|Meal carton|Clear plastic bottle|Aluminium foil,reject,0.711112,0.288888,0.711112,reject,True
images/reject_weak/taco_01160_Paper_cup_19395dc5.jpg,,reject_weak,reject,weak_reject_category,Paper cup,Paper cup|Clear plastic bottle|Glass bottle,reject,0.686545,0.313455,0.686545,reject,True
images/accept_weak/taco_01161_Cigarette_e8845b77.jpg,,accept_weak,accept,weak_accept_category,Cigarette,Clear plastic bottle|Cigarette,accept,0.561796,0.561796,0.438204,reject,True
images/accept_weak/taco_01162_Crisp_packet_c090e5d2.jpg,,accept_weak,accept,weak_accept_category,Crisp packet,Drink can|Crisp packet,reject,0.506129,0.493871,0.506129,reject,False
images/accept_weak/taco_01163_Plastic_utensils_78113572.jpg,,accept_weak,accept,weak_accept_category,Plastic utensils,Plastic utensils,accept,0.548037,0.548037,0.451963,reject,True
images/reject_weak/taco_01164_Clear_plastic_bottle_b57f7729.jpg,,reject_weak,reject,weak_reject_category,Clear plastic bottle,Clear plastic bottle,reject,0.898844,0.101156,0.898844,reject,True
images/reject_weak/taco_01165_Corrugated_carton_fc90da72.jpg,,reject_weak,reject,weak_reject_category,Corrugated carton,Corrugated carton,reject,0.968359,0.031641,0.968359,reject,True
images/reject_weak/taco_01166_Paper_cup_d7d6d46f.jpg,,reject_weak,reject,weak_reject_category,Paper cup,Paper cup,reject,0.558387,0.441613,0.558387,reject,True
images/accept_weak/taco_01167_Plastic_film_cc9e4add.jpg,,accept_weak,accept,weak_accept_category,Plastic film,Plastic film,accept,0.594810,0.594810,0.405190,reject,True
images/reject_weak/taco_01168_Plastic_bottle_cap_f295f0bf.jpg,,reject_weak,reject,weak_reject_category,Plastic bottle cap,Plastic bottle cap|Clear plastic bottle|Unlabeled litter,reject,0.509266,0.490734,0.509266,reject,True
images/accept_weak/taco_01169_Other_plastic_wrapper_8b2f5daa.jpg,,accept_weak,accept,weak_accept_category,Other plastic wrapper,Other plastic wrapper|Cigarette,accept,0.654689,0.654689,0.345311,reject,True
images/accept_weak/taco_01170_Plastic_utensils_23d72831.jpg,,accept_weak,accept,weak_accept_category,Plastic utensils,Plastic utensils|Cigarette,accept,0.699261,0.699261,0.300739,reject,True
images/reject_weak/taco_01171_Corrugated_carton_ea151ef6.jpg,,reject_weak,reject,weak_reject_category,Corrugated carton,Corrugated carton,reject,0.905171,0.094829,0.905171,reject,True
images/accept_weak/taco_01172_Other_plastic_wrapper_617057de.jpg,,accept_weak,accept,weak_accept_category,Other plastic wrapper,Other plastic wrapper|Plastic film|Normal paper|Plastic utensils,reject,0.618275,0.381725,0.618275,reject,False
images/accept_weak/taco_01173_Other_plastic_wrapper_6c473929.jpg,,accept_weak,accept,weak_accept_category,Other plastic wrapper,Other plastic wrapper,accept,0.548614,0.548614,0.451386,reject,True
images/reject_weak/taco_01174_Plastic_straw_ef11df4b.jpg,,reject_weak,reject,weak_reject_category,Plastic straw,Plastic straw|Other plastic|Plastic bottle cap,reject,0.509088,0.490912,0.509088,reject,True
images/reject_weak/taco_01175_Plastic_straw_ea5a7f9f.jpg,,reject_weak,reject,weak_reject_category,Plastic straw,Plastic straw|Other plastic|Unlabeled litter,reject,0.512207,0.487793,0.512207,reject,True
images/reject_weak/taco_01176_Metal_bottle_cap_f9101d15.jpg,,reject_weak,reject,weak_reject_category,Metal bottle cap,Metal bottle cap,accept,0.578584,0.578584,0.421416,reject,False
images/accept_weak/taco_01177_Other_plastic_wrapper_843807fa.jpg,,accept_weak,accept,weak_accept_category,Other plastic wrapper,Other plastic wrapper|Other plastic,reject,0.554554,0.445446,0.554554,reject,False
images/accept_weak/taco_01178_Plastic_film_7388d54a.jpg,,accept_weak,accept,weak_accept_category,Plastic film,Plastic film,accept,0.511457,0.511457,0.488543,reject,True
images/reject_weak/taco_01179_Other_plastic_cb60b0ea.jpg,,reject_weak,reject,weak_reject_category,Other plastic,Other plastic|Corrugated carton,accept,0.518441,0.518441,0.481559,reject,False
images/accept_weak/taco_01180_Plastic_utensils_6c2c96b1.jpg,,accept_weak,accept,weak_accept_category,Plastic utensils,Plastic utensils,reject,0.621574,0.378426,0.621574,reject,False
images/reject_weak/taco_01181_Clear_plastic_bottle_9719d688.jpg,,reject_weak,reject,weak_reject_category,Clear plastic bottle,Clear plastic bottle|Plastic bottle cap,reject,0.659395,0.340605,0.659395,reject,True
images/reject_weak/taco_01182_Drink_can_a72b44b3.jpg,,reject_weak,reject,weak_reject_category,Drink can,Drink can,reject,0.842917,0.157083,0.842917,reject,True
images/accept_weak/taco_01183_Plastic_film_618fb00e.jpg,,accept_weak,accept,weak_accept_category,Plastic film,Plastic film,accept,0.589058,0.589058,0.410942,reject,True
images/reject_weak/taco_01184_Aluminium_foil_e49861ac.jpg,,reject_weak,reject,weak_reject_category,Aluminium foil,Aluminium foil|Magazine paper,accept,0.574088,0.574088,0.425912,reject,False
images/reject_weak/taco_01185_Aluminium_foil_07b27da0.jpg,,reject_weak,reject,weak_reject_category,Aluminium foil,Aluminium foil,accept,0.589741,0.589741,0.410259,reject,False
images/reject_weak/taco_01187_Clear_plastic_bottle_e5bf0846.jpg,,reject_weak,reject,weak_reject_category,Clear plastic bottle,Clear plastic bottle,accept,0.526673,0.526673,0.473327,reject,False
images/reject_weak/taco_01188_Clear_plastic_bottle_76a8e54a.jpg,,reject_weak,reject,weak_reject_category,Clear plastic bottle,Clear plastic bottle,reject,0.511745,0.488255,0.511745,reject,True
images/accept_weak/taco_01189_Styrofoam_piece_21e598c2.jpg,,accept_weak,accept,weak_accept_category,Styrofoam piece,Styrofoam piece,reject,0.525305,0.474695,0.525305,reject,False
images/accept_weak/taco_01190_Disposable_food_container_88da93da.jpg,,accept_weak,accept,weak_accept_category,Disposable food container,Disposable food container,reject,0.535084,0.464916,0.535084,reject,False
images/accept_weak/taco_01191_Styrofoam_piece_884a2744.jpg,,accept_weak,accept,weak_accept_category,Styrofoam piece,Styrofoam piece,accept,0.568226,0.568226,0.431774,reject,True
images/accept_weak/taco_01192_Styrofoam_piece_1a679e40.jpg,,accept_weak,accept,weak_accept_category,Styrofoam piece,Styrofoam piece|Normal paper|Unlabeled litter,reject,0.515340,0.484660,0.515340,reject,False
images/accept_weak/taco_01193_Tissues_22bdb39b.jpg,,accept_weak,accept,weak_accept_category,Tissues,Other plastic|Unlabeled litter|Tissues|Clear plastic bottle|Plastic straw|Cigarette,accept,0.641595,0.641595,0.358405,reject,True
images/accept_weak/taco_01194_Plastic_film_209c0d06.jpg,,accept_weak,accept,weak_accept_category,Plastic film,Other carton|Plastic film|Cigarette,accept,0.599366,0.599366,0.400634,reject,True
images/reject_weak/taco_01195_Drink_can_cf4ab0df.jpg,,reject_weak,reject,weak_reject_category,Drink can,Drink can|Unlabeled litter,accept,0.543197,0.543197,0.456803,reject,False
images/reject_weak/taco_01196_Drink_can_2c3fcb37.jpg,,reject_weak,reject,weak_reject_category,Drink can,Drink can|Pop tab,accept,0.664748,0.664748,0.335252,reject,False
images/accept_weak/taco_01197_Tissues_bf1429da.jpg,,accept_weak,accept,weak_accept_category,Tissues,Paper cup|Plastic lid|Tissues,reject,0.684144,0.315856,0.684144,reject,False
images/reject_weak/taco_01198_Disposable_plastic_cup_730d684a.jpg,,reject_weak,reject,weak_reject_category,Disposable plastic cup,Disposable plastic cup,reject,0.776185,0.223815,0.776185,reject,True
images/reject_weak/taco_01199_Paper_cup_dfc2d4ae.jpg,,reject_weak,reject,weak_reject_category,Paper cup,Paper cup|Plastic lid,reject,0.787909,0.212091,0.787909,reject,True
images/reject_weak/taco_01200_Paper_cup_0c2d13b1.jpg,,reject_weak,reject,weak_reject_category,Paper cup,Paper cup|Disposable plastic cup,reject,0.717401,0.282599,0.717401,reject,True
images/reject_weak/taco_01201_Metal_bottle_cap_4431acf1.jpg,,reject_weak,reject,weak_reject_category,Metal bottle cap,Metal bottle cap,reject,0.656070,0.343930,0.656070,reject,True
images/accept_weak/taco_01202_Crisp_packet_96101d29.jpg,,accept_weak,accept,weak_accept_category,Crisp packet,Crisp packet|Garbage bag|Paper cup|Other plastic|Cigarette,reject,0.710134,0.289866,0.710134,reject,False
images/accept_weak/taco_01203_Single-use_carrier_bag_1c8ca3df.jpg,,accept_weak,accept,weak_accept_category,Single-use carrier bag,Drink carton|Meal carton|Plastic straw|Single-use carrier bag|Plastic film|Food Can|Other plastic,accept,0.560552,0.560552,0.439448,reject,True
images/accept_weak/taco_01204_Cigarette_c78a93ab.jpg,,accept_weak,accept,weak_accept_category,Cigarette,Disposable plastic cup|Cigarette,reject,0.606775,0.393225,0.606775,reject,False
images/reject_weak/taco_01205_Drink_carton_cded763e.jpg,,reject_weak,reject,weak_reject_category,Drink carton,Drink carton|Plastic straw,reject,0.730639,0.269361,0.730639,reject,True
images/accept_weak/taco_01206_Foam_food_container_fe7c28e4.jpg,,accept_weak,accept,weak_accept_category,Foam food container,Foam food container|Unlabeled litter|Other plastic wrapper|Plastic film|Cigarette,accept,0.700970,0.700970,0.299030,reject,True
images/reject_weak/taco_01207_Drink_carton_07ffdf4e.jpg,,reject_weak,reject,weak_reject_category,Drink carton,Drink carton,accept,0.671224,0.671224,0.328776,reject,False
images/accept_weak/taco_01208_Cigarette_146ef447.jpg,,accept_weak,accept,weak_accept_category,Cigarette,Paper cup|Other plastic|Unlabeled litter|Cigarette,accept,0.634885,0.634885,0.365115,reject,True
images/accept_weak/taco_01209_Plastic_film_f656bce6.jpg,,accept_weak,accept,weak_accept_category,Plastic film,Plastic straw|Drink carton|Clear plastic bottle|Plastic film|Foam cup|Normal paper|Cigarette,accept,0.730663,0.730663,0.269337,reject,True
images/reject_weak/taco_01210_Drink_carton_3703c03e.jpg,,reject_weak,reject,weak_reject_category,Drink carton,Drink carton|Plastic lid,accept,0.588062,0.588062,0.411939,reject,False
images/accept_weak/taco_01211_Cigarette_6227be90.jpg,,accept_weak,accept,weak_accept_category,Cigarette,Glass bottle|Normal paper|Cigarette,accept,0.668345,0.668345,0.331655,reject,True
images/accept_weak/taco_01212_Styrofoam_piece_68e97e44.jpg,,accept_weak,accept,weak_accept_category,Styrofoam piece,Paper cup|Metal bottle cap|Normal paper|Unlabeled litter|Styrofoam piece,accept,0.678973,0.678973,0.321027,reject,True
images/accept_weak/taco_01213_Single-use_carrier_bag_16c932d1.jpg,,accept_weak,accept,weak_accept_category,Single-use carrier bag,Single-use carrier bag|Plastic film|Other plastic wrapper|Plastic utensils|Clear plastic bottle|Spread tub|Tissues|Other carton|Unlabeled litter|Other plastic|Plastic straw|Paper cup|Plastic bottle cap,accept,0.519357,0.519357,0.480643,reject,True
images/accept_weak/taco_01214_Plastic_utensils_5003b6b0.jpg,,accept_weak,accept,weak_accept_category,Plastic utensils,Plastic utensils|Plastic straw|Unlabeled litter,accept,0.684662,0.684662,0.315338,reject,True
images/accept_weak/taco_01215_Single-use_carrier_bag_72f12615.jpg,,accept_weak,accept,weak_accept_category,Single-use carrier bag,Plastic straw|Single-use carrier bag|Plastic film|Pizza box|Drink carton|Paper cup|Cigarette,reject,0.854172,0.145828,0.854172,reject,False
images/reject_weak/taco_01216_Egg_carton_30549374.jpg,,reject_weak,reject,weak_reject_category,Egg carton,Egg carton|Other plastic,accept,0.562788,0.562788,0.437212,reject,False
images/accept_weak/taco_01217_Plastic_utensils_02b5e8af.jpg,,accept_weak,accept,weak_accept_category,Plastic utensils,Paper cup|Plastic utensils,accept,0.586743,0.586743,0.413257,reject,True
images/accept_weak/taco_01218_Single-use_carrier_bag_ab77c153.jpg,,accept_weak,accept,weak_accept_category,Single-use carrier bag,Single-use carrier bag|Other plastic,accept,0.600749,0.600749,0.399251,reject,True
images/accept_weak/taco_01219_Plastic_film_73f668bc.jpg,,accept_weak,accept,weak_accept_category,Plastic film,Plastic film,accept,0.586804,0.586804,0.413196,reject,True
images/reject_weak/taco_01220_Spread_tub_fc18bf9a.jpg,,reject_weak,reject,weak_reject_category,Spread tub,Spread tub,accept,0.559184,0.559184,0.440816,reject,False
images/reject_weak/taco_01221_Disposable_plastic_cup_34cbae4d.jpg,,reject_weak,reject,weak_reject_category,Disposable plastic cup,Disposable plastic cup,reject,0.576718,0.423282,0.576718,reject,True
images/reject_weak/taco_01222_Clear_plastic_bottle_328da73b.jpg,,reject_weak,reject,weak_reject_category,Clear plastic bottle,Clear plastic bottle|Normal paper,accept,0.761415,0.761415,0.238585,accept,False
images/accept_weak/taco_01223_Other_plastic_wrapper_e2c24e8e.jpg,,accept_weak,accept,weak_accept_category,Other plastic wrapper,Other plastic wrapper,accept,0.620242,0.620242,0.379758,reject,True
images/accept_weak/taco_01224_Plastic_film_44472265.jpg,,accept_weak,accept,weak_accept_category,Plastic film,Clear plastic bottle|Plastic bottle cap|Plastic film|Other plastic wrapper|Unlabeled litter,accept,0.736204,0.736204,0.263796,reject,True
images/reject_weak/taco_01225_Plastic_straw_8f00ba31.jpg,,reject_weak,reject,weak_reject_category,Plastic straw,Plastic straw|Unlabeled litter,accept,0.708328,0.708328,0.291672,reject,False
images/accept_weak/taco_01226_Other_plastic_wrapper_9445bf54.jpg,,accept_weak,accept,weak_accept_category,Other plastic wrapper,Other plastic wrapper|Plastic film,accept,0.692985,0.692985,0.307015,reject,True
images/accept_weak/taco_01227_Single-use_carrier_bag_c288a236.jpg,,accept_weak,accept,weak_accept_category,Single-use carrier bag,Single-use carrier bag|Clear plastic bottle|Plastic bottle cap|Unlabeled litter,accept,0.640225,0.640225,0.359775,reject,True
images/accept_weak/taco_01228_Disposable_food_container_1fc5d6f5.jpg,,accept_weak,accept,weak_accept_category,Disposable food container,Foam cup|Disposable food container|Plastic film,accept,0.584284,0.584284,0.415716,reject,True
images/accept_weak/taco_01229_Plastic_film_c5b559c3.jpg,,accept_weak,accept,weak_accept_category,Plastic film,Plastic film|Other plastic,accept,0.596556,0.596556,0.403444,reject,True
images/accept_weak/taco_01230_Other_plastic_wrapper_93e21a41.jpg,,accept_weak,accept,weak_accept_category,Other plastic wrapper,Other plastic wrapper,accept,0.695133,0.695133,0.304867,reject,True
images/accept_weak/taco_01231_Plastic_film_64dc8ff6.jpg,,accept_weak,accept,weak_accept_category,Plastic film,Plastic film,accept,0.853110,0.853110,0.146890,accept,True
images/accept_weak/taco_01232_Plastic_utensils_cf7d4c58.jpg,,accept_weak,accept,weak_accept_category,Plastic utensils,Plastic utensils|Plastic straw|Other plastic,accept,0.843141,0.843141,0.156859,accept,True
images/accept_weak/taco_01233_Single-use_carrier_bag_7c30f661.jpg,,accept_weak,accept,weak_accept_category,Single-use carrier bag,Single-use carrier bag,accept,0.542598,0.542598,0.457402,reject,True
images/accept_weak/taco_01234_Cigarette_36172c00.jpg,,accept_weak,accept,weak_accept_category,Cigarette,Clear plastic bottle|Other plastic bottle|Unlabeled litter|Cigarette,reject,0.605460,0.394540,0.605460,reject,False
images/accept_weak/taco_01235_Cigarette_94eb94ba.jpg,,accept_weak,accept,weak_accept_category,Cigarette,Drink carton|Plastic bottle cap|Cigarette,accept,0.592446,0.592446,0.407554,reject,True
images/reject_weak/taco_01236_Glass_bottle_93bd7037.jpg,,reject_weak,reject,weak_reject_category,Glass bottle,Glass bottle|Unlabeled litter,accept,0.614745,0.614745,0.385255,reject,False
images/reject_weak/taco_01237_Drink_carton_998f0aba.jpg,,reject_weak,reject,weak_reject_category,Drink carton,Drink carton|Unlabeled litter,reject,0.527422,0.472578,0.527422,reject,True
images/accept_weak/taco_01238_Cigarette_0fa98f11.jpg,,accept_weak,accept,weak_accept_category,Cigarette,Clear plastic bottle|Cigarette,reject,0.505439,0.494561,0.505439,reject,False
images/accept_weak/taco_01239_Garbage_bag_13773dde.jpg,,accept_weak,accept,weak_accept_category,Garbage bag,Garbage bag|Single-use carrier bag|Plastic film|Crisp packet|Other carton|Drink carton|Pop tab|Plastic straw|Clear plastic bottle|Plastic bottle cap,reject,0.781005,0.218995,0.781005,reject,False
images/accept_weak/taco_01240_Plastic_film_7d6d3a52.jpg,,accept_weak,accept,weak_accept_category,Plastic film,Clear plastic bottle|Drink carton|Paper cup|Unlabeled litter|Plastic film|Cigarette,reject,0.691539,0.308461,0.691539,reject,False
images/accept_weak/taco_01241_Cigarette_2cc63998.jpg,,accept_weak,accept,weak_accept_category,Cigarette,Aluminium foil|Clear plastic bottle|Plastic bottle cap|Cigarette,accept,0.719139,0.719139,0.280861,reject,True
images/accept_weak/taco_01242_Garbage_bag_66e3f412.jpg,,accept_weak,accept,weak_accept_category,Garbage bag,Paper bag|Drink carton|Other carton|Garbage bag,accept,0.567713,0.567713,0.432287,reject,True
images/reject_weak/taco_01243_Clear_plastic_bottle_03ed9058.jpg,,reject_weak,reject,weak_reject_category,Clear plastic bottle,Clear plastic bottle,accept,0.508915,0.508915,0.491084,reject,False
images/accept_weak/taco_01244_Plastic_film_61eac92c.jpg,,accept_weak,accept,weak_accept_category,Plastic film,Plastic film|Broken glass|Cigarette,accept,0.622302,0.622302,0.377698,reject,True
images/accept_weak/taco_01245_Cigarette_172e24e1.jpg,,accept_weak,accept,weak_accept_category,Cigarette,Disposable plastic cup|Plastic lid|Cigarette,reject,0.534583,0.465417,0.534583,reject,False
images/accept_weak/taco_01246_Other_plastic_wrapper_07d697d9.jpg,,accept_weak,accept,weak_accept_category,Other plastic wrapper,Clear plastic bottle|Other plastic wrapper|Plastic bottle cap|Paper cup|Unlabeled litter|Other carton|Normal paper|Cigarette,accept,0.744084,0.744084,0.255916,reject,True
images/accept_weak/taco_01247_Cigarette_953567b6.jpg,,accept_weak,accept,weak_accept_category,Cigarette,Paper cup|Metal bottle cap|Normal paper|Cigarette,reject,0.553977,0.446023,0.553977,reject,False
images/accept_weak/taco_01248_Single-use_carrier_bag_81cb2661.jpg,,accept_weak,accept,weak_accept_category,Single-use carrier bag,Plastic bottle cap|Disposable plastic cup|Clear plastic bottle|Single-use carrier bag|Plastic straw|Plastic lid|Cigarette,reject,0.565662,0.434338,0.565662,reject,False
images/reject_weak/taco_01249_Clear_plastic_bottle_2838460c.jpg,,reject_weak,reject,weak_reject_category,Clear plastic bottle,Clear plastic bottle,accept,0.609861,0.609861,0.390139,reject,False
images/reject_weak/taco_01250_Clear_plastic_bottle_689d0505.jpg,,reject_weak,reject,weak_reject_category,Clear plastic bottle,Clear plastic bottle,accept,0.587680,0.587680,0.412320,reject,False
images/reject_weak/taco_01251_Clear_plastic_bottle_1b8b7091.jpg,,reject_weak,reject,weak_reject_category,Clear plastic bottle,Clear plastic bottle|Plastic bottle cap,accept,0.563864,0.563864,0.436136,reject,False
images/reject_weak/taco_01252_Clear_plastic_bottle_a67c9d5a.jpg,,reject_weak,reject,weak_reject_category,Clear plastic bottle,Clear plastic bottle|Plastic bottle cap,accept,0.716326,0.716326,0.283674,reject,False
images/reject_weak/taco_01253_Drink_carton_eedb18d6.jpg,,reject_weak,reject,weak_reject_category,Drink carton,Drink carton|Drink can|Food Can|Pop tab,reject,0.744842,0.255158,0.744842,reject,True
images/reject_weak/taco_01254_Disposable_plastic_cup_8c46a2e1.jpg,,reject_weak,reject,weak_reject_category,Disposable plastic cup,Disposable plastic cup,accept,0.581828,0.581828,0.418172,reject,False
images/reject_weak/taco_01255_Paper_cup_48740bc6.jpg,,reject_weak,reject,weak_reject_category,Paper cup,Paper cup,reject,0.509317,0.490683,0.509317,reject,True
images/reject_weak/taco_01256_Drink_can_237cb80d.jpg,,reject_weak,reject,weak_reject_category,Drink can,Drink can,accept,0.673583,0.673583,0.326417,reject,False
images/accept_weak/taco_01257_Cigarette_7d4037e5.jpg,,accept_weak,accept,weak_accept_category,Cigarette,Glass bottle|Drink carton|Cigarette,reject,0.598205,0.401795,0.598205,reject,False
images/accept_weak/taco_01258_Plastic_film_a2c5614e.jpg,,accept_weak,accept,weak_accept_category,Plastic film,Plastic film|Rope & strings,accept,0.503176,0.503176,0.496824,reject,True
images/reject_weak/taco_01259_Other_plastic_6a25d4bc.jpg,,reject_weak,reject,weak_reject_category,Other plastic,Other plastic,accept,0.536643,0.536643,0.463357,reject,False
images/reject_weak/taco_01260_Other_plastic_97379db8.jpg,,reject_weak,reject,weak_reject_category,Other plastic,Other plastic,accept,0.586774,0.586774,0.413226,reject,False
images/reject_weak/taco_01261_Other_plastic_86e2c7d8.jpg,,reject_weak,reject,weak_reject_category,Other plastic,Other plastic,accept,0.581292,0.581292,0.418708,reject,False
images/reject_weak/taco_01262_Other_plastic_1eeb5d17.jpg,,reject_weak,reject,weak_reject_category,Other plastic,Other plastic,accept,0.552468,0.552468,0.447532,reject,False
images/accept_weak/taco_01263_Plastic_film_cb0c95cd.jpg,,accept_weak,accept,weak_accept_category,Plastic film,Plastic film,accept,0.884457,0.884457,0.115543,accept,True
images/accept_weak/taco_01264_Plastic_film_54b642c3.jpg,,accept_weak,accept,weak_accept_category,Plastic film,Plastic film,accept,0.701443,0.701443,0.298557,reject,True
images/reject_weak/taco_01265_Other_plastic_b8f4ab52.jpg,,reject_weak,reject,weak_reject_category,Other plastic,Other plastic,accept,0.930730,0.930730,0.069270,accept,False
images/accept_weak/taco_01267_Plastic_film_0fb9d987.jpg,,accept_weak,accept,weak_accept_category,Plastic film,Plastic film,accept,0.552161,0.552161,0.447839,reject,True
images/accept_weak/taco_01268_Styrofoam_piece_bcbd0706.jpg,,accept_weak,accept,weak_accept_category,Styrofoam piece,Clear plastic bottle|Plastic bottle cap|Styrofoam piece,accept,0.584193,0.584193,0.415808,reject,True
images/reject_weak/taco_01269_Other_plastic_bottle_17035fa3.jpg,,reject_weak,reject,weak_reject_category,Other plastic bottle,Other plastic bottle|Plastic bottle cap,accept,0.580954,0.580954,0.419046,reject,False
images/reject_weak/taco_01270_Disposable_plastic_cup_a6f34718.jpg,,reject_weak,reject,weak_reject_category,Disposable plastic cup,Disposable plastic cup,accept,0.612352,0.612352,0.387648,reject,False
images/reject_weak/taco_01271_Clear_plastic_bottle_bfaf5fb8.jpg,,reject_weak,reject,weak_reject_category,Clear plastic bottle,Clear plastic bottle|Plastic bottle cap,accept,0.572832,0.572832,0.427168,reject,False
images/reject_weak/taco_01272_Clear_plastic_bottle_c443abb4.jpg,,reject_weak,reject,weak_reject_category,Clear plastic bottle,Clear plastic bottle|Plastic bottle cap,accept,0.572304,0.572304,0.427696,reject,False
images/reject_weak/taco_01273_Drink_can_ec9bb4a4.jpg,,reject_weak,reject,weak_reject_category,Drink can,Drink can|Pop tab,reject,0.624527,0.375473,0.624527,reject,True
images/accept_weak/taco_01274_Styrofoam_piece_b437dc35.jpg,,accept_weak,accept,weak_accept_category,Styrofoam piece,Styrofoam piece,accept,0.554064,0.554064,0.445936,reject,True
images/accept_weak/taco_01275_Styrofoam_piece_4d56c89d.jpg,,accept_weak,accept,weak_accept_category,Styrofoam piece,Styrofoam piece,reject,0.559617,0.440383,0.559617,reject,False
images/reject_weak/taco_01276_Drink_can_5258b232.jpg,,reject_weak,reject,weak_reject_category,Drink can,Drink can,accept,0.602239,0.602239,0.397761,reject,False
images/reject_weak/taco_01277_Glass_bottle_bd53d0ec.jpg,,reject_weak,reject,weak_reject_category,Glass bottle,Glass bottle,accept,0.567204,0.567204,0.432796,reject,False
images/accept_weak/taco_01278_Styrofoam_piece_d0e34fe2.jpg,,accept_weak,accept,weak_accept_category,Styrofoam piece,Other plastic|Styrofoam piece,accept,0.771602,0.771602,0.228398,accept,True
images/accept_weak/taco_01279_Plastic_film_e5cf92fe.jpg,,accept_weak,accept,weak_accept_category,Plastic film,Plastic film,accept,0.647228,0.647228,0.352772,reject,True
images/accept_weak/taco_01280_Plastic_film_2e99f7f4.jpg,,accept_weak,accept,weak_accept_category,Plastic film,Plastic film|Other plastic|Unlabeled litter,accept,0.500783,0.500783,0.499217,reject,True
images/accept_weak/taco_01281_Styrofoam_piece_5d745126.jpg,,accept_weak,accept,weak_accept_category,Styrofoam piece,Styrofoam piece|Cigarette,accept,0.553136,0.553136,0.446864,reject,True
images/accept_weak/taco_01282_Other_plastic_wrapper_f0335ec5.jpg,,accept_weak,accept,weak_accept_category,Other plastic wrapper,Other plastic wrapper,accept,0.561897,0.561897,0.438103,reject,True
images/accept_weak/taco_01283_Styrofoam_piece_ae0efd0f.jpg,,accept_weak,accept,weak_accept_category,Styrofoam piece,Clear plastic bottle|Styrofoam piece,accept,0.580681,0.580681,0.419319,reject,True
images/reject_weak/taco_01284_Plastic_bottle_cap_8311eeb8.jpg,,reject_weak,reject,weak_reject_category,Plastic bottle cap,Plastic bottle cap,reject,0.921794,0.078206,0.921794,reject,True
images/accept_weak/taco_01285_Styrofoam_piece_14784535.jpg,,accept_weak,accept,weak_accept_category,Styrofoam piece,Styrofoam piece|Other plastic,accept,0.544852,0.544852,0.455148,reject,True
images/accept_weak/taco_01286_Plastic_film_5f186fd0.jpg,,accept_weak,accept,weak_accept_category,Plastic film,Plastic film,accept,0.676490,0.676490,0.323510,reject,True
images/accept_weak/taco_01287_Other_plastic_wrapper_e3794a42.jpg,,accept_weak,accept,weak_accept_category,Other plastic wrapper,Other plastic wrapper|Styrofoam piece,accept,0.559209,0.559209,0.440791,reject,True
images/reject_weak/taco_01288_Plastic_bottle_cap_747df3dc.jpg,,reject_weak,reject,weak_reject_category,Plastic bottle cap,Plastic bottle cap|Other plastic,accept,0.552338,0.552338,0.447662,reject,False
images/reject_weak/taco_01289_Other_plastic_c73080f6.jpg,,reject_weak,reject,weak_reject_category,Other plastic,Other plastic|Plastic bottle cap,accept,0.615909,0.615909,0.384091,reject,False
images/accept_weak/taco_01290_Single-use_carrier_bag_02cbee45.jpg,,accept_weak,accept,weak_accept_category,Single-use carrier bag,Single-use carrier bag,accept,0.663936,0.663936,0.336064,reject,True
images/accept_weak/taco_01291_Other_plastic_wrapper_33e6aa03.jpg,,accept_weak,accept,weak_accept_category,Other plastic wrapper,Other plastic wrapper|Other plastic|Unlabeled litter,accept,0.622418,0.622418,0.377582,reject,True
images/reject_weak/taco_01292_Clear_plastic_bottle_d4b458a0.jpg,,reject_weak,reject,weak_reject_category,Clear plastic bottle,Clear plastic bottle,accept,0.539471,0.539471,0.460529,reject,False
images/reject_weak/taco_01293_Normal_paper_015f1c4d.jpg,,reject_weak,reject,weak_reject_category,Normal paper,Rope & strings|Normal paper|Other plastic,accept,0.695020,0.695020,0.304980,reject,False
images/reject_weak/taco_01294_Other_plastic_efd00c2a.jpg,,reject_weak,reject,weak_reject_category,Other plastic,Other plastic,reject,0.624426,0.375574,0.624426,reject,True
images/reject_weak/taco_01295_Plastic_bottle_cap_b799eadc.jpg,,reject_weak,reject,weak_reject_category,Plastic bottle cap,Plastic bottle cap|Other plastic,accept,0.519839,0.519839,0.480161,reject,False
images/reject_weak/taco_01296_Other_plastic_6de06198.jpg,,reject_weak,reject,weak_reject_category,Other plastic,Other plastic,reject,0.616001,0.383999,0.616001,reject,True
images/reject_weak/taco_01297_Other_plastic_e2813095.jpg,,reject_weak,reject,weak_reject_category,Other plastic,Other plastic|Plastic bottle cap,accept,0.557234,0.557234,0.442766,reject,False
images/accept_weak/taco_01298_Other_plastic_wrapper_6fa2cd9f.jpg,,accept_weak,accept,weak_accept_category,Other plastic wrapper,Other plastic wrapper,accept,0.846944,0.846944,0.153056,accept,True
images/accept_weak/taco_01299_Styrofoam_piece_67e7ee49.jpg,,accept_weak,accept,weak_accept_category,Styrofoam piece,Styrofoam piece,accept,0.605743,0.605743,0.394257,reject,True
images/reject_weak/taco_01300_Normal_paper_551177e8.jpg,,reject_weak,reject,weak_reject_category,Normal paper,Unlabeled litter|Normal paper|Paper cup,accept,0.606114,0.606114,0.393886,reject,False
images/reject_weak/taco_01302_Disposable_plastic_cup_3f7ff324.jpg,,reject_weak,reject,weak_reject_category,Disposable plastic cup,Unlabeled litter|Disposable plastic cup,accept,0.809579,0.809579,0.190421,accept,False
images/accept_weak/taco_01303_Other_plastic_wrapper_653c4d4b.jpg,,accept_weak,accept,weak_accept_category,Other plastic wrapper,Other plastic wrapper,reject,0.521555,0.478445,0.521555,reject,False
images/reject_weak/taco_01304_Clear_plastic_bottle_010a2df5.jpg,,reject_weak,reject,weak_reject_category,Clear plastic bottle,Clear plastic bottle|Rope & strings,accept,0.702261,0.702261,0.297739,reject,False
images/accept_weak/taco_01305_Other_plastic_wrapper_b0827fae.jpg,,accept_weak,accept,weak_accept_category,Other plastic wrapper,Other plastic wrapper|Unlabeled litter,accept,0.548614,0.548614,0.451386,reject,True
images/reject_weak/taco_01306_Paper_cup_c337a9be.jpg,,reject_weak,reject,weak_reject_category,Paper cup,Paper cup,accept,0.637529,0.637529,0.362471,reject,False
images/reject_weak/taco_01307_Clear_plastic_bottle_aeb3a06c.jpg,,reject_weak,reject,weak_reject_category,Clear plastic bottle,Clear plastic bottle|Plastic bottle cap,accept,0.524987,0.524987,0.475013,reject,False
images/accept_weak/taco_01308_Cigarette_a3f621a1.jpg,,accept_weak,accept,weak_accept_category,Cigarette,Broken glass|Drink can|Cigarette|Unlabeled litter,accept,0.534310,0.534310,0.465690,reject,True
images/reject_weak/taco_01309_Drink_can_1fbf2e1a.jpg,,reject_weak,reject,weak_reject_category,Drink can,Drink can|Pop tab,accept,0.677407,0.677407,0.322593,reject,False
images/accept_weak/taco_01310_Cigarette_51d88ee5.jpg,,accept_weak,accept,weak_accept_category,Cigarette,Glass bottle|Cigarette,accept,0.611511,0.611511,0.388489,reject,True
images/accept_weak/taco_01311_Cigarette_6b51af39.jpg,,accept_weak,accept,weak_accept_category,Cigarette,Clear plastic bottle|Plastic bottle cap|Cigarette,accept,0.652180,0.652180,0.347820,reject,True
images/reject_weak/taco_01312_Clear_plastic_bottle_6655df06.jpg,,reject_weak,reject,weak_reject_category,Clear plastic bottle,Clear plastic bottle|Plastic bottle cap|Unlabeled litter,accept,0.540353,0.540353,0.459647,reject,False
images/reject_weak/taco_01313_Plastic_bottle_cap_a425e9aa.jpg,,reject_weak,reject,weak_reject_category,Plastic bottle cap,Plastic bottle cap|Clear plastic bottle,reject,0.977948,0.022052,0.977948,reject,True
images/reject_weak/taco_01314_Drink_can_f5e69d5c.jpg,,reject_weak,reject,weak_reject_category,Drink can,Drink can|Clear plastic bottle|Unlabeled litter|Pop tab|Plastic bottle cap,reject,0.510128,0.489872,0.510128,reject,True
images/accept_weak/taco_01315_Cigarette_67834163.jpg,,accept_weak,accept,weak_accept_category,Cigarette,Drink can|Cigarette,accept,0.545048,0.545048,0.454952,reject,True
images/accept_weak/taco_01316_Cigarette_4c8bae89.jpg,,accept_weak,accept,weak_accept_category,Cigarette,Clear plastic bottle|Cigarette|Normal paper|Plastic bottle cap,accept,0.719046,0.719046,0.280954,reject,True
images/reject_weak/taco_01317_Drink_can_b1802b83.jpg,,reject_weak,reject,weak_reject_category,Drink can,Drink can,reject,0.529341,0.470659,0.529341,reject,True
images/reject_weak/taco_01318_Drink_can_0b57c4aa.jpg,,reject_weak,reject,weak_reject_category,Drink can,Drink can,reject,0.525222,0.474778,0.525222,reject,True
images/accept_weak/taco_01319_Cigarette_a28a64af.jpg,,accept_weak,accept,weak_accept_category,Cigarette,Cigarette|Disposable food container,reject,0.514223,0.485777,0.514223,reject,False
images/reject_weak/taco_01320_Glass_bottle_0098c19a.jpg,,reject_weak,reject,weak_reject_category,Glass bottle,Glass bottle|Drink can,accept,0.502520,0.502520,0.497480,reject,False
images/accept_weak/taco_01321_Cigarette_27235b45.jpg,,accept_weak,accept,weak_accept_category,Cigarette,Glass bottle|Broken glass|Cigarette,accept,0.593178,0.593178,0.406822,reject,True
images/reject_weak/taco_01322_Disposable_plastic_cup_81305679.jpg,,reject_weak,reject,weak_reject_category,Disposable plastic cup,Disposable plastic cup,reject,0.547012,0.452988,0.547012,reject,True
images/accept_weak/taco_01323_Single-use_carrier_bag_58eb90ee.jpg,,accept_weak,accept,weak_accept_category,Single-use carrier bag,Single-use carrier bag|Glass bottle|Other plastic wrapper|Scrap metal|Drink carton|Normal paper|Metal bottle cap|Unlabeled litter,accept,0.513711,0.513711,0.486289,reject,True
images/accept_weak/taco_01324_Cigarette_4becb66c.jpg,,accept_weak,accept,weak_accept_category,Cigarette,Plastic straw|Cigarette,accept,0.607478,0.607478,0.392522,reject,True
images/accept_weak/taco_01325_Cigarette_619d9828.jpg,,accept_weak,accept,weak_accept_category,Cigarette,Other carton|Cigarette|Disposable plastic cup,accept,0.627439,0.627439,0.372561,reject,True
images/accept_weak/taco_01326_Cigarette_73960edd.jpg,,accept_weak,accept,weak_accept_category,Cigarette,Unlabeled litter|Disposable plastic cup|Cigarette,accept,0.938659,0.938659,0.061341,accept,True
images/accept_weak/taco_01327_Cigarette_5e7f9cfe.jpg,,accept_weak,accept,weak_accept_category,Cigarette,Clear plastic bottle|Other plastic|Cigarette,accept,0.555866,0.555866,0.444134,reject,True
images/accept_weak/taco_01328_Cigarette_fce75be5.jpg,,accept_weak,accept,weak_accept_category,Cigarette,Clear plastic bottle|Plastic bottle cap|Cigarette|Tissues|Drink can|Pop tab|Unlabeled litter,reject,0.686216,0.313784,0.686216,reject,False
images/accept_weak/taco_01329_Cigarette_e192be6b.jpg,,accept_weak,accept,weak_accept_category,Cigarette,Metal bottle cap|Cigarette|Drink can|Pop tab|Other carton,accept,0.826429,0.826429,0.173571,accept,True
images/reject_weak/taco_01330_Clear_plastic_bottle_bb7be166.jpg,,reject_weak,reject,weak_reject_category,Clear plastic bottle,Clear plastic bottle|Plastic bottle cap,accept,0.595145,0.595145,0.404855,reject,False
images/accept_weak/taco_01331_Cigarette_aef034b1.jpg,,accept_weak,accept,weak_accept_category,Cigarette,Other plastic bottle|Plastic bottle cap|Cigarette,reject,0.672565,0.327435,0.672565,reject,False
images/reject_weak/taco_01332_Egg_carton_28c8cad3.jpg,,reject_weak,reject,weak_reject_category,Egg carton,Egg carton,accept,0.634062,0.634062,0.365938,reject,False
images/accept_weak/taco_01333_Cigarette_c9697a2e.jpg,,accept_weak,accept,weak_accept_category,Cigarette,Clear plastic bottle|Cigarette|Other plastic,accept,0.500692,0.500692,0.499308,reject,True
images/accept_weak/taco_01334_Cigarette_b3b02cc9.jpg,,accept_weak,accept,weak_accept_category,Cigarette,Drink can|Cigarette|Other plastic|Unlabeled litter,reject,0.536175,0.463825,0.536175,reject,False
images/reject_weak/taco_01335_Glass_bottle_e727f967.jpg,,reject_weak,reject,weak_reject_category,Glass bottle,Glass bottle|Metal bottle cap|Unlabeled litter,accept,0.885490,0.885490,0.114510,accept,False
images/reject_weak/taco_01336_Glass_bottle_ba06d8aa.jpg,,reject_weak,reject,weak_reject_category,Glass bottle,Glass bottle|Metal bottle cap|Plastic lid,accept,0.639234,0.639234,0.360766,reject,False
images/reject_weak/taco_01337_Glass_bottle_d69fd83f.jpg,,reject_weak,reject,weak_reject_category,Glass bottle,Glass bottle|Metal bottle cap,reject,0.586766,0.413234,0.586766,reject,True
images/reject_weak/taco_01338_Glass_bottle_b50c7ec8.jpg,,reject_weak,reject,weak_reject_category,Glass bottle,Glass bottle|Metal bottle cap,reject,0.652425,0.347575,0.652425,reject,True
images/reject_weak/taco_01339_Glass_bottle_b4277fc5.jpg,,reject_weak,reject,weak_reject_category,Glass bottle,Glass bottle,accept,0.705910,0.705910,0.294090,reject,False
images/reject_weak/taco_01340_Clear_plastic_bottle_ba006fb3.jpg,,reject_weak,reject,weak_reject_category,Clear plastic bottle,Clear plastic bottle|Plastic bottle cap|Glass bottle|Unlabeled litter,reject,0.594675,0.405325,0.594675,reject,True
images/reject_weak/taco_01341_Clear_plastic_bottle_f2028188.jpg,,reject_weak,reject,weak_reject_category,Clear plastic bottle,Clear plastic bottle,accept,0.735858,0.735858,0.264142,reject,False
images/accept_weak/taco_01342_Other_plastic_wrapper_628170a3.jpg,,accept_weak,accept,weak_accept_category,Other plastic wrapper,Clear plastic bottle|Other plastic wrapper|Unlabeled litter,accept,0.559214,0.559214,0.440786,reject,True
images/reject_weak/taco_01343_Clear_plastic_bottle_601adc2a.jpg,,reject_weak,reject,weak_reject_category,Clear plastic bottle,Clear plastic bottle,accept,0.643653,0.643653,0.356347,reject,False
images/accept_weak/taco_01344_Other_plastic_wrapper_b8da891b.jpg,,accept_weak,accept,weak_accept_category,Other plastic wrapper,Paper cup|Other carton|Other plastic wrapper|Cigarette|Unlabeled litter|Other plastic bottle,accept,0.568116,0.568116,0.431884,reject,True
images/reject_weak/taco_01345_Clear_plastic_bottle_bc3a3db6.jpg,,reject_weak,reject,weak_reject_category,Clear plastic bottle,Clear plastic bottle,accept,0.642942,0.642942,0.357058,reject,False
images/accept_weak/taco_01346_Styrofoam_piece_938a1e3c.jpg,,accept_weak,accept,weak_accept_category,Styrofoam piece,Styrofoam piece|Unlabeled litter,accept,0.593847,0.593847,0.406153,reject,True
images/reject_weak/taco_01347_Other_plastic_bottle_e3ce794f.jpg,,reject_weak,reject,weak_reject_category,Other plastic bottle,Other plastic bottle|Egg carton|Unlabeled litter,accept,0.651622,0.651622,0.348378,reject,False
images/reject_weak/taco_01348_Clear_plastic_bottle_a30dcffd.jpg,,reject_weak,reject,weak_reject_category,Clear plastic bottle,Clear plastic bottle|Plastic bottle cap,reject,0.527275,0.472725,0.527275,reject,True
images/accept_weak/taco_01349_Plastic_film_764bebc2.jpg,,accept_weak,accept,weak_accept_category,Plastic film,Plastic film,accept,0.524742,0.524742,0.475258,reject,True
images/reject_weak/taco_01350_Drink_carton_ca0df1ea.jpg,,reject_weak,reject,weak_reject_category,Drink carton,Drink carton,accept,0.603322,0.603322,0.396678,reject,False
images/accept_weak/taco_01351_Cigarette_a3b873b6.jpg,,accept_weak,accept,weak_accept_category,Cigarette,Unlabeled litter|Clear plastic bottle|Other carton|Cigarette|Other plastic bottle,accept,0.618283,0.618283,0.381717,reject,True
images/accept_weak/taco_01352_Cigarette_aa17223d.jpg,,accept_weak,accept,weak_accept_category,Cigarette,Cigarette|Unlabeled litter|Styrofoam piece,reject,0.514788,0.485212,0.514788,reject,False
images/accept_weak/taco_01353_Garbage_bag_4f468427.jpg,,accept_weak,accept,weak_accept_category,Garbage bag,Garbage bag|Clear plastic bottle|Cigarette|Other plastic|Unlabeled litter|Normal paper|Other plastic container|Broken glass,accept,0.550682,0.550682,0.449318,reject,True
images/accept_weak/taco_01354_Garbage_bag_a64bc265.jpg,,accept_weak,accept,weak_accept_category,Garbage bag,Garbage bag|Single-use carrier bag,accept,0.552833,0.552833,0.447167,reject,True
images/accept_weak/taco_01355_Single-use_carrier_bag_b0c54f19.jpg,,accept_weak,accept,weak_accept_category,Single-use carrier bag,Single-use carrier bag|Garbage bag|Unlabeled litter,reject,0.706005,0.293995,0.706005,reject,False
images/accept_weak/taco_01356_Plastic_film_8916e76f.jpg,,accept_weak,accept,weak_accept_category,Plastic film,Plastic film|Unlabeled litter,reject,0.543335,0.456665,0.543335,reject,False
images/reject_weak/taco_01357_Other_carton_340ded17.jpg,,reject_weak,reject,weak_reject_category,Other carton,Other carton|Unlabeled litter,reject,0.610429,0.389571,0.610429,reject,True
images/accept_weak/taco_01358_Other_plastic_wrapper_9abba80e.jpg,,accept_weak,accept,weak_accept_category,Other plastic wrapper,Other plastic wrapper|Cigarette,reject,0.518376,0.481624,0.518376,reject,False
images/accept_weak/taco_01359_Other_plastic_wrapper_1e85d72c.jpg,,accept_weak,accept,weak_accept_category,Other plastic wrapper,Food Can|Other plastic wrapper,accept,0.604030,0.604030,0.395970,reject,True
images/accept_weak/taco_01360_Plastic_film_710c3586.jpg,,accept_weak,accept,weak_accept_category,Plastic film,Plastic film,accept,0.658974,0.658974,0.341026,reject,True
images/accept_weak/taco_01361_Cigarette_da7e645a.jpg,,accept_weak,accept,weak_accept_category,Cigarette,Clear plastic bottle|Cigarette|Unlabeled litter,reject,0.504975,0.495025,0.504975,reject,False
images/reject_weak/taco_01364_Corrugated_carton_15c7931e.jpg,,reject_weak,reject,weak_reject_category,Corrugated carton,Corrugated carton|Other plastic,reject,0.968844,0.031156,0.968844,reject,True
images/accept_weak/taco_01365_Cigarette_83c92ef3.jpg,,accept_weak,accept,weak_accept_category,Cigarette,Broken glass|Unlabeled litter|Cigarette,accept,0.725387,0.725387,0.274613,reject,True
images/accept_weak/taco_01366_Plastic_film_fb29e80a.jpg,,accept_weak,accept,weak_accept_category,Plastic film,Drink can|Disposable plastic cup|Plastic film|Pop tab,accept,0.550680,0.550680,0.449320,reject,True
images/accept_weak/taco_01367_Plastic_film_bb81c460.jpg,,accept_weak,accept,weak_accept_category,Plastic film,Plastic film|Crisp packet,accept,0.619740,0.619740,0.380260,reject,True
images/accept_weak/taco_01368_Other_plastic_wrapper_28823cab.jpg,,accept_weak,accept,weak_accept_category,Other plastic wrapper,Other plastic wrapper,accept,0.600980,0.600980,0.399020,reject,True
images/accept_weak/taco_01369_Other_plastic_wrapper_00385e81.jpg,,accept_weak,accept,weak_accept_category,Other plastic wrapper,Clear plastic bottle|Plastic bottle cap|Other plastic wrapper,reject,0.501623,0.498377,0.501623,reject,False
images/reject_weak/taco_01371_Aluminium_foil_fc81f09e.jpg,,reject_weak,reject,weak_reject_category,Aluminium foil,Aluminium foil|Unlabeled litter,accept,0.555595,0.555595,0.444405,reject,False
images/reject_weak/taco_01372_Drink_can_495b4de5.jpg,,reject_weak,reject,weak_reject_category,Drink can,Drink can|Pop tab|Disposable plastic cup,reject,0.627068,0.372932,0.627068,reject,True
images/accept_weak/taco_01373_Cigarette_5f81e1bd.jpg,,accept_weak,accept,weak_accept_category,Cigarette,Paper cup|Plastic lid|Glass bottle|Cigarette|Disposable plastic cup|Plastic straw,reject,0.547870,0.452130,0.547870,reject,False
images/reject_weak/taco_01374_Drink_can_8e9260d7.jpg,,reject_weak,reject,weak_reject_category,Drink can,Drink can|Pop tab,reject,0.533592,0.466408,0.533592,reject,True
images/accept_weak/taco_01375_Plastic_film_197a0bb6.jpg,,accept_weak,accept,weak_accept_category,Plastic film,Plastic film|Other carton,accept,0.563673,0.563673,0.436327,reject,True
images/accept_weak/taco_01376_Cigarette_d6777648.jpg,,accept_weak,accept,weak_accept_category,Cigarette,Clear plastic bottle|Plastic bottle cap|Cigarette,accept,0.512377,0.512377,0.487623,reject,True
images/reject_weak/taco_01377_Other_carton_07fd3f16.jpg,,reject_weak,reject,weak_reject_category,Other carton,Other carton|Clear plastic bottle|Plastic bottle cap,reject,0.991523,0.008477,0.991523,reject,True
images/reject_weak/taco_01378_Other_carton_714d9bd2.jpg,,reject_weak,reject,weak_reject_category,Other carton,Other carton,accept,0.615615,0.615615,0.384385,reject,False
images/accept_weak/taco_01379_Cigarette_9b52702f.jpg,,accept_weak,accept,weak_accept_category,Cigarette,Unlabeled litter|Cigarette,accept,0.769360,0.769360,0.230640,accept,True
images/accept_weak/taco_01380_Cigarette_3feac1db.jpg,,accept_weak,accept,weak_accept_category,Cigarette,Cigarette|Other plastic cup,accept,0.710051,0.710051,0.289949,reject,True
images/reject_weak/taco_01381_Normal_paper_6269dfa8.jpg,,reject_weak,reject,weak_reject_category,Normal paper,Normal paper,reject,0.542021,0.457979,0.542021,reject,True
images/reject_weak/taco_01383_Drink_can_1e8bed9c.jpg,,reject_weak,reject,weak_reject_category,Drink can,Drink can|Other plastic bottle,reject,0.512428,0.487572,0.512428,reject,True
images/accept_weak/taco_01384_Cigarette_0f34cfd1.jpg,,accept_weak,accept,weak_accept_category,Cigarette,Normal paper|Cigarette|Unlabeled litter,reject,0.521206,0.478794,0.521206,reject,False
images/reject_weak/taco_01385_Clear_plastic_bottle_94bbe7e7.jpg,,reject_weak,reject,weak_reject_category,Clear plastic bottle,Clear plastic bottle|Plastic bottle cap,accept,0.531508,0.531508,0.468492,reject,False
images/accept_weak/taco_01386_Plastic_film_23421020.jpg,,accept_weak,accept,weak_accept_category,Plastic film,Plastic film,accept,0.502867,0.502867,0.497132,reject,True
images/reject_weak/taco_01387_Drink_can_9a2098f4.jpg,,reject_weak,reject,weak_reject_category,Drink can,Drink can,reject,0.629982,0.370018,0.629982,reject,True
images/reject_weak/taco_01388_Clear_plastic_bottle_7bc8ea2c.jpg,,reject_weak,reject,weak_reject_category,Clear plastic bottle,Clear plastic bottle|Drink can,reject,0.508752,0.491248,0.508752,reject,True
images/accept_weak/taco_01389_Disposable_food_container_4d36bb26.jpg,,accept_weak,accept,weak_accept_category,Disposable food container,Glass bottle|Disposable food container|Plastic film,reject,0.513092,0.486908,0.513092,reject,False
images/accept_weak/taco_01390_Cigarette_c881b8f2.jpg,,accept_weak,accept,weak_accept_category,Cigarette,Cigarette|Paper bag,accept,0.567007,0.567007,0.432993,reject,True
images/reject_weak/taco_01391_Aluminium_foil_dd9f79be.jpg,,reject_weak,reject,weak_reject_category,Aluminium foil,Aluminium foil|Other plastic,reject,0.545060,0.454940,0.545060,reject,True
images/accept_weak/taco_01392_Other_plastic_wrapper_7bde682e.jpg,,accept_weak,accept,weak_accept_category,Other plastic wrapper,Plastic lid|Other plastic wrapper,accept,0.669530,0.669530,0.330470,reject,True
images/reject_weak/taco_01393_Other_carton_88bec36d.jpg,,reject_weak,reject,weak_reject_category,Other carton,Other carton,accept,0.538092,0.538092,0.461908,reject,False
images/reject_weak/taco_01394_Normal_paper_fd819999.jpg,,reject_weak,reject,weak_reject_category,Normal paper,Unlabeled litter|Normal paper,accept,0.536272,0.536272,0.463728,reject,False
images/accept_weak/taco_01395_Cigarette_48e7a9b5.jpg,,accept_weak,accept,weak_accept_category,Cigarette,Drink can|Cigarette,accept,0.531968,0.531968,0.468031,reject,True
images/reject_weak/taco_01396_Other_carton_8f0b8bcc.jpg,,reject_weak,reject,weak_reject_category,Other carton,Other carton,reject,0.967616,0.032384,0.967616,reject,True
images/reject_weak/taco_01397_Drink_can_da110c51.jpg,,reject_weak,reject,weak_reject_category,Drink can,Drink can,accept,0.542520,0.542520,0.457480,reject,False
images/accept_weak/taco_01398_Plastic_film_06c99f3c.jpg,,accept_weak,accept,weak_accept_category,Plastic film,Plastic film|Cigarette,accept,0.521043,0.521043,0.478957,reject,True
images/accept_weak/taco_01399_Disposable_food_container_8536379c.jpg,,accept_weak,accept,weak_accept_category,Disposable food container,Disposable food container,accept,0.677160,0.677160,0.322840,reject,True
images/accept_weak/taco_01400_Tissues_e3971204.jpg,,accept_weak,accept,weak_accept_category,Tissues,Spread tub|Tissues|Plastic film,accept,0.570158,0.570158,0.429842,reject,True
images/accept_weak/taco_01401_Cigarette_a43ae6d1.jpg,,accept_weak,accept,weak_accept_category,Cigarette,Cigarette|Drink can,accept,0.729124,0.729124,0.270876,reject,True
images/accept_weak/taco_01402_Plastic_film_ff4da163.jpg,,accept_weak,accept,weak_accept_category,Plastic film,Plastic film|Other plastic wrapper,reject,0.515933,0.484067,0.515933,reject,False
images/accept_weak/taco_01403_Plastic_film_eff7ab6e.jpg,,accept_weak,accept,weak_accept_category,Plastic film,Plastic film|Unlabeled litter,accept,0.594967,0.594967,0.405033,reject,True
images/accept_weak/taco_01404_Cigarette_e0a71b66.jpg,,accept_weak,accept,weak_accept_category,Cigarette,Cigarette|Clear plastic bottle,accept,0.551864,0.551864,0.448135,reject,True
images/reject_weak/taco_01405_Clear_plastic_bottle_3befe7e7.jpg,,reject_weak,reject,weak_reject_category,Clear plastic bottle,Clear plastic bottle,reject,0.751543,0.248457,0.751543,reject,True
images/accept_weak/taco_01406_Plastic_film_fb9ef018.jpg,,accept_weak,accept,weak_accept_category,Plastic film,Plastic film|Unlabeled litter,accept,0.735055,0.735055,0.264945,reject,True
images/accept_weak/taco_01407_Disposable_food_container_0ea367cb.jpg,,accept_weak,accept,weak_accept_category,Disposable food container,Disposable food container|Other plastic wrapper,accept,0.589182,0.589182,0.410818,reject,True
images/accept_weak/taco_01408_Garbage_bag_b8e319ad.jpg,,accept_weak,accept,weak_accept_category,Garbage bag,Other plastic bottle|Plastic bottle cap|Garbage bag|Aluminium foil|Unlabeled litter|Clear plastic bottle|Disposable food container|Metal bottle cap|Plastic lid|Other plastic,accept,0.552066,0.552066,0.447934,reject,True
images/reject_weak/taco_01409_Drink_carton_ced61e98.jpg,,reject_weak,reject,weak_reject_category,Drink carton,Drink carton|Plastic straw,accept,0.574804,0.574804,0.425196,reject,False
images/accept_weak/taco_01410_Plastic_film_8da19c87.jpg,,accept_weak,accept,weak_accept_category,Plastic film,Unlabeled litter|Plastic film,accept,0.755964,0.755964,0.244036,reject,True
images/accept_weak/taco_01411_Plastic_film_71ef6bc4.jpg,,accept_weak,accept,weak_accept_category,Plastic film,Plastic film|Cigarette,accept,0.829102,0.829102,0.170898,accept,True
images/accept_weak/taco_01412_Plastic_film_ab267a4b.jpg,,accept_weak,accept,weak_accept_category,Plastic film,Plastic film,accept,0.920348,0.920348,0.079652,accept,True
images/accept_weak/taco_01413_Cigarette_0ba7843f.jpg,,accept_weak,accept,weak_accept_category,Cigarette,Unlabeled litter|Cigarette,accept,0.808797,0.808797,0.191203,accept,True
images/accept_weak/taco_01414_Other_plastic_wrapper_105e5a63.jpg,,accept_weak,accept,weak_accept_category,Other plastic wrapper,Other plastic wrapper|Other plastic,accept,0.750480,0.750480,0.249520,reject,True
images/accept_weak/taco_01415_Tissues_033ae0c9.jpg,,accept_weak,accept,weak_accept_category,Tissues,Tissues,accept,0.713028,0.713028,0.286972,reject,True
images/accept_weak/taco_01416_Single-use_carrier_bag_136dc2f2.jpg,,accept_weak,accept,weak_accept_category,Single-use carrier bag,Unlabeled litter|Single-use carrier bag,accept,0.849487,0.849487,0.150513,accept,True
images/accept_weak/taco_01417_Plastic_film_188f044b.jpg,,accept_weak,accept,weak_accept_category,Plastic film,Plastic film,accept,0.773953,0.773953,0.226047,accept,True
images/accept_weak/taco_01418_Plastic_film_b5756cb5.jpg,,accept_weak,accept,weak_accept_category,Plastic film,Plastic film,accept,0.906325,0.906325,0.093675,accept,True
images/reject_weak/taco_01419_Scrap_metal_75ce8043.jpg,,reject_weak,reject,weak_reject_category,Scrap metal,Scrap metal,accept,0.641713,0.641713,0.358287,reject,False
images/accept_weak/taco_01420_Single-use_carrier_bag_dbfc0089.jpg,,accept_weak,accept,weak_accept_category,Single-use carrier bag,Single-use carrier bag|Plastic film,accept,0.608776,0.608776,0.391224,reject,True
images/accept_weak/taco_01421_Plastic_film_16f2247a.jpg,,accept_weak,accept,weak_accept_category,Plastic film,Plastic film,accept,0.735460,0.735460,0.264540,reject,True
images/accept_weak/taco_01422_Plastic_film_e685e793.jpg,,accept_weak,accept,weak_accept_category,Plastic film,Plastic film|Cigarette|Other plastic,accept,0.638845,0.638845,0.361155,reject,True
images/accept_weak/taco_01423_Styrofoam_piece_f6ddfb2a.jpg,,accept_weak,accept,weak_accept_category,Styrofoam piece,Styrofoam piece|Other plastic|Plastic film,accept,0.754696,0.754696,0.245304,reject,True
images/accept_weak/taco_01424_Other_plastic_wrapper_62cf9ca1.jpg,,accept_weak,accept,weak_accept_category,Other plastic wrapper,Other plastic wrapper,accept,0.693792,0.693792,0.306208,reject,True
images/accept_weak/taco_01425_Other_plastic_wrapper_32a0bc3a.jpg,,accept_weak,accept,weak_accept_category,Other plastic wrapper,Other plastic wrapper|Plastic film,accept,0.591369,0.591369,0.408631,reject,True
images/accept_weak/taco_01426_Cigarette_90476815.jpg,,accept_weak,accept,weak_accept_category,Cigarette,Plastic bottle cap|Cigarette,accept,0.794584,0.794584,0.205416,accept,True
images/accept_weak/taco_01427_Tissues_2902f438.jpg,,accept_weak,accept,weak_accept_category,Tissues,Metal bottle cap|Tissues|Plastic film,accept,0.507398,0.507398,0.492602,reject,True
images/accept_weak/taco_01428_Cigarette_47eea54c.jpg,,accept_weak,accept,weak_accept_category,Cigarette,Cigarette|Plastic film|Styrofoam piece,accept,0.825810,0.825810,0.174190,accept,True
images/accept_weak/taco_01429_Cigarette_f81c5163.jpg,,accept_weak,accept,weak_accept_category,Cigarette,Cigarette|Other plastic|Unlabeled litter,accept,0.797023,0.797023,0.202977,accept,True
images/accept_weak/taco_01430_Plastic_film_8dee9686.jpg,,accept_weak,accept,weak_accept_category,Plastic film,Plastic film,reject,0.558863,0.441137,0.558863,reject,False
images/accept_weak/taco_01431_Plastic_film_08bd87c6.jpg,,accept_weak,accept,weak_accept_category,Plastic film,Plastic film|Unlabeled litter,accept,0.691308,0.691308,0.308692,reject,True
images/accept_weak/taco_01432_Plastic_film_da691e48.jpg,,accept_weak,accept,weak_accept_category,Plastic film,Plastic film,accept,0.749576,0.749576,0.250424,reject,True
images/accept_weak/taco_01434_Other_plastic_wrapper_4ea50dac.jpg,,accept_weak,accept,weak_accept_category,Other plastic wrapper,Other plastic wrapper,accept,0.882153,0.882153,0.117847,accept,True
images/accept_weak/taco_01435_Plastic_film_c6deb5c8.jpg,,accept_weak,accept,weak_accept_category,Plastic film,Plastic film|Cigarette,accept,0.713461,0.713461,0.286539,reject,True
images/accept_weak/taco_01436_Plastic_film_51c3169e.jpg,,accept_weak,accept,weak_accept_category,Plastic film,Plastic film,accept,0.758446,0.758446,0.241554,reject,True
images/reject_weak/taco_01437_Plastic_bottle_cap_7a1331b7.jpg,,reject_weak,reject,weak_reject_category,Plastic bottle cap,Plastic bottle cap,accept,0.698689,0.698689,0.301311,reject,False
images/accept_weak/taco_01438_Plastic_film_f777c930.jpg,,accept_weak,accept,weak_accept_category,Plastic film,Plastic film|Rope & strings,accept,0.825088,0.825088,0.174912,accept,True
images/accept_weak/taco_01439_Cigarette_e349ee61.jpg,,accept_weak,accept,weak_accept_category,Cigarette,Other plastic|Cigarette,accept,0.726501,0.726501,0.273499,reject,True
images/accept_weak/taco_01440_Cigarette_2219cfc6.jpg,,accept_weak,accept,weak_accept_category,Cigarette,Plastic straw|Cigarette,accept,0.716914,0.716914,0.283086,reject,True
images/accept_weak/taco_01441_Plastic_film_e43e4586.jpg,,accept_weak,accept,weak_accept_category,Plastic film,Plastic film,reject,0.524514,0.475486,0.524514,reject,False
images/accept_weak/taco_01442_Plastic_film_169c0d8f.jpg,,accept_weak,accept,weak_accept_category,Plastic film,Plastic film,reject,0.519944,0.480056,0.519944,reject,False
images/accept_weak/taco_01443_Plastic_film_fc017873.jpg,,accept_weak,accept,weak_accept_category,Plastic film,Plastic film,accept,0.571528,0.571528,0.428472,reject,True
images/accept_weak/taco_01444_Plastic_film_0368cdfd.jpg,,accept_weak,accept,weak_accept_category,Plastic film,Plastic film,accept,0.591014,0.591014,0.408986,reject,True
images/accept_weak/taco_01445_Plastic_film_5716225c.jpg,,accept_weak,accept,weak_accept_category,Plastic film,Plastic film,accept,0.864221,0.864221,0.135779,accept,True
images/accept_weak/taco_01446_Plastic_film_00acdc05.jpg,,accept_weak,accept,weak_accept_category,Plastic film,Plastic film,accept,0.763107,0.763107,0.236893,accept,True
images/accept_weak/taco_01447_Plastic_film_f00beffe.jpg,,accept_weak,accept,weak_accept_category,Plastic film,Plastic film,reject,0.524308,0.475692,0.524308,reject,False
images/reject_weak/taco_01448_Other_plastic_8e7eb15b.jpg,,reject_weak,reject,weak_reject_category,Other plastic,Other plastic|Plastic straw,accept,0.737724,0.737724,0.262276,reject,False
images/reject_weak/taco_01450_Corrugated_carton_011769eb.jpg,,reject_weak,reject,weak_reject_category,Corrugated carton,Corrugated carton|Unlabeled litter,reject,0.529344,0.470656,0.529344,reject,True
images/accept_weak/taco_01451_Cigarette_a4c570ac.jpg,,accept_weak,accept,weak_accept_category,Cigarette,Unlabeled litter|Glass bottle|Cigarette,accept,0.693117,0.693117,0.306883,reject,True
images/accept_weak/taco_01452_Cigarette_9d16c5af.jpg,,accept_weak,accept,weak_accept_category,Cigarette,Wrapping paper|Cigarette,accept,0.622459,0.622459,0.377541,reject,True
images/accept_weak/taco_01453_Cigarette_9e342c2c.jpg,,accept_weak,accept,weak_accept_category,Cigarette,Drink carton|Plastic straw|Cigarette|Plastic film|Unlabeled litter,accept,0.588438,0.588438,0.411562,reject,True
images/accept_weak/taco_01454_Cigarette_925d13c7.jpg,,accept_weak,accept,weak_accept_category,Cigarette,Pop tab|Metal bottle cap|Cigarette|Unlabeled litter,accept,0.669271,0.669271,0.330729,reject,True
images/accept_weak/taco_01455_Tissues_c1330d32.jpg,,accept_weak,accept,weak_accept_category,Tissues,Disposable plastic cup|Tissues,accept,0.662815,0.662815,0.337185,reject,True
images/accept_weak/taco_01456_Tissues_64fb220c.jpg,,accept_weak,accept,weak_accept_category,Tissues,Tissues|Other plastic wrapper|Other plastic|Unlabeled litter,reject,0.534719,0.465281,0.534719,reject,False
images/accept_weak/taco_01457_Plastic_film_01f1c4f2.jpg,,accept_weak,accept,weak_accept_category,Plastic film,Plastic film|Unlabeled litter,accept,0.604804,0.604804,0.395197,reject,True
images/accept_weak/taco_01458_Plastic_film_284a6aef.jpg,,accept_weak,accept,weak_accept_category,Plastic film,Plastic film|Unlabeled litter,accept,0.553055,0.553055,0.446945,reject,True
images/accept_weak/taco_01459_Plastic_film_f5f8b142.jpg,,accept_weak,accept,weak_accept_category,Plastic film,Plastic film|Unlabeled litter,accept,0.922863,0.922863,0.077137,accept,True
images/accept_weak/taco_01460_Other_plastic_wrapper_36dc64b3.jpg,,accept_weak,accept,weak_accept_category,Other plastic wrapper,Other plastic wrapper|Plastic film|Unlabeled litter,accept,0.507080,0.507080,0.492920,reject,True
images/accept_weak/taco_01461_Other_plastic_wrapper_84b93123.jpg,,accept_weak,accept,weak_accept_category,Other plastic wrapper,Other plastic wrapper|Cigarette|Tissues|Unlabeled litter,reject,0.719773,0.280227,0.719773,reject,False
images/accept_weak/taco_01462_Plastic_film_647e46ca.jpg,,accept_weak,accept,weak_accept_category,Plastic film,Meal carton|Plastic film,accept,0.546870,0.546870,0.453130,reject,True
images/accept_weak/taco_01463_Plastic_film_c05ca83e.jpg,,accept_weak,accept,weak_accept_category,Plastic film,Plastic film|Other carton,accept,0.641277,0.641277,0.358723,reject,True
images/reject_weak/taco_01464_Drink_can_f5942254.jpg,,reject_weak,reject,weak_reject_category,Drink can,Drink can|Disposable plastic cup,accept,0.531758,0.531758,0.468242,reject,False
images/accept_weak/taco_01465_Cigarette_2cc5c253.jpg,,accept_weak,accept,weak_accept_category,Cigarette,Cigarette|Normal paper|Disposable plastic cup,accept,0.651270,0.651270,0.348730,reject,True
images/accept_weak/taco_01466_Cigarette_127616e4.jpg,,accept_weak,accept,weak_accept_category,Cigarette,Cigarette|Disposable plastic cup,accept,0.588217,0.588217,0.411783,reject,True
images/reject_weak/taco_01467_Clear_plastic_bottle_9f68100d.jpg,,reject_weak,reject,weak_reject_category,Clear plastic bottle,Clear plastic bottle|Plastic bottle cap|Normal paper|Rope & strings,accept,0.500755,0.500755,0.499245,reject,False
images/accept_weak/taco_01468_Other_plastic_wrapper_0c93a8eb.jpg,,accept_weak,accept,weak_accept_category,Other plastic wrapper,Other plastic wrapper,accept,0.550768,0.550768,0.449232,reject,True
images/reject_weak/taco_01469_Plastic_lid_c1198613.jpg,,reject_weak,reject,weak_reject_category,Plastic lid,Plastic lid|Clear plastic bottle,reject,0.733487,0.266513,0.733487,reject,True
images/accept_weak/taco_01470_Plastic_film_6c204adb.jpg,,accept_weak,accept,weak_accept_category,Plastic film,Unlabeled litter|Clear plastic bottle|Plastic bottle cap|Plastic lid|Plastic film,accept,0.519351,0.519351,0.480649,reject,True
images/accept_weak/taco_01471_Single-use_carrier_bag_120e5ac5.jpg,,accept_weak,accept,weak_accept_category,Single-use carrier bag,Single-use carrier bag|Clear plastic bottle|Plastic film,accept,0.596363,0.596363,0.403637,reject,True
images/reject_weak/taco_01472_Other_plastic_1f43308e.jpg,,reject_weak,reject,weak_reject_category,Other plastic,Other plastic|Unlabeled litter,accept,0.590466,0.590466,0.409534,reject,False
images/accept_weak/taco_01473_Plastic_film_cb044e60.jpg,,accept_weak,accept,weak_accept_category,Plastic film,Plastic film|Corrugated carton,accept,0.619245,0.619245,0.380755,reject,True
images/reject_weak/taco_01474_Glass_bottle_13000f3d.jpg,,reject_weak,reject,weak_reject_category,Glass bottle,Glass bottle|Clear plastic bottle|Unlabeled litter,accept,0.632132,0.632132,0.367868,reject,False
images/accept_weak/taco_01475_Other_plastic_wrapper_b268017c.jpg,,accept_weak,accept,weak_accept_category,Other plastic wrapper,Clear plastic bottle|Glass bottle|Other plastic wrapper,accept,0.606694,0.606694,0.393306,reject,True
images/accept_weak/taco_01476_Tissues_deef4ff7.jpg,,accept_weak,accept,weak_accept_category,Tissues,Glass bottle|Tissues,accept,0.590432,0.590432,0.409568,reject,True
images/reject_weak/taco_01477_Plastic_bottle_cap_5c9d43e2.jpg,,reject_weak,reject,weak_reject_category,Plastic bottle cap,Plastic bottle cap,accept,0.532367,0.532367,0.467633,reject,False
images/accept_weak/taco_01478_Single-use_carrier_bag_07f68bad.jpg,,accept_weak,accept,weak_accept_category,Single-use carrier bag,Single-use carrier bag|Cigarette,accept,0.650883,0.650883,0.349117,reject,True
images/reject_weak/taco_01479_Plastic_bottle_cap_281536c1.jpg,,reject_weak,reject,weak_reject_category,Plastic bottle cap,Plastic bottle cap|Clear plastic bottle,accept,0.550523,0.550523,0.449477,reject,False
images/accept_weak/taco_01480_Cigarette_f848045a.jpg,,accept_weak,accept,weak_accept_category,Cigarette,Aluminium foil|Cigarette|Plastic film|Metal bottle cap|Unlabeled litter,accept,0.595377,0.595377,0.404623,reject,True
images/accept_weak/taco_01481_Other_plastic_wrapper_a7a8ae5d.jpg,,accept_weak,accept,weak_accept_category,Other plastic wrapper,Other plastic|Other plastic wrapper,accept,0.591938,0.591938,0.408062,reject,True
images/accept_weak/taco_01482_Other_plastic_wrapper_9c6ebd38.jpg,,accept_weak,accept,weak_accept_category,Other plastic wrapper,Other plastic wrapper,accept,0.584798,0.584798,0.415202,reject,True
images/reject_weak/taco_01483_Drink_can_00b086c7.jpg,,reject_weak,reject,weak_reject_category,Drink can,Drink can,reject,0.659574,0.340426,0.659574,reject,True
images/accept_weak/taco_01484_Styrofoam_piece_e0145018.jpg,,accept_weak,accept,weak_accept_category,Styrofoam piece,Clear plastic bottle|Plastic bottle cap|Other carton|Unlabeled litter|Scrap metal|Styrofoam piece|Aluminium foil,accept,0.589674,0.589674,0.410327,reject,True
images/accept_weak/taco_01485_Cigarette_81b2987a.jpg,,accept_weak,accept,weak_accept_category,Cigarette,Cigarette|Other carton,reject,0.523440,0.476560,0.523440,reject,False
images/accept_weak/taco_01486_Other_plastic_wrapper_4f8a045f.jpg,,accept_weak,accept,weak_accept_category,Other plastic wrapper,Other carton|Other plastic wrapper|Cigarette,accept,0.793728,0.793728,0.206272,accept,True
images/accept_weak/taco_01487_Tissues_fa1dbc6d.jpg,,accept_weak,accept,weak_accept_category,Tissues,Other plastic|Aluminium foil|Tissues,reject,0.674010,0.325990,0.674010,reject,False
images/accept_weak/taco_01488_Tissues_724e192e.jpg,,accept_weak,accept,weak_accept_category,Tissues,Corrugated carton|Normal paper|Tissues|Unlabeled litter|Plastic lid|Cigarette|Metal bottle cap,accept,0.659263,0.659263,0.340737,reject,True
images/reject_weak/taco_01489_Other_plastic_bottle_59964307.jpg,,reject_weak,reject,weak_reject_category,Other plastic bottle,Other plastic bottle|Unlabeled litter,accept,0.563124,0.563124,0.436876,reject,False
images/accept_weak/taco_01490_Plastic_film_fd29d235.jpg,,accept_weak,accept,weak_accept_category,Plastic film,Drink can|Plastic film|Unlabeled litter|Clear plastic bottle|Plastic bottle cap,accept,0.572574,0.572574,0.427426,reject,True
images/reject_weak/taco_01491_Clear_plastic_bottle_fd752c93.jpg,,reject_weak,reject,weak_reject_category,Clear plastic bottle,Clear plastic bottle,accept,0.607302,0.607302,0.392698,reject,False
images/reject_weak/taco_01492_Clear_plastic_bottle_c329b046.jpg,,reject_weak,reject,weak_reject_category,Clear plastic bottle,Clear plastic bottle,accept,0.535517,0.535517,0.464484,reject,False
images/reject_weak/taco_01493_Glass_bottle_f6910640.jpg,,reject_weak,reject,weak_reject_category,Glass bottle,Glass bottle|Other plastic bottle|Plastic bottle cap,accept,0.588408,0.588408,0.411592,reject,False
images/accept_weak/taco_01494_Plastic_film_7dc93b08.jpg,,accept_weak,accept,weak_accept_category,Plastic film,Clear plastic bottle|Plastic film|Glass bottle,accept,0.550740,0.550740,0.449260,reject,True
images/accept_weak/taco_01495_Other_plastic_wrapper_ea08fda9.jpg,,accept_weak,accept,weak_accept_category,Other plastic wrapper,Drink carton|Plastic straw|Unlabeled litter|Other plastic wrapper,reject,0.676727,0.323273,0.676727,reject,False
images/reject_weak/taco_01496_Plastic_straw_8c4b5d9b.jpg,,reject_weak,reject,weak_reject_category,Plastic straw,Plastic straw,accept,0.721167,0.721167,0.278833,reject,False
images/reject_weak/taco_01497_Glass_bottle_a19d3e3d.jpg,,reject_weak,reject,weak_reject_category,Glass bottle,Glass bottle|Metal bottle cap,accept,0.518554,0.518554,0.481446,reject,False
images/reject_weak/taco_01498_Drink_carton_e979ce6c.jpg,,reject_weak,reject,weak_reject_category,Drink carton,Drink carton|Plastic bottle cap,reject,0.818815,0.181185,0.818815,reject,True
images/accept_weak/taco_01499_Other_plastic_wrapper_75de91f1.jpg,,accept_weak,accept,weak_accept_category,Other plastic wrapper,Other plastic wrapper|Other carton|Glass bottle,accept,0.588179,0.588179,0.411822,reject,True
